profile_id,profile,sample_index,source_count,source_distances_m,radius_m,target_speakers,crossed_speaker_count_vs_prev,crossed_source_distances_m,target_set_unchanged_vs_prev,input_rms,input_rms_db,output_rms,output_rms_db,output_level_db_vs_input,delta_output_rms_db_vs_prev,adjacent_l1_vs_input,input_path,output_path
0,none,0,0,none,0.0,0,,,,0.0499999985,-26.020600,4.17169289e-06,-107.593751,-81.573151,,,profile_00_none/mix_01_input.wav,profile_00_none/mix_01_q0m.wav
0,none,0,0,none,0.1,0,0,,true,0.0499999985,-26.020600,2.77649766e-06,-111.130051,-85.109450,-3.536299,5.19383791e-05,profile_00_none/mix_01_input.wav,profile_00_none/mix_01_q0.1m.wav
0,none,0,0,none,0.2,0,0,,true,0.0499999985,-26.020600,3.99359542e-06,-107.972717,-81.952116,3.157334,4.81742396e-05,profile_00_none/mix_01_input.wav,profile_00_none/mix_01_q0.2m.wav
0,none,0,0,none,0.3,0,0,,true,0.0499999985,-26.020600,4.69891681e-06,-106.560043,-80.539443,1.412673,6.01832853e-05,profile_00_none/mix_01_input.wav,profile_00_none/mix_01_q0.3m.wav
0,none,0,0,none,0.4,0,0,,true,0.0499999985,-26.020600,4.43927431e-06,-107.053758,-81.033158,-0.493715,5.67337492e-05,profile_00_none/mix_01_input.wav,profile_00_none/mix_01_q0.4m.wav
0,none,0,0,none,0.5,0,0,,true,0.0499999985,-26.020600,4.60347693e-06,-106.738279,-80.717679,0.315480,3.43033445e-05,profile_00_none/mix_01_input.wav,profile_00_none/mix_01_q0.5m.wav
0,none,0,0,none,0.6,0,0,,true,0.0499999985,-26.020600,4.5205102e-06,-106.896249,-80.875649,-0.157970,3.14795316e-05,profile_00_none/mix_01_input.wav,profile_00_none/mix_01_q0.6m.wav
0,none,0,0,none,0.7,0,0,,true,0.0499999985,-26.020600,4.63671145e-06,-106.675797,-80.655197,0.220452,3.06119464e-05,profile_00_none/mix_01_input.wav,profile_00_none/mix_01_q0.7m.wav
0,none,0,0,none,0.8,0,0,,true,0.0499999985,-26.020600,4.64342575e-06,-106.663228,-80.642628,0.012569,2.9898225e-05,profile_00_none/mix_01_input.wav,profile_00_none/mix_01_q0.8m.wav
0,none,0,0,none,0.9,0,0,,true,0.0499999985,-26.020600,4.64122685e-06,-106.667342,-80.646742,-0.004114,2.95990262e-05,profile_00_none/mix_01_input.wav,profile_00_none/mix_01_q0.9m.wav
0,none,0,0,none,1.0,0,0,,true,0.0499999985,-26.020600,4.5743449e-06,-106.793420,-80.772820,-0.126078,2.92281752e-05,profile_00_none/mix_01_input.wav,profile_00_none/mix_01_q1m.wav
0,none,0,0,none,1.1,0,0,,true,0.0499999985,-26.020600,4.55728963e-06,-106.825865,-80.805265,-0.032446,2.89735826e-05,profile_00_none/mix_01_input.wav,profile_00_none/mix_01_q1.1m.wav
0,none,0,0,none,1.2,0,0,,true,0.0499999985,-26.020600,4.54390487e-06,-106.851413,-80.830813,-0.025548,2.86326153e-05,profile_00_none/mix_01_input.wav,profile_00_none/mix_01_q1.2m.wav
0,none,0,0,none,1.3,0,0,,true,0.0499999985,-26.020600,4.55468339e-06,-106.830834,-80.810234,0.020579,2.82806227e-05,profile_00_none/mix_01_input.wav,profile_00_none/mix_01_q1.3m.wav
0,none,0,0,none,1.4,0,0,,true,0.0499999985,-26.020600,4.55930833e-06,-106.822019,-80.801419,0.008815,2.79239438e-05,profile_00_none/mix_01_input.wav,profile_00_none/mix_01_q1.4m.wav
0,none,0,0,none,1.5,0,0,,true,0.0499999985,-26.020600,4.56082623e-06,-106.819128,-80.798527,0.002891,2.79409082e-05,profile_00_none/mix_01_input.wav,profile_00_none/mix_01_q1.5m.wav
0,none,0,0,none,1.6,0,0,,true,0.0499999985,-26.020600,4.58644509e-06,-106.770474,-80.749874,0.048653,2.76213777e-05,profile_00_none/mix_01_input.wav,profile_00_none/mix_01_q1.6m.wav
0,none,0,0,none,1.7,0,0,,true,0.0499999985,-26.020600,4.59758184e-06,-106.749409,-80.728809,0.021065,2.76511545e-05,profile_00_none/mix_01_input.wav,profile_00_none/mix_01_q1.7m.wav
0,none,0,0,none,1.8,0,0,,true,0.0499999985,-26.020600,4.62313795e-06,-106.701261,-80.680661,0.048148,2.7448535e-05,profile_00_none/mix_01_input.wav,profile_00_none/mix_01_q1.8m.wav
0,none,0,0,none,1.9,0,0,,true,0.0499999985,-26.020600,4.67467202e-06,-106.604975,-80.584375,0.096286,2.75908209e-05,profile_00_none/mix_01_input.wav,profile_00_none/mix_01_q1.9m.wav
0,none,0,0,none,2.0,0,0,,true,0.0499999985,-26.020600,4.67992533e-06,-106.595220,-80.574619,0.009756,2.80431991e-05,profile_00_none/mix_01_input.wav,profile_00_none/mix_01_q2m.wav
0,none,0,0,none,2.1,0,0,,true,0.0499999985,-26.020600,4.7825217e-06,-106.406859,-80.386259,0.188360,2.78715501e-05,profile_00_none/mix_01_input.wav,profile_00_none/mix_01_q2.1m.wav
0,none,0,0,none,2.2,0,0,,true,0.0499999985,-26.020600,4.91814054e-06,-106.163980,-80.143379,0.242880,2.84252369e-05,profile_00_none/mix_01_input.wav,profile_00_none/mix_01_q2.2m.wav
0,none,0,0,none,2.3,0,0,,true,0.0499999985,-26.020600,5.14842455e-06,-105.766511,-79.745911,0.397468,2.87857105e-05,profile_00_none/mix_01_input.wav,profile_00_none/mix_01_q2.3m.wav
0,none,0,0,none,2.4,0,0,,true,0.0499999985,-26.020600,5.49528012e-06,-105.200202,-79.179602,0.566310,2.94435208e-05,profile_00_none/mix_01_input.wav,profile_00_none/mix_01_q2.4m.wav
0,none,0,0,none,2.5,0,0,,true,0.0499999985,-26.020600,5.95190215e-06,-104.506883,-78.486283,0.693319,2.97642428e-05,profile_00_none/mix_01_input.wav,profile_00_none/mix_01_q2.5m.wav
0,none,0,0,none,2.6,0,0,,true,0.0499999985,-26.020600,6.48770217e-06,-103.758181,-77.737580,0.748702,2.98450377e-05,profile_00_none/mix_01_input.wav,profile_00_none/mix_01_q2.6m.wav
0,none,0,0,none,2.7,0,0,,true,0.0499999985,-26.020600,7.12121621e-06,-102.948915,-76.928315,0.809265,2.99837288e-05,profile_00_none/mix_01_input.wav,profile_00_none/mix_01_q2.7m.wav
0,none,0,0,none,2.8,0,0,,true,0.0499999985,-26.020600,7.7675494e-06,-102.194318,-76.173718,0.754597,2.98580912e-05,profile_00_none/mix_01_input.wav,profile_00_none/mix_01_q2.8m.wav
0,none,0,0,none,2.9,0,0,,true,0.0499999985,-26.020600,8.36489744e-06,-101.550787,-75.530186,0.643532,2.94477727e-05,profile_00_none/mix_01_input.wav,profile_00_none/mix_01_q2.9m.wav
0,none,0,0,none,3.0,0,0,,true,0.0499999985,-26.020600,8.82570427e-06,-101.085012,-75.064411,0.465775,2.8993421e-05,profile_00_none/mix_01_input.wav,profile_00_none/mix_01_q3m.wav
0,none,0,0,none,3.1,0,0,,true,0.0499999985,-26.020600,9.15563744e-06,-100.766227,-74.745627,0.318784,2.84172606e-05,profile_00_none/mix_01_input.wav,profile_00_none/mix_01_q3.1m.wav
0,none,0,0,none,3.2,0,0,,true,0.0499999985,-26.020600,9.35247872e-06,-100.581464,-74.560864,0.184763,2.81490483e-05,profile_00_none/mix_01_input.wav,profile_00_none/mix_01_q3.2m.wav
0,none,0,0,none,3.3,0,0,,true,0.0499999985,-26.020600,9.3918934e-06,-100.544936,-74.524336,0.036529,2.80472736e-05,profile_00_none/mix_01_input.wav,profile_00_none/mix_01_q3.3m.wav
0,none,0,0,none,3.4,0,0,,true,0.0499999985,-26.020600,9.18402565e-06,-100.739337,-74.718737,-0.194401,2.91398633e-05,profile_00_none/mix_01_input.wav,profile_00_none/mix_01_q3.4m.wav
0,none,0,0,none,3.5,0,0,,true,0.0499999985,-26.020600,8.70817179e-06,-101.201459,-75.180859,-0.462122,3.17445197e-05,profile_00_none/mix_01_input.wav,profile_00_none/mix_01_q3.5m.wav
0,none,0,0,none,3.6,0,0,,true,0.0499999985,-26.020600,7.97817998e-06,-101.961922,-75.941322,-0.760463,3.37326093e-05,profile_00_none/mix_01_input.wav,profile_00_none/mix_01_q3.6m.wav
0,none,0,0,none,3.7,0,0,,true,0.0499999985,-26.020600,7.11030795e-06,-102.962231,-76.941630,-1.000308,3.46761259e-05,profile_00_none/mix_01_input.wav,profile_00_none/mix_01_q3.7m.wav
0,none,0,0,none,3.8,0,0,,true,0.0499999985,-26.020600,6.39053129e-06,-103.889259,-77.868659,-0.927029,3.45024511e-05,profile_00_none/mix_01_input.wav,profile_00_none/mix_01_q3.8m.wav
0,none,0,0,none,3.9,0,0,,true,0.0499999985,-26.020600,5.97100405e-06,-104.479051,-78.458451,-0.589792,3.38445249e-05,profile_00_none/mix_01_input.wav,profile_00_none/mix_01_q3.9m.wav
0,none,0,0,none,4.0,0,0,,true,0.0499999985,-26.020600,5.90291302e-06,-104.578671,-78.558071,-0.099620,3.24430594e-05,profile_00_none/mix_01_input.wav,profile_00_none/mix_01_q4m.wav
1,0,1,1,0.301680,0.0,0,,,,0.014280094,-36.905379,3.66495271e-06,-108.718630,-71.813251,,,profile_01_0/mix_01_input.wav,profile_01_0/mix_01_q0m.wav
1,0,1,1,0.301680,0.1,0,0,,true,0.014280094,-36.905379,2.673825e-06,-111.457337,-74.551959,-2.738707,9.77422836e-05,profile_01_0/mix_01_input.wav,profile_01_0/mix_01_q0.1m.wav
1,0,1,1,0.301680,0.2,0,0,,true,0.014280094,-36.905379,3.24528564e-06,-109.774939,-72.869560,1.682398,9.19223361e-05,profile_01_0/mix_01_input.wav,profile_01_0/mix_01_q0.2m.wav
1,0,1,1,0.301680,0.3,0,0,,true,0.014280094,-36.905379,0.000720455067,-62.847862,-25.942483,46.927077,0.00770361242,profile_01_0/mix_01_input.wav,profile_01_0/mix_01_q0.3m.wav
1,0,1,1,0.301680,0.4,1,1,0.301680,false,0.014280094,-36.905379,0.0139924968,-37.082096,-0.176717,25.765766,0.566856969,profile_01_0/mix_01_input.wav,profile_01_0/mix_01_q0.4m.wav
1,0,1,1,0.301680,0.5,1,0,,true,0.014280094,-36.905379,0.0141796505,-36.966689,-0.061311,0.115406,0.0191662482,profile_01_0/mix_01_input.wav,profile_01_0/mix_01_q0.5m.wav
1,0,1,1,0.301680,0.6,1,0,,true,0.014280094,-36.905379,0.014245149,-36.926660,-0.021281,0.040029,0.00840765553,profile_01_0/mix_01_input.wav,profile_01_0/mix_01_q0.6m.wav
1,0,1,1,0.301680,0.7,1,0,,true,0.014280094,-36.905379,0.0142793272,-36.905845,-0.000466,0.020815,0.00570764697,profile_01_0/mix_01_input.wav,profile_01_0/mix_01_q0.7m.wav
1,0,1,1,0.301680,0.8,1,0,,true,0.014280094,-36.905379,0.0142948948,-36.896381,0.008998,0.009464,0.00383506703,profile_01_0/mix_01_input.wav,profile_01_0/mix_01_q0.8m.wav
1,0,1,1,0.301680,0.9,1,0,,true,0.014280094,-36.905379,0.0143050328,-36.890223,0.015156,0.006158,0.00254838406,profile_01_0/mix_01_input.wav,profile_01_0/mix_01_q0.9m.wav
1,0,1,1,0.301680,1.0,1,0,,true,0.014280094,-36.905379,0.0143126371,-36.885607,0.019772,0.004616,0.00204503339,profile_01_0/mix_01_input.wav,profile_01_0/mix_01_q1m.wav
1,0,1,1,0.301680,1.1,1,0,,true,0.014280094,-36.905379,0.0143183623,-36.882133,0.023246,0.003474,0.00147545194,profile_01_0/mix_01_input.wav,profile_01_0/mix_01_q1.1m.wav
1,0,1,1,0.301680,1.2,1,0,,true,0.014280094,-36.905379,0.0143227932,-36.879446,0.025933,0.002687,0.00116183094,profile_01_0/mix_01_input.wav,profile_01_0/mix_01_q1.2m.wav
1,0,1,1,0.301680,1.3,1,0,,true,0.014280094,-36.905379,0.0143259286,-36.877544,0.027834,0.001901,0.000945470135,profile_01_0/mix_01_input.wav,profile_01_0/mix_01_q1.3m.wav
1,0,1,1,0.301680,1.4,1,0,,true,0.014280094,-36.905379,0.0143285621,-36.875948,0.029431,0.001597,0.000805149911,profile_01_0/mix_01_input.wav,profile_01_0/mix_01_q1.4m.wav
1,0,1,1,0.301680,1.5,1,0,,true,0.014280094,-36.905379,0.0143309462,-36.874503,0.030876,0.001445,0.00073125994,profile_01_0/mix_01_input.wav,profile_01_0/mix_01_q1.5m.wav
1,0,1,1,0.301680,1.6,1,0,,true,0.014280094,-36.905379,0.0143332461,-36.873109,0.032270,0.001394,0.000671112484,profile_01_0/mix_01_input.wav,profile_01_0/mix_01_q1.6m.wav
1,0,1,1,0.301680,1.7,1,0,,true,0.014280094,-36.905379,0.0143350611,-36.872009,0.033370,0.001100,0.000614359943,profile_01_0/mix_01_input.wav,profile_01_0/mix_01_q1.7m.wav
1,0,1,1,0.301680,1.8,1,0,,true,0.014280094,-36.905379,0.0143365566,-36.871103,0.034276,0.000906,0.00058611707,profile_01_0/mix_01_input.wav,profile_01_0/mix_01_q1.8m.wav
1,0,1,1,0.301680,1.9,1,0,,true,0.014280094,-36.905379,0.0143380097,-36.870223,0.035156,0.000880,0.000561120779,profile_01_0/mix_01_input.wav,profile_01_0/mix_01_q1.9m.wav
1,0,1,1,0.301680,2.0,1,0,,true,0.014280094,-36.905379,0.0143393087,-36.869436,0.035943,0.000787,0.000539397756,profile_01_0/mix_01_input.wav,profile_01_0/mix_01_q2m.wav
1,0,1,1,0.301680,2.1,1,0,,true,0.014280094,-36.905379,0.014340579,-36.868666,0.036712,0.000769,0.000520854185,profile_01_0/mix_01_input.wav,profile_01_0/mix_01_q2.1m.wav
1,0,1,1,0.301680,2.2,1,0,,true,0.014280094,-36.905379,0.0143412281,-36.868273,0.037106,0.000393,0.000511936387,profile_01_0/mix_01_input.wav,profile_01_0/mix_01_q2.2m.wav
1,0,1,1,0.301680,2.3,1,0,,true,0.014280094,-36.905379,0.0143417225,-36.867974,0.037405,0.000299,0.000500254393,profile_01_0/mix_01_input.wav,profile_01_0/mix_01_q2.3m.wav
1,0,1,1,0.301680,2.4,1,0,,true,0.014280094,-36.905379,0.0143420698,-36.867763,0.037615,0.000210,0.000509583882,profile_01_0/mix_01_input.wav,profile_01_0/mix_01_q2.4m.wav
1,0,1,1,0.301680,2.5,1,0,,true,0.014280094,-36.905379,0.0143423926,-36.867568,0.037811,0.000195,0.000491630492,profile_01_0/mix_01_input.wav,profile_01_0/mix_01_q2.5m.wav
1,0,1,1,0.301680,2.6,1,0,,true,0.014280094,-36.905379,0.0143425928,-36.867447,0.037932,0.000121,0.00047587481,profile_01_0/mix_01_input.wav,profile_01_0/mix_01_q2.6m.wav
1,0,1,1,0.301680,2.7,1,0,,true,0.014280094,-36.905379,0.0143429477,-36.867232,0.038147,0.000215,0.000431986725,profile_01_0/mix_01_input.wav,profile_01_0/mix_01_q2.7m.wav
1,0,1,1,0.301680,2.8,1,0,,true,0.014280094,-36.905379,0.0143432207,-36.867066,0.038312,0.000165,0.000390994515,profile_01_0/mix_01_input.wav,profile_01_0/mix_01_q2.8m.wav
1,0,1,1,0.301680,2.9,1,0,,true,0.014280094,-36.905379,0.0143436345,-36.866816,0.038563,0.000251,0.000354815239,profile_01_0/mix_01_input.wav,profile_01_0/mix_01_q2.9m.wav
1,0,1,1,0.301680,3.0,1,0,,true,0.014280094,-36.905379,0.0143440773,-36.866548,0.038831,0.000268,0.000329302265,profile_01_0/mix_01_input.wav,profile_01_0/mix_01_q3m.wav
1,0,1,1,0.301680,3.1,1,0,,true,0.014280094,-36.905379,0.0143447705,-36.866128,0.039251,0.000420,0.00033735175,profile_01_0/mix_01_input.wav,profile_01_0/mix_01_q3.1m.wav
1,0,1,1,0.301680,3.2,1,0,,true,0.014280094,-36.905379,0.0143456468,-36.865597,0.039781,0.000531,0.000378416089,profile_01_0/mix_01_input.wav,profile_01_0/mix_01_q3.2m.wav
1,0,1,1,0.301680,3.3,1,0,,true,0.014280094,-36.905379,0.0143469147,-36.864830,0.040549,0.000768,0.000457392031,profile_01_0/mix_01_input.wav,profile_01_0/mix_01_q3.3m.wav
1,0,1,1,0.301680,3.4,1,0,,true,0.014280094,-36.905379,0.0143488397,-36.863664,0.041714,0.001165,0.000588386206,profile_01_0/mix_01_input.wav,profile_01_0/mix_01_q3.4m.wav
1,0,1,1,0.301680,3.5,1,0,,true,0.014280094,-36.905379,0.014351384,-36.862124,0.043254,0.001540,0.000775483319,profile_01_0/mix_01_input.wav,profile_01_0/mix_01_q3.5m.wav
1,0,1,1,0.301680,3.6,1,0,,true,0.014280094,-36.905379,0.0143528211,-36.861255,0.044124,0.000870,0.000996058852,profile_01_0/mix_01_input.wav,profile_01_0/mix_01_q3.6m.wav
1,0,1,1,0.301680,3.7,1,0,,true,0.014280094,-36.905379,0.0143527102,-36.861322,0.044057,-0.000067,0.00124682049,profile_01_0/mix_01_input.wav,profile_01_0/mix_01_q3.7m.wav
1,0,1,1,0.301680,3.8,1,0,,true,0.014280094,-36.905379,0.0143510309,-36.862338,0.043041,-0.001016,0.00153650106,profile_01_0/mix_01_input.wav,profile_01_0/mix_01_q3.8m.wav
1,0,1,1,0.301680,3.9,1,0,,true,0.014280094,-36.905379,0.0143476541,-36.864382,0.040997,-0.002044,0.00184589892,profile_01_0/mix_01_input.wav,profile_01_0/mix_01_q3.9m.wav
1,0,1,1,0.301680,4.0,1,0,,true,0.014280094,-36.905379,0.0143428312,-36.867302,0.038076,-0.002920,0.00209857285,profile_01_0/mix_01_input.wav,profile_01_0/mix_01_q4m.wav
2,1,2,1,1.072326,0.0,0,,,,0.00606754484,-44.339740,6.91376583e-07,-123.205694,-78.865954,,,profile_02_1/mix_01_input.wav,profile_02_1/mix_01_q0m.wav
2,1,2,1,1.072326,0.1,0,0,,true,0.00606754484,-44.339740,4.83945761e-07,-126.304048,-81.964308,-3.098354,8.51201763e-05,profile_02_1/mix_01_input.wav,profile_02_1/mix_01_q0.1m.wav
2,1,2,1,1.072326,0.2,0,0,,true,0.00606754484,-44.339740,5.41705312e-07,-125.324722,-80.984982,0.979326,7.78903606e-05,profile_02_1/mix_01_input.wav,profile_02_1/mix_01_q0.2m.wav
2,1,2,1,1.072326,0.3,0,0,,true,0.00606754484,-44.339740,6.51087717e-07,-123.727197,-79.387456,1.597525,8.90262435e-05,profile_02_1/mix_01_input.wav,profile_02_1/mix_01_q0.3m.wav
2,1,2,1,1.072326,0.4,0,0,,true,0.00606754484,-44.339740,7.93876712e-07,-122.004928,-77.665188,1.722269,9.16235399e-05,profile_02_1/mix_01_input.wav,profile_02_1/mix_01_q0.4m.wav
2,1,2,1,1.072326,0.5,0,0,,true,0.00606754484,-44.339740,8.99998008e-07,-120.915159,-76.575419,1.089768,7.25138514e-05,profile_02_1/mix_01_input.wav,profile_02_1/mix_01_q0.5m.wav
2,1,2,1,1.072326,0.6,0,0,,true,0.00606754484,-44.339740,9.84941844e-07,-120.131779,-75.792039,0.783380,6.47968535e-05,profile_02_1/mix_01_input.wav,profile_02_1/mix_01_q0.6m.wav
2,1,2,1,1.072326,0.7,0,0,,true,0.00606754484,-44.339740,1.13381132e-06,-118.909177,-74.569436,1.222603,7.01446531e-05,profile_02_1/mix_01_input.wav,profile_02_1/mix_01_q0.7m.wav
2,1,2,1,1.072326,0.8,0,0,,true,0.00606754484,-44.339740,4.38414315e-06,-107.162303,-62.822563,11.746873,0.000135649081,profile_02_1/mix_01_input.wav,profile_02_1/mix_01_q0.8m.wav
2,1,2,1,1.072326,0.9,0,0,,true,0.00606754484,-44.339740,5.23927202e-05,-85.614581,-41.274841,21.547723,0.000623632565,profile_02_1/mix_01_input.wav,profile_02_1/mix_01_q0.9m.wav
2,1,2,1,1.072326,1.0,0,0,,true,0.00606754484,-44.339740,0.000262862961,-71.605412,-27.265672,14.009169,0.00589706033,profile_02_1/mix_01_input.wav,profile_02_1/mix_01_q1m.wav
2,1,2,1,1.072326,1.1,1,1,1.072326,false,0.00606754484,-44.339740,0.000492944307,-66.144043,-21.804303,5.461369,0.0142043449,profile_02_1/mix_01_input.wav,profile_02_1/mix_01_q1.1m.wav
2,1,2,1,1.072326,1.2,1,0,,true,0.00606754484,-44.339740,0.000776455919,-62.197664,-17.857924,3.946379,0.0235871165,profile_02_1/mix_01_input.wav,profile_02_1/mix_01_q1.2m.wav
2,1,2,1,1.072326,1.3,1,0,,true,0.00606754484,-44.339740,0.00419280631,-47.549904,-3.210164,14.647760,0.35264581,profile_02_1/mix_01_input.wav,profile_02_1/mix_01_q1.3m.wav
2,1,2,1,1.072326,1.4,1,0,,true,0.00606754484,-44.339740,0.00588419846,-44.606254,-0.266514,2.943650,0.2074899,profile_02_1/mix_01_input.wav,profile_02_1/mix_01_q1.4m.wav
2,1,2,1,1.072326,1.5,1,0,,true,0.00606754484,-44.339740,0.00602673682,-44.398355,-0.058615,0.207898,0.0192877595,profile_02_1/mix_01_input.wav,profile_02_1/mix_01_q1.5m.wav
2,1,2,1,1.072326,1.6,1,0,,true,0.00606754484,-44.339740,0.00604008859,-44.379134,-0.039394,0.019222,0.00283096811,profile_02_1/mix_01_input.wav,profile_02_1/mix_01_q1.6m.wav
2,1,2,1,1.072326,1.7,1,0,,true,0.00606754484,-44.339740,0.0060416718,-44.376857,-0.037117,0.002276,0.000943088134,profile_02_1/mix_01_input.wav,profile_02_1/mix_01_q1.7m.wav
2,1,2,1,1.072326,1.8,1,0,,true,0.00606754484,-44.339740,0.00604273805,-44.375325,-0.035585,0.001533,0.000426848223,profile_02_1/mix_01_input.wav,profile_02_1/mix_01_q1.8m.wav
2,1,2,1,1.072326,1.9,1,0,,true,0.00606754484,-44.339740,0.00604343969,-44.374316,-0.034576,0.001008,0.000336851822,profile_02_1/mix_01_input.wav,profile_02_1/mix_01_q1.9m.wav
2,1,2,1,1.072326,2.0,1,0,,true,0.00606754484,-44.339740,0.00604384052,-44.373740,-0.034000,0.000576,0.00032153169,profile_02_1/mix_01_input.wav,profile_02_1/mix_01_q2m.wav
2,1,2,1,1.072326,2.1,1,0,,true,0.00606754484,-44.339740,0.00604381941,-44.373770,-0.034030,-0.000030,0.000323602002,profile_02_1/mix_01_input.wav,profile_02_1/mix_01_q2.1m.wav
2,1,2,1,1.072326,2.2,1,0,,true,0.00606754484,-44.339740,0.00604428529,-44.373101,-0.033361,0.000670,0.000291452052,profile_02_1/mix_01_input.wav,profile_02_1/mix_01_q2.2m.wav
2,1,2,1,1.072326,2.3,1,0,,true,0.00606754484,-44.339740,0.00604451394,-44.372772,-0.033032,0.000329,0.000281043081,profile_02_1/mix_01_input.wav,profile_02_1/mix_01_q2.3m.wav
2,1,2,1,1.072326,2.4,1,0,,true,0.00606754484,-44.339740,0.00604351733,-44.374205,-0.034464,-0.001432,0.000383332953,profile_02_1/mix_01_input.wav,profile_02_1/mix_01_q2.4m.wav
2,1,2,1,1.072326,2.5,1,0,,true,0.00606754484,-44.339740,0.0060429454,-44.375027,-0.035286,-0.000822,0.000313597747,profile_02_1/mix_01_input.wav,profile_02_1/mix_01_q2.5m.wav
2,1,2,1,1.072326,2.6,1,0,,true,0.00606754484,-44.339740,0.00604239529,-44.375817,-0.036077,-0.000791,0.000272400622,profile_02_1/mix_01_input.wav,profile_02_1/mix_01_q2.6m.wav
2,1,2,1,1.072326,2.7,1,0,,true,0.00606754484,-44.339740,0.00604183083,-44.376629,-0.036889,-0.000811,0.000254246874,profile_02_1/mix_01_input.wav,profile_02_1/mix_01_q2.7m.wav
2,1,2,1,1.072326,2.8,1,0,,true,0.00606754484,-44.339740,0.00604103009,-44.377780,-0.038040,-0.001151,0.000272588684,profile_02_1/mix_01_input.wav,profile_02_1/mix_01_q2.8m.wav
2,1,2,1,1.072326,2.9,1,0,,true,0.00606754484,-44.339740,0.00604018573,-44.378994,-0.039254,-0.001214,0.000250134973,profile_02_1/mix_01_input.wav,profile_02_1/mix_01_q2.9m.wav
2,1,2,1,1.072326,3.0,1,0,,true,0.00606754484,-44.339740,0.00603953682,-44.379927,-0.040187,-0.000933,0.000242933886,profile_02_1/mix_01_input.wav,profile_02_1/mix_01_q3m.wav
2,1,2,1,1.072326,3.1,1,0,,true,0.00606754484,-44.339740,0.00603911574,-44.380533,-0.040793,-0.000606,0.000235693039,profile_02_1/mix_01_input.wav,profile_02_1/mix_01_q3.1m.wav
2,1,2,1,1.072326,3.2,1,0,,true,0.00606754484,-44.339740,0.00603895713,-44.380761,-0.041021,-0.000228,0.000253446679,profile_02_1/mix_01_input.wav,profile_02_1/mix_01_q3.2m.wav
2,1,2,1,1.072326,3.3,1,0,,true,0.00606754484,-44.339740,0.00603890155,-44.380841,-0.041101,-0.000080,0.000284024043,profile_02_1/mix_01_input.wav,profile_02_1/mix_01_q3.3m.wav
2,1,2,1,1.072326,3.4,1,0,,true,0.00606754484,-44.339740,0.00603870923,-44.381118,-0.041378,-0.000277,0.000344462591,profile_02_1/mix_01_input.wav,profile_02_1/mix_01_q3.4m.wav
2,1,2,1,1.072326,3.5,1,0,,true,0.00606754484,-44.339740,0.00603839964,-44.381563,-0.041823,-0.000445,0.000400653883,profile_02_1/mix_01_input.wav,profile_02_1/mix_01_q3.5m.wav
2,1,2,1,1.072326,3.6,1,0,,true,0.00606754484,-44.339740,0.0060378966,-44.382287,-0.042546,-0.000724,0.000483282195,profile_02_1/mix_01_input.wav,profile_02_1/mix_01_q3.6m.wav
2,1,2,1,1.072326,3.7,1,0,,true,0.00606754484,-44.339740,0.00603743536,-44.382950,-0.043210,-0.000664,0.000544206385,profile_02_1/mix_01_input.wav,profile_02_1/mix_01_q3.7m.wav
2,1,2,1,1.072326,3.8,1,0,,true,0.00606754484,-44.339740,0.00603690854,-44.383708,-0.043968,-0.000758,0.000607626214,profile_02_1/mix_01_input.wav,profile_02_1/mix_01_q3.8m.wav
2,1,2,1,1.072326,3.9,1,0,,true,0.00606754484,-44.339740,0.00603602912,-44.384973,-0.045233,-0.001265,0.000664041486,profile_02_1/mix_01_input.wav,profile_02_1/mix_01_q3.9m.wav
2,1,2,1,1.072326,4.0,1,0,,true,0.00606754484,-44.339740,0.00603545887,-44.385794,-0.046054,-0.000821,0.000701763165,profile_02_1/mix_01_input.wav,profile_02_1/mix_01_q4m.wav
3,2,3,1,2.861592,0.0,0,,,,0.0125450873,-38.030526,9.94902817e-07,-120.044378,-82.013852,,,profile_03_2/mix_01_input.wav,profile_03_2/mix_01_q0m.wav
3,2,3,1,2.861592,0.1,0,0,,true,0.0125450873,-38.030526,7.07703597e-07,-123.002960,-84.972433,-2.958582,5.96165094e-05,profile_03_2/mix_01_input.wav,profile_03_2/mix_01_q0.1m.wav
3,2,3,1,2.861592,0.2,0,0,,true,0.0125450873,-38.030526,7.73317347e-07,-122.232834,-84.202307,0.770126,5.4329483e-05,profile_03_2/mix_01_input.wav,profile_03_2/mix_01_q0.2m.wav
3,2,3,1,2.861592,0.3,0,0,,true,0.0125450873,-38.030526,9.98377862e-07,-120.014092,-81.983566,2.218741,6.42132454e-05,profile_03_2/mix_01_input.wav,profile_03_2/mix_01_q0.3m.wav
3,2,3,1,2.861592,0.4,0,0,,true,0.0125450873,-38.030526,4.56203939e-06,-106.816817,-68.786291,13.197275,0.000112567709,profile_03_2/mix_01_input.wav,profile_03_2/mix_01_q0.4m.wav
3,2,3,1,2.861592,0.5,0,0,,true,0.0125450873,-38.030526,7.86138439e-06,-102.090018,-64.059492,4.726799,9.03048364e-05,profile_03_2/mix_01_input.wav,profile_03_2/mix_01_q0.5m.wav
3,2,3,1,2.861592,0.6,0,0,,true,0.0125450873,-38.030526,8.19706731e-06,-101.726829,-63.696303,0.363189,4.99286957e-05,profile_03_2/mix_01_input.wav,profile_03_2/mix_01_q0.6m.wav
3,2,3,1,2.861592,0.7,0,0,,true,0.0125450873,-38.030526,8.45252726e-06,-101.460267,-63.429741,0.266562,4.78738374e-05,profile_03_2/mix_01_input.wav,profile_03_2/mix_01_q0.7m.wav
3,2,3,1,2.861592,0.8,0,0,,true,0.0125450873,-38.030526,8.68117796e-06,-101.228426,-63.197900,0.231842,4.53857487e-05,profile_03_2/mix_01_input.wav,profile_03_2/mix_01_q0.8m.wav
3,2,3,1,2.861592,0.9,0,0,,true,0.0125450873,-38.030526,8.74958009e-06,-101.160255,-63.129729,0.068171,4.26061136e-05,profile_03_2/mix_01_input.wav,profile_03_2/mix_01_q0.9m.wav
3,2,3,1,2.861592,1.0,0,0,,true,0.0125450873,-38.030526,8.85534481e-06,-101.055889,-63.025363,0.104365,4.21995897e-05,profile_03_2/mix_01_input.wav,profile_03_2/mix_01_q1m.wav
3,2,3,1,2.861592,1.1,0,0,,true,0.0125450873,-38.030526,8.99544922e-06,-100.919542,-62.889016,0.136348,4.24992333e-05,profile_03_2/mix_01_input.wav,profile_03_2/mix_01_q1.1m.wav
3,2,3,1,2.861592,1.2,0,0,,true,0.0125450873,-38.030526,9.07546993e-06,-100.842617,-62.812090,0.076925,4.07527909e-05,profile_03_2/mix_01_input.wav,profile_03_2/mix_01_q1.2m.wav
3,2,3,1,2.861592,1.3,0,0,,true,0.0125450873,-38.030526,9.14461964e-06,-100.776686,-62.746160,0.065930,4.07580334e-05,profile_03_2/mix_01_input.wav,profile_03_2/mix_01_q1.3m.wav
3,2,3,1,2.861592,1.4,0,0,,true,0.0125450873,-38.030526,9.27713864e-06,-100.651718,-62.621192,0.124968,4.13368807e-05,profile_03_2/mix_01_input.wav,profile_03_2/mix_01_q1.4m.wav
3,2,3,1,2.861592,1.5,0,0,,true,0.0125450873,-38.030526,9.44036314e-06,-100.500225,-62.469699,0.151493,4.31848748e-05,profile_03_2/mix_01_input.wav,profile_03_2/mix_01_q1.5m.wav
3,2,3,1,2.861592,1.6,0,0,,true,0.0125450873,-38.030526,9.61293968e-06,-100.342875,-62.312349,0.157350,4.30953533e-05,profile_03_2/mix_01_input.wav,profile_03_2/mix_01_q1.6m.wav
3,2,3,1,2.861592,1.7,0,0,,true,0.0125450873,-38.030526,9.78795242e-06,-100.186162,-62.155636,0.156713,4.25055723e-05,profile_03_2/mix_01_input.wav,profile_03_2/mix_01_q1.7m.wav
3,2,3,1,2.861592,1.8,0,0,,true,0.0125450873,-38.030526,9.99513567e-06,-100.004225,-61.973699,0.181937,4.49639866e-05,profile_03_2/mix_01_input.wav,profile_03_2/mix_01_q1.8m.wav
3,2,3,1,2.861592,1.9,0,0,,true,0.0125450873,-38.030526,1.02393503e-05,-99.794551,-61.764025,0.209674,4.50463807e-05,profile_03_2/mix_01_input.wav,profile_03_2/mix_01_q1.9m.wav
3,2,3,1,2.861592,2.0,0,0,,true,0.0125450873,-38.030526,1.05027778e-05,-99.573916,-61.543389,0.220636,4.65705531e-05,profile_03_2/mix_01_input.wav,profile_03_2/mix_01_q2m.wav
3,2,3,1,2.861592,2.1,0,0,,true,0.0125450873,-38.030526,1.06934476e-05,-99.417644,-61.387118,0.156271,4.47823699e-05,profile_03_2/mix_01_input.wav,profile_03_2/mix_01_q2.1m.wav
3,2,3,1,2.861592,2.2,0,0,,true,0.0125450873,-38.030526,1.09779652e-05,-99.189562,-61.159036,0.228082,4.67881107e-05,profile_03_2/mix_01_input.wav,profile_03_2/mix_01_q2.2m.wav
3,2,3,1,2.861592,2.3,0,0,,true,0.0125450873,-38.030526,1.13059966e-05,-98.933822,-60.903296,0.255740,4.8937067e-05,profile_03_2/mix_01_input.wav,profile_03_2/mix_01_q2.3m.wav
3,2,3,1,2.861592,2.4,0,0,,true,0.0125450873,-38.030526,1.25332224e-05,-98.038744,-60.008218,0.895078,7.12324548e-05,profile_03_2/mix_01_input.wav,profile_03_2/mix_01_q2.4m.wav
3,2,3,1,2.861592,2.5,0,0,,true,0.0125450873,-38.030526,2.42923276e-05,-92.290617,-54.260091,5.748127,0.000271450343,profile_03_2/mix_01_input.wav,profile_03_2/mix_01_q2.5m.wav
3,2,3,1,2.861592,2.6,0,0,,true,0.0125450873,-38.030526,9.22882106e-05,-80.697075,-42.666549,11.593542,0.00107148119,profile_03_2/mix_01_input.wav,profile_03_2/mix_01_q2.6m.wav
3,2,3,1,2.861592,2.7,0,0,,true,0.0125450873,-38.030526,0.000184336809,-74.687759,-36.657232,6.009317,0.001801922,profile_03_2/mix_01_input.wav,profile_03_2/mix_01_q2.7m.wav
3,2,3,1,2.861592,2.8,0,0,,true,0.0125450873,-38.030526,0.000606657511,-64.341128,-26.310602,10.346630,0.0118263131,profile_03_2/mix_01_input.wav,profile_03_2/mix_01_q2.8m.wav
3,2,3,1,2.861592,2.9,1,1,2.861592,false,0.0125450873,-38.030526,0.00278450379,-51.105044,-13.074518,13.236085,0.106139745,profile_03_2/mix_01_input.wav,profile_03_2/mix_01_q2.9m.wav
3,2,3,1,2.861592,3.0,1,0,,true,0.0125450873,-38.030526,0.0081371735,-41.790528,-3.760002,9.314515,0.258834326,profile_03_2/mix_01_input.wav,profile_03_2/mix_01_q3m.wav
3,2,3,1,2.861592,3.1,1,0,,true,0.0125450873,-38.030526,0.0121765506,-38.289514,-0.258988,3.501014,0.219924133,profile_03_2/mix_01_input.wav,profile_03_2/mix_01_q3.1m.wav
3,2,3,1,2.861592,3.2,1,0,,true,0.0125450873,-38.030526,0.0123019703,-38.200507,-0.169980,0.089008,0.008121093,profile_03_2/mix_01_input.wav,profile_03_2/mix_01_q3.2m.wav
3,2,3,1,2.861592,3.3,1,0,,true,0.0125450873,-38.030526,0.0123588302,-38.160453,-0.129926,0.040054,0.00370472652,profile_03_2/mix_01_input.wav,profile_03_2/mix_01_q3.3m.wav
3,2,3,1,2.861592,3.4,1,0,,true,0.0125450873,-38.030526,0.0123810065,-38.144881,-0.114355,0.015572,0.00155218686,profile_03_2/mix_01_input.wav,profile_03_2/mix_01_q3.4m.wav
3,2,3,1,2.861592,3.5,1,0,,true,0.0125450873,-38.030526,0.0123922371,-38.137006,-0.106479,0.007875,0.00142752395,profile_03_2/mix_01_input.wav,profile_03_2/mix_01_q3.5m.wav
3,2,3,1,2.861592,3.6,1,0,,true,0.0125450873,-38.030526,0.0124020761,-38.130112,-0.099586,0.006894,0.000842556839,profile_03_2/mix_01_input.wav,profile_03_2/mix_01_q3.6m.wav
3,2,3,1,2.861592,3.7,1,0,,true,0.0125450873,-38.030526,0.012410472,-38.124234,-0.093708,0.005878,0.00075301171,profile_03_2/mix_01_input.wav,profile_03_2/mix_01_q3.7m.wav
3,2,3,1,2.861592,3.8,1,0,,true,0.0125450873,-38.030526,0.012416341,-38.120127,-0.089601,0.004107,0.000820436661,profile_03_2/mix_01_input.wav,profile_03_2/mix_01_q3.8m.wav
3,2,3,1,2.861592,3.9,1,0,,true,0.0125450873,-38.030526,0.012422857,-38.115570,-0.085044,0.004557,0.000896807512,profile_03_2/mix_01_input.wav,profile_03_2/mix_01_q3.9m.wav
3,2,3,1,2.861592,4.0,1,0,,true,0.0125450873,-38.030526,0.012429774,-38.110735,-0.080209,0.004835,0.000926484382,profile_03_2/mix_01_input.wav,profile_03_2/mix_01_q4m.wav
4,3,4,1,3.824236,0.0,0,,,,0.00584608673,-44.662695,7.08088996e-07,-122.998231,-78.335536,,,profile_04_3/mix_01_input.wav,profile_04_3/mix_01_q0m.wav
4,3,4,1,3.824236,0.1,0,0,,true,0.00584608673,-44.662695,4.97988318e-07,-126.055599,-81.392905,-3.057369,9.22857675e-05,profile_04_3/mix_01_input.wav,profile_04_3/mix_01_q0.1m.wav
4,3,4,1,3.824236,0.2,0,0,,true,0.00584608673,-44.662695,5.63129781e-07,-124.987815,-80.325120,1.067785,8.54933909e-05,profile_04_3/mix_01_input.wav,profile_04_3/mix_01_q0.2m.wav
4,3,4,1,3.824236,0.3,0,0,,true,0.00584608673,-44.662695,6.52371182e-07,-123.710091,-79.047396,1.277723,9.7068303e-05,profile_04_3/mix_01_input.wav,profile_04_3/mix_01_q0.3m.wav
4,3,4,1,3.824236,0.4,0,0,,true,0.00584608673,-44.662695,8.06748697e-07,-121.865224,-77.202529,1.844868,9.96687195e-05,profile_04_3/mix_01_input.wav,profile_04_3/mix_01_q0.4m.wav
4,3,4,1,3.824236,0.5,0,0,,true,0.00584608673,-44.662695,8.3835358e-07,-121.531445,-76.868750,0.333779,7.45026565e-05,profile_04_3/mix_01_input.wav,profile_04_3/mix_01_q0.5m.wav
4,3,4,1,3.824236,0.6,0,0,,true,0.00584608673,-44.662695,8.53391926e-07,-121.377019,-76.714324,0.154426,6.66985677e-05,profile_04_3/mix_01_input.wav,profile_04_3/mix_01_q0.6m.wav
4,3,4,1,3.824236,0.7,0,0,,true,0.00584608673,-44.662695,8.63163953e-07,-121.278124,-76.615429,0.098895,6.39413576e-05,profile_04_3/mix_01_input.wav,profile_04_3/mix_01_q0.7m.wav
4,3,4,1,3.824236,0.8,0,0,,true,0.00584608673,-44.662695,8.75686954e-07,-121.153012,-76.490318,0.125112,6.25282178e-05,profile_04_3/mix_01_input.wav,profile_04_3/mix_01_q0.8m.wav
4,3,4,1,3.824236,0.9,0,0,,true,0.00584608673,-44.662695,8.92748154e-07,-120.985411,-76.322716,0.167601,6.23694164e-05,profile_04_3/mix_01_input.wav,profile_04_3/mix_01_q0.9m.wav
4,3,4,1,3.824236,1.0,0,0,,true,0.00584608673,-44.662695,9.07095207e-07,-120.846933,-76.184238,0.138478,6.18573276e-05,profile_04_3/mix_01_input.wav,profile_04_3/mix_01_q1m.wav
4,3,4,1,3.824236,1.1,0,0,,true,0.00584608673,-44.662695,9.20410445e-07,-120.720360,-76.057665,0.126573,6.09860007e-05,profile_04_3/mix_01_input.wav,profile_04_3/mix_01_q1.1m.wav
4,3,4,1,3.824236,1.2,0,0,,true,0.00584608673,-44.662695,9.32571633e-07,-120.606347,-75.943652,0.114013,6.00101675e-05,profile_04_3/mix_01_input.wav,profile_04_3/mix_01_q1.2m.wav
4,3,4,1,3.824236,1.3,0,0,,true,0.00584608673,-44.662695,9.43636664e-07,-120.503895,-75.841200,0.102452,5.9570678e-05,profile_04_3/mix_01_input.wav,profile_04_3/mix_01_q1.3m.wav
4,3,4,1,3.824236,1.4,0,0,,true,0.00584608673,-44.662695,9.51462211e-07,-120.432160,-75.769465,0.071735,5.95861672e-05,profile_04_3/mix_01_input.wav,profile_04_3/mix_01_q1.4m.wav
4,3,4,1,3.824236,1.5,0,0,,true,0.00584608673,-44.662695,9.6278978e-07,-120.329362,-75.666667,0.102798,5.9741512e-05,profile_04_3/mix_01_input.wav,profile_04_3/mix_01_q1.5m.wav
4,3,4,1,3.824236,1.6,0,0,,true,0.00584608673,-44.662695,9.65514006e-07,-120.304819,-75.642125,0.024542,5.96981314e-05,profile_04_3/mix_01_input.wav,profile_04_3/mix_01_q1.6m.wav
4,3,4,1,3.824236,1.7,0,0,,true,0.00584608673,-44.662695,9.71316832e-07,-120.252773,-75.590078,0.052047,5.95187894e-05,profile_04_3/mix_01_input.wav,profile_04_3/mix_01_q1.7m.wav
4,3,4,1,3.824236,1.8,0,0,,true,0.00584608673,-44.662695,9.80130579e-07,-120.174312,-75.511617,0.078460,5.9898393e-05,profile_04_3/mix_01_input.wav,profile_04_3/mix_01_q1.8m.wav
4,3,4,1,3.824236,1.9,0,0,,true,0.00584608673,-44.662695,9.87108427e-07,-120.112694,-75.449999,0.061618,6.01147614e-05,profile_04_3/mix_01_input.wav,profile_04_3/mix_01_q1.9m.wav
4,3,4,1,3.824236,2.0,0,0,,true,0.00584608673,-44.662695,1.0012742e-06,-119.988931,-75.326236,0.123763,6.01295457e-05,profile_04_3/mix_01_input.wav,profile_04_3/mix_01_q2m.wav
4,3,4,1,3.824236,2.1,0,0,,true,0.00584608673,-44.662695,1.01801147e-06,-119.844938,-75.182243,0.143993,6.04727306e-05,profile_04_3/mix_01_input.wav,profile_04_3/mix_01_q2.1m.wav
4,3,4,1,3.824236,2.2,0,0,,true,0.00584608673,-44.662695,1.04193807e-06,-119.643153,-74.980459,0.201785,6.17636044e-05,profile_04_3/mix_01_input.wav,profile_04_3/mix_01_q2.2m.wav
4,3,4,1,3.824236,2.3,0,0,,true,0.00584608673,-44.662695,1.0753452e-06,-119.369034,-74.706339,0.274120,6.24316019e-05,profile_04_3/mix_01_input.wav,profile_04_3/mix_01_q2.3m.wav
4,3,4,1,3.824236,2.4,0,0,,true,0.00584608673,-44.662695,1.10037641e-06,-119.169167,-74.506472,0.199867,6.09790923e-05,profile_04_3/mix_01_input.wav,profile_04_3/mix_01_q2.4m.wav
4,3,4,1,3.824236,2.5,0,0,,true,0.00584608673,-44.662695,1.12100916e-06,-119.007809,-74.345114,0.161358,6.11674477e-05,profile_04_3/mix_01_input.wav,profile_04_3/mix_01_q2.5m.wav
4,3,4,1,3.824236,2.6,0,0,,true,0.00584608673,-44.662695,1.1477121e-06,-118.803333,-74.140638,0.204476,6.13658182e-05,profile_04_3/mix_01_input.wav,profile_04_3/mix_01_q2.6m.wav
4,3,4,1,3.824236,2.7,0,0,,true,0.00584608673,-44.662695,1.16677477e-06,-118.660252,-73.997557,0.143081,6.18802114e-05,profile_04_3/mix_01_input.wav,profile_04_3/mix_01_q2.7m.wav
4,3,4,1,3.824236,2.8,0,0,,true,0.00584608673,-44.662695,1.21238494e-06,-118.327182,-73.664487,0.333070,6.45406063e-05,profile_04_3/mix_01_input.wav,profile_04_3/mix_01_q2.8m.wav
4,3,4,1,3.824236,2.9,0,0,,true,0.00584608673,-44.662695,1.26048055e-06,-117.989270,-73.326575,0.337912,6.49735715e-05,profile_04_3/mix_01_input.wav,profile_04_3/mix_01_q2.9m.wav
4,3,4,1,3.824236,3.0,0,0,,true,0.00584608673,-44.662695,1.32849224e-06,-117.532813,-72.870118,0.456457,6.7093889e-05,profile_04_3/mix_01_input.wav,profile_04_3/mix_01_q3m.wav
4,3,4,1,3.824236,3.1,0,0,,true,0.00584608673,-44.662695,1.41740495e-06,-116.970115,-72.307420,0.562698,6.94359859e-05,profile_04_3/mix_01_input.wav,profile_04_3/mix_01_q3.1m.wav
4,3,4,1,3.824236,3.2,0,0,,true,0.00584608673,-44.662695,1.5728577e-06,-116.066206,-71.403511,0.903909,7.59824838e-05,profile_04_3/mix_01_input.wav,profile_04_3/mix_01_q3.2m.wav
4,3,4,1,3.824236,3.3,0,0,,true,0.00584608673,-44.662695,1.848227e-06,-114.664889,-70.002194,1.401317,8.79458184e-05,profile_04_3/mix_01_input.wav,profile_04_3/mix_01_q3.3m.wav
4,3,4,1,3.824236,3.4,0,0,,true,0.00584608673,-44.662695,2.90171582e-06,-110.746899,-66.084205,3.917990,0.000179304778,profile_04_3/mix_01_input.wav,profile_04_3/mix_01_q3.4m.wav
4,3,4,1,3.824236,3.5,0,0,,true,0.00584608673,-44.662695,1.52884028e-05,-96.312757,-51.650062,14.434142,0.000813295547,profile_04_3/mix_01_input.wav,profile_04_3/mix_01_q3.5m.wav
4,3,4,1,3.824236,3.6,0,0,,true,0.00584608673,-44.662695,8.06374315e-05,-81.869266,-37.206571,14.443491,0.00465768407,profile_04_3/mix_01_input.wav,profile_04_3/mix_01_q3.6m.wav
4,3,4,1,3.824236,3.7,0,0,,true,0.00584608673,-44.662695,0.00569690902,-44.887214,-0.224519,36.982052,0.646577823,profile_04_3/mix_01_input.wav,profile_04_3/mix_01_q3.7m.wav
4,3,4,1,3.824236,3.8,0,0,,true,0.00584608673,-44.662695,0.00580686984,-44.721158,-0.058463,0.166056,0.0153779188,profile_04_3/mix_01_input.wav,profile_04_3/mix_01_q3.8m.wav
4,3,4,1,3.824236,3.9,1,1,3.824236,false,0.00584608673,-44.662695,0.00582023186,-44.701194,-0.038499,0.019964,0.00392687937,profile_04_3/mix_01_input.wav,profile_04_3/mix_01_q3.9m.wav
4,3,4,1,3.824236,4.0,1,0,,true,0.00584608673,-44.662695,0.00582711203,-44.690933,-0.028238,0.010262,0.00292358004,profile_04_3/mix_01_input.wav,profile_04_3/mix_01_q4m.wav
5,4,5,1,4.140590,0.0,0,,,,0.00305957275,-50.286784,4.15961283e-07,-127.618921,-77.332137,,,profile_05_4/mix_01_input.wav,profile_05_4/mix_01_q0m.wav
5,4,5,1,4.140590,0.1,0,0,,true,0.00305957275,-50.286784,2.9268649e-07,-130.671917,-80.385132,-3.052996,0.000101716092,profile_05_4/mix_01_input.wav,profile_05_4/mix_01_q0.1m.wav
5,4,5,1,4.140590,0.2,0,0,,true,0.00305957275,-50.286784,3.40336798e-07,-129.361796,-79.075012,1.310121,9.37899169e-05,profile_05_4/mix_01_input.wav,profile_05_4/mix_01_q0.2m.wav
5,4,5,1,4.140590,0.3,0,0,,true,0.00305957275,-50.286784,4.16717566e-07,-127.603143,-77.316359,1.758653,0.000111978579,profile_05_4/mix_01_input.wav,profile_05_4/mix_01_q0.3m.wav
5,4,5,1,4.140590,0.4,0,0,,true,0.00305957275,-50.286784,5.16308395e-07,-125.741799,-75.455015,1.861344,0.00010835711,profile_05_4/mix_01_input.wav,profile_05_4/mix_01_q0.4m.wav
5,4,5,1,4.140590,0.5,0,0,,true,0.00305957275,-50.286784,6.61489315e-07,-123.589530,-73.302746,2.152269,8.25734049e-05,profile_05_4/mix_01_input.wav,profile_05_4/mix_01_q0.5m.wav
5,4,5,1,4.140590,0.6,0,0,,true,0.00305957275,-50.286784,7.07157968e-07,-123.009659,-72.722875,0.579871,7.08119885e-05,profile_05_4/mix_01_input.wav,profile_05_4/mix_01_q0.6m.wav
5,4,5,1,4.140590,0.7,0,0,,true,0.00305957275,-50.286784,7.26885776e-07,-122.770665,-72.483880,0.238994,6.86029186e-05,profile_05_4/mix_01_input.wav,profile_05_4/mix_01_q0.7m.wav
5,4,5,1,4.140590,0.8,0,0,,true,0.00305957275,-50.286784,7.34474862e-07,-122.680449,-72.393665,0.090215,6.8688832e-05,profile_05_4/mix_01_input.wav,profile_05_4/mix_01_q0.8m.wav
5,4,5,1,4.140590,0.9,0,0,,true,0.00305957275,-50.286784,7.38502151e-07,-122.632953,-72.346169,0.047496,6.72607111e-05,profile_05_4/mix_01_input.wav,profile_05_4/mix_01_q0.9m.wav
5,4,5,1,4.140590,1.0,0,0,,true,0.00305957275,-50.286784,7.44924487e-07,-122.557743,-72.270959,0.075210,6.61309902e-05,profile_05_4/mix_01_input.wav,profile_05_4/mix_01_q1m.wav
5,4,5,1,4.140590,1.1,0,0,,true,0.00305957275,-50.286784,7.52313323e-07,-122.472013,-72.185229,0.085730,6.54721694e-05,profile_05_4/mix_01_input.wav,profile_05_4/mix_01_q1.1m.wav
5,4,5,1,4.140590,1.2,0,0,,true,0.00305957275,-50.286784,7.58436474e-07,-122.401604,-72.114820,0.070409,6.44132525e-05,profile_05_4/mix_01_input.wav,profile_05_4/mix_01_q1.2m.wav
5,4,5,1,4.140590,1.3,0,0,,true,0.00305957275,-50.286784,7.64231001e-07,-122.335496,-72.048711,0.066109,6.25756068e-05,profile_05_4/mix_01_input.wav,profile_05_4/mix_01_q1.3m.wav
5,4,5,1,4.140590,1.4,0,0,,true,0.00305957275,-50.286784,7.7053917e-07,-122.264094,-71.977310,0.071401,6.2298554e-05,profile_05_4/mix_01_input.wav,profile_05_4/mix_01_q1.4m.wav
5,4,5,1,4.140590,1.5,0,0,,true,0.00305957275,-50.286784,7.74103023e-07,-122.224014,-71.937229,0.040081,6.16669095e-05,profile_05_4/mix_01_input.wav,profile_05_4/mix_01_q1.5m.wav
5,4,5,1,4.140590,1.6,0,0,,true,0.00305957275,-50.286784,7.77983907e-07,-122.180577,-71.893792,0.043437,6.19277894e-05,profile_05_4/mix_01_input.wav,profile_05_4/mix_01_q1.6m.wav
5,4,5,1,4.140590,1.7,0,0,,true,0.00305957275,-50.286784,7.82772673e-07,-122.127276,-71.840491,0.053301,6.1622283e-05,profile_05_4/mix_01_input.wav,profile_05_4/mix_01_q1.7m.wav
5,4,5,1,4.140590,1.8,0,0,,true,0.00305957275,-50.286784,7.90103384e-07,-122.046311,-71.759526,0.080965,6.20632387e-05,profile_05_4/mix_01_input.wav,profile_05_4/mix_01_q1.8m.wav
5,4,5,1,4.140590,1.9,0,0,,true,0.00305957275,-50.286784,7.97125337e-07,-121.969457,-71.682673,0.076854,6.41445045e-05,profile_05_4/mix_01_input.wav,profile_05_4/mix_01_q1.9m.wav
5,4,5,1,4.140590,2.0,0,0,,true,0.00305957275,-50.286784,8.13360883e-07,-121.794324,-71.507539,0.175133,6.26532619e-05,profile_05_4/mix_01_input.wav,profile_05_4/mix_01_q2m.wav
5,4,5,1,4.140590,2.1,0,0,,true,0.00305957275,-50.286784,8.24202975e-07,-121.679306,-71.392522,0.115018,6.27042145e-05,profile_05_4/mix_01_input.wav,profile_05_4/mix_01_q2.1m.wav
5,4,5,1,4.140590,2.2,0,0,,true,0.00305957275,-50.286784,8.34791088e-07,-121.568434,-71.281649,0.110872,6.30157961e-05,profile_05_4/mix_01_input.wav,profile_05_4/mix_01_q2.2m.wav
5,4,5,1,4.140590,2.3,0,0,,true,0.00305957275,-50.286784,8.43189158e-07,-121.481489,-71.194705,0.086944,6.62895934e-05,profile_05_4/mix_01_input.wav,profile_05_4/mix_01_q2.3m.wav
5,4,5,1,4.140590,2.4,0,0,,true,0.00305957275,-50.286784,8.50610275e-07,-121.405377,-71.118593,0.076112,6.57621949e-05,profile_05_4/mix_01_input.wav,profile_05_4/mix_01_q2.4m.wav
5,4,5,1,4.140590,2.5,0,0,,true,0.00305957275,-50.286784,8.55996854e-07,-121.350546,-71.063762,0.054831,6.56509446e-05,profile_05_4/mix_01_input.wav,profile_05_4/mix_01_q2.5m.wav
5,4,5,1,4.140590,2.6,0,0,,true,0.00305957275,-50.286784,8.61981948e-07,-121.290027,-71.003242,0.060520,6.54216116e-05,profile_05_4/mix_01_input.wav,profile_05_4/mix_01_q2.6m.wav
5,4,5,1,4.140590,2.7,0,0,,true,0.00305957275,-50.286784,8.67012374e-07,-121.239484,-70.952700,0.050542,6.49225413e-05,profile_05_4/mix_01_input.wav,profile_05_4/mix_01_q2.7m.wav
5,4,5,1,4.140590,2.8,0,0,,true,0.00305957275,-50.286784,8.7231051e-07,-121.186568,-70.899784,0.052916,6.34443271e-05,profile_05_4/mix_01_input.wav,profile_05_4/mix_01_q2.8m.wav
5,4,5,1,4.140590,2.9,0,0,,true,0.00305957275,-50.286784,8.79105211e-07,-121.119173,-70.832389,0.067395,6.22884564e-05,profile_05_4/mix_01_input.wav,profile_05_4/mix_01_q2.9m.wav
5,4,5,1,4.140590,3.0,0,0,,true,0.00305957275,-50.286784,8.84406657e-07,-121.066950,-70.780166,0.052223,6.22628129e-05,profile_05_4/mix_01_input.wav,profile_05_4/mix_01_q3m.wav
5,4,5,1,4.140590,3.1,0,0,,true,0.00305957275,-50.286784,8.92611421e-07,-120.986741,-70.699957,0.080209,6.19863825e-05,profile_05_4/mix_01_input.wav,profile_05_4/mix_01_q3.1m.wav
5,4,5,1,4.140590,3.2,0,0,,true,0.00305957275,-50.286784,9.01784555e-07,-120.897935,-70.611150,0.088807,6.38778373e-05,profile_05_4/mix_01_input.wav,profile_05_4/mix_01_q3.2m.wav
5,4,5,1,4.140590,3.3,0,0,,true,0.00305957275,-50.286784,9.14771384e-07,-120.773739,-70.486955,0.124195,6.44226349e-05,profile_05_4/mix_01_input.wav,profile_05_4/mix_01_q3.3m.wav
5,4,5,1,4.140590,3.4,0,0,,true,0.00305957275,-50.286784,9.28709257e-07,-120.642395,-70.355611,0.131344,6.66073664e-05,profile_05_4/mix_01_input.wav,profile_05_4/mix_01_q3.4m.wav
5,4,5,1,4.140590,3.5,0,0,,true,0.00305957275,-50.286784,9.52244847e-07,-120.425018,-70.138234,0.217377,6.73740701e-05,profile_05_4/mix_01_input.wav,profile_05_4/mix_01_q3.5m.wav
5,4,5,1,4.140590,3.6,0,0,,true,0.00305957275,-50.286784,9.80130186e-07,-120.174316,-69.887532,0.250702,6.78891136e-05,profile_05_4/mix_01_input.wav,profile_05_4/mix_01_q3.6m.wav
5,4,5,1,4.140590,3.7,0,0,,true,0.00305957275,-50.286784,1.00771342e-06,-119.933251,-69.646466,0.241065,7.05492414e-05,profile_05_4/mix_01_input.wav,profile_05_4/mix_01_q3.7m.wav
5,4,5,1,4.140590,3.8,0,0,,true,0.00305957275,-50.286784,1.03012087e-06,-119.742228,-69.455443,0.191023,7.27505964e-05,profile_05_4/mix_01_input.wav,profile_05_4/mix_01_q3.8m.wav
5,4,5,1,4.140590,3.9,0,0,,true,0.00305957275,-50.286784,1.06190231e-06,-119.478301,-69.191516,0.263927,7.58364591e-05,profile_05_4/mix_01_input.wav,profile_05_4/mix_01_q3.9m.wav
5,4,5,1,4.140590,4.0,0,0,,true,0.00305957275,-50.286784,1.09704808e-06,-119.195479,-68.908695,0.282822,7.77894889e-05,profile_05_4/mix_01_input.wav,profile_05_4/mix_01_q4m.wav
6,00,6,2,0.294047;0.958176,0.0,0,,,,0.0185128577,-34.650531,2.66121082e-06,-111.498411,-76.847880,,,profile_06_00/mix_01_input.wav,profile_06_00/mix_01_q0m.wav
6,00,6,2,0.294047;0.958176,0.1,0,0,,true,0.0185128577,-34.650531,1.77647187e-06,-115.008828,-80.358298,-3.510417,7.35325892e-05,profile_06_00/mix_01_input.wav,profile_06_00/mix_01_q0.1m.wav
6,00,6,2,0.294047;0.958176,0.2,0,0,,true,0.0185128577,-34.650531,2.40663506e-06,-112.371792,-77.721261,2.637037,6.79442791e-05,profile_06_00/mix_01_input.wav,profile_06_00/mix_01_q0.2m.wav
6,00,6,2,0.294047;0.958176,0.3,1,1,0.294047,false,0.0185128577,-34.650531,1.49963516e-05,-96.480287,-61.829756,15.891504,0.000174029499,profile_06_00/mix_01_input.wav,profile_06_00/mix_01_q0.3m.wav
6,00,6,2,0.294047;0.958176,0.4,1,0,,true,0.0185128577,-34.650531,0.0164843867,-35.658544,-1.008013,60.821743,0.468455687,profile_06_00/mix_01_input.wav,profile_06_00/mix_01_q0.4m.wav
6,00,6,2,0.294047;0.958176,0.5,1,0,,true,0.0185128577,-34.650531,0.0172272205,-35.275696,-0.625165,0.382848,0.0357602031,profile_06_00/mix_01_input.wav,profile_06_00/mix_01_q0.5m.wav
6,00,6,2,0.294047;0.958176,0.6,1,0,,true,0.0185128577,-34.650531,0.0173477659,-35.215129,-0.564598,0.060567,0.0087990424,profile_06_00/mix_01_input.wav,profile_06_00/mix_01_q0.6m.wav
6,00,6,2,0.294047;0.958176,0.7,1,0,,true,0.0185128577,-34.650531,0.0174004095,-35.188811,-0.538280,0.026318,0.00454466495,profile_06_00/mix_01_input.wav,profile_06_00/mix_01_q0.7m.wav
6,00,6,2,0.294047;0.958176,0.8,1,0,,true,0.0185128577,-34.650531,0.0174273544,-35.175371,-0.524840,0.013440,0.00364226163,profile_06_00/mix_01_input.wav,profile_06_00/mix_01_q0.8m.wav
6,00,6,2,0.294047;0.958176,0.9,1,0,,true,0.0185128577,-34.650531,0.0174490879,-35.164545,-0.514015,0.010825,0.00257273264,profile_06_00/mix_01_input.wav,profile_06_00/mix_01_q0.9m.wav
6,00,6,2,0.294047;0.958176,1.0,2,1,0.958176,false,0.0185128577,-34.650531,0.0174639788,-35.157136,-0.506605,0.007409,0.00269736557,profile_06_00/mix_01_input.wav,profile_06_00/mix_01_q1m.wav
6,00,6,2,0.294047;0.958176,1.1,2,0,,true,0.0185128577,-34.650531,0.0174787901,-35.149773,-0.499242,0.007363,0.00413116431,profile_06_00/mix_01_input.wav,profile_06_00/mix_01_q1.1m.wav
6,00,6,2,0.294047;0.958176,1.2,2,0,,true,0.0185128577,-34.650531,0.0174992597,-35.139606,-0.489076,0.010166,0.00633441926,profile_06_00/mix_01_input.wav,profile_06_00/mix_01_q1.2m.wav
6,00,6,2,0.294047;0.958176,1.3,2,0,,true,0.0185128577,-34.650531,0.0175394304,-35.119690,-0.469160,0.019916,0.00694538627,profile_06_00/mix_01_input.wav,profile_06_00/mix_01_q1.3m.wav
6,00,6,2,0.294047;0.958176,1.4,2,0,,true,0.0185128577,-34.650531,0.0175831672,-35.098058,-0.447527,0.021632,0.00798907781,profile_06_00/mix_01_input.wav,profile_06_00/mix_01_q1.4m.wav
6,00,6,2,0.294047;0.958176,1.5,2,0,,true,0.0185128577,-34.650531,0.017653323,-35.063471,-0.412940,0.034587,0.0139227378,profile_06_00/mix_01_input.wav,profile_06_00/mix_01_q1.5m.wav
6,00,6,2,0.294047;0.958176,1.6,2,0,,true,0.0185128577,-34.650531,0.0177803701,-35.001184,-0.350653,0.062287,0.0304313361,profile_06_00/mix_01_input.wav,profile_06_00/mix_01_q1.6m.wav
6,00,6,2,0.294047;0.958176,1.7,2,0,,true,0.0185128577,-34.650531,0.0179047748,-34.940623,-0.290092,0.060561,0.0234126167,profile_06_00/mix_01_input.wav,profile_06_00/mix_01_q1.7m.wav
6,00,6,2,0.294047;0.958176,1.8,2,0,,true,0.0185128577,-34.650531,0.0180717494,-34.859996,-0.209465,0.080627,0.0244246716,profile_06_00/mix_01_input.wav,profile_06_00/mix_01_q1.8m.wav
6,00,6,2,0.294047;0.958176,1.9,2,0,,true,0.0185128577,-34.650531,0.0181811598,-34.807568,-0.157038,0.052428,0.0176787549,profile_06_00/mix_01_input.wav,profile_06_00/mix_01_q1.9m.wav
6,00,6,2,0.294047;0.958176,2.0,2,0,,true,0.0185128577,-34.650531,0.0182378913,-34.780508,-0.129977,0.027061,0.00826977009,profile_06_00/mix_01_input.wav,profile_06_00/mix_01_q2m.wav
6,00,6,2,0.294047;0.958176,2.1,2,0,,true,0.0185128577,-34.650531,0.0182733318,-34.763645,-0.113114,0.016862,0.00435375341,profile_06_00/mix_01_input.wav,profile_06_00/mix_01_q2.1m.wav
6,00,6,2,0.294047;0.958176,2.2,2,0,,true,0.0185128577,-34.650531,0.0182978472,-34.752000,-0.101469,0.011645,0.00317923138,profile_06_00/mix_01_input.wav,profile_06_00/mix_01_q2.2m.wav
6,00,6,2,0.294047;0.958176,2.3,2,0,,true,0.0185128577,-34.650531,0.0183166482,-34.743080,-0.092549,0.008920,0.00248537449,profile_06_00/mix_01_input.wav,profile_06_00/mix_01_q2.3m.wav
6,00,6,2,0.294047;0.958176,2.4,2,0,,true,0.0185128577,-34.650531,0.0183303296,-34.736595,-0.086064,0.006485,0.00179481014,profile_06_00/mix_01_input.wav,profile_06_00/mix_01_q2.4m.wav
6,00,6,2,0.294047;0.958176,2.5,2,0,,true,0.0185128577,-34.650531,0.0183395314,-34.732235,-0.081705,0.004359,0.00120206205,profile_06_00/mix_01_input.wav,profile_06_00/mix_01_q2.5m.wav
6,00,6,2,0.294047;0.958176,2.6,2,0,,true,0.0185128577,-34.650531,0.0183468779,-34.728757,-0.078226,0.003479,0.000963367893,profile_06_00/mix_01_input.wav,profile_06_00/mix_01_q2.6m.wav
6,00,6,2,0.294047;0.958176,2.7,2,0,,true,0.0185128577,-34.650531,0.0183523081,-34.726186,-0.075655,0.002570,0.000732074287,profile_06_00/mix_01_input.wav,profile_06_00/mix_01_q2.7m.wav
6,00,6,2,0.294047;0.958176,2.8,2,0,,true,0.0185128577,-34.650531,0.0183571366,-34.723901,-0.073370,0.002285,0.00062411821,profile_06_00/mix_01_input.wav,profile_06_00/mix_01_q2.8m.wav
6,00,6,2,0.294047;0.958176,2.9,2,0,,true,0.0185128577,-34.650531,0.0183623025,-34.721457,-0.070926,0.002444,0.000635916431,profile_06_00/mix_01_input.wav,profile_06_00/mix_01_q2.9m.wav
6,00,6,2,0.294047;0.958176,3.0,2,0,,true,0.0185128577,-34.650531,0.0183675482,-34.718976,-0.068445,0.002481,0.000617850789,profile_06_00/mix_01_input.wav,profile_06_00/mix_01_q3m.wav
6,00,6,2,0.294047;0.958176,3.1,2,0,,true,0.0185128577,-34.650531,0.0183724369,-34.716665,-0.066134,0.002311,0.00060564913,profile_06_00/mix_01_input.wav,profile_06_00/mix_01_q3.1m.wav
6,00,6,2,0.294047;0.958176,3.2,2,0,,true,0.0185128577,-34.650531,0.0183768509,-34.714578,-0.064047,0.002087,0.000681382231,profile_06_00/mix_01_input.wav,profile_06_00/mix_01_q3.2m.wav
6,00,6,2,0.294047;0.958176,3.3,2,0,,true,0.0185128577,-34.650531,0.0183824269,-34.711943,-0.061412,0.002635,0.000756255153,profile_06_00/mix_01_input.wav,profile_06_00/mix_01_q3.3m.wav
6,00,6,2,0.294047;0.958176,3.4,2,0,,true,0.0185128577,-34.650531,0.0183852094,-34.710628,-0.060098,0.001315,0.000571430192,profile_06_00/mix_01_input.wav,profile_06_00/mix_01_q3.4m.wav
6,00,6,2,0.294047;0.958176,3.5,2,0,,true,0.0185128577,-34.650531,0.0183868528,-34.709852,-0.059321,0.000776,0.000606886167,profile_06_00/mix_01_input.wav,profile_06_00/mix_01_q3.5m.wav
6,00,6,2,0.294047;0.958176,3.6,2,0,,true,0.0185128577,-34.650531,0.0183863201,-34.710104,-0.059573,-0.000252,0.000635504642,profile_06_00/mix_01_input.wav,profile_06_00/mix_01_q3.6m.wav
6,00,6,2,0.294047;0.958176,3.7,2,0,,true,0.0185128577,-34.650531,0.0183850552,-34.710701,-0.060170,-0.000598,0.000763825835,profile_06_00/mix_01_input.wav,profile_06_00/mix_01_q3.7m.wav
6,00,6,2,0.294047;0.958176,3.8,2,0,,true,0.0185128577,-34.650531,0.0183827086,-34.711810,-0.061279,-0.001109,0.000751922579,profile_06_00/mix_01_input.wav,profile_06_00/mix_01_q3.8m.wav
6,00,6,2,0.294047;0.958176,3.9,2,0,,true,0.0185128577,-34.650531,0.018380365,-34.712917,-0.062387,-0.001107,0.000846800658,profile_06_00/mix_01_input.wav,profile_06_00/mix_01_q3.9m.wav
6,00,6,2,0.294047;0.958176,4.0,2,0,,true,0.0185128577,-34.650531,0.0183773189,-34.714357,-0.063826,-0.001440,0.000837124067,profile_06_00/mix_01_input.wav,profile_06_00/mix_01_q4m.wav
7,01,7,2,0.773742;1.821719,0.0,0,,,,0.0158576699,-35.995213,2.9050692e-06,-110.736867,-74.741655,,,profile_07_01/mix_01_input.wav,profile_07_01/mix_01_q0m.wav
7,01,7,2,0.773742;1.821719,0.1,0,0,,true,0.0158576699,-35.995213,2.11911792e-06,-113.476893,-77.481681,-2.740026,0.000100185453,profile_07_01/mix_01_input.wav,profile_07_01/mix_01_q0.1m.wav
7,01,7,2,0.773742;1.821719,0.2,0,0,,true,0.0158576699,-35.995213,2.59861739e-06,-111.705150,-75.709937,1.771744,9.20785697e-05,profile_07_01/mix_01_input.wav,profile_07_01/mix_01_q0.2m.wav
7,01,7,2,0.773742;1.821719,0.3,0,0,,true,0.0158576699,-35.995213,2.57868567e-06,-111.772028,-75.776816,-0.066879,0.00010047339,profile_07_01/mix_01_input.wav,profile_07_01/mix_01_q0.3m.wav
7,01,7,2,0.773742;1.821719,0.4,0,0,,true,0.0158576699,-35.995213,4.02063226e-06,-107.914111,-71.918898,3.857918,0.000102913227,profile_07_01/mix_01_input.wav,profile_07_01/mix_01_q0.4m.wav
7,01,7,2,0.773742;1.821719,0.5,0,0,,true,0.0158576699,-35.995213,4.65164161e-06,-106.647873,-70.652661,1.266238,7.93149527e-05,profile_07_01/mix_01_input.wav,profile_07_01/mix_01_q0.5m.wav
7,01,7,2,0.773742;1.821719,0.6,0,0,,true,0.0158576699,-35.995213,5.62287065e-06,-105.000837,-69.005624,1.647037,8.14792272e-05,profile_07_01/mix_01_input.wav,profile_07_01/mix_01_q0.6m.wav
7,01,7,2,0.773742;1.821719,0.7,0,0,,true,0.0158576699,-35.995213,0.000645503402,-63.802029,-27.806817,41.198807,0.00797422552,profile_07_01/mix_01_input.wav,profile_07_01/mix_01_q0.7m.wav
7,01,7,2,0.773742;1.821719,0.8,1,1,0.773742,false,0.0158576699,-35.995213,0.0137964194,-37.204672,-1.209460,26.597357,0.552898924,profile_07_01/mix_01_input.wav,profile_07_01/mix_01_q0.8m.wav
7,01,7,2,0.773742;1.821719,0.9,1,0,,true,0.0158576699,-35.995213,0.0139953471,-37.080327,-1.085114,0.124346,0.021672909,profile_07_01/mix_01_input.wav,profile_07_01/mix_01_q0.9m.wav
7,01,7,2,0.773742;1.821719,1.0,1,0,,true,0.0158576699,-35.995213,0.0140349265,-37.055797,-1.060585,0.024529,0.00680259944,profile_07_01/mix_01_input.wav,profile_07_01/mix_01_q1m.wav
7,01,7,2,0.773742;1.821719,1.1,1,0,,true,0.0158576699,-35.995213,0.014044312,-37.049991,-1.054778,0.005807,0.00467000207,profile_07_01/mix_01_input.wav,profile_07_01/mix_01_q1.1m.wav
7,01,7,2,0.773742;1.821719,1.2,1,0,,true,0.0158576699,-35.995213,0.0140640466,-37.037794,-1.042582,0.012197,0.00457348052,profile_07_01/mix_01_input.wav,profile_07_01/mix_01_q1.2m.wav
7,01,7,2,0.773742;1.821719,1.3,1,0,,true,0.0158576699,-35.995213,0.0140839189,-37.025530,-1.030317,0.012264,0.00316334255,profile_07_01/mix_01_input.wav,profile_07_01/mix_01_q1.3m.wav
7,01,7,2,0.773742;1.821719,1.4,1,0,,true,0.0158576699,-35.995213,0.0141000894,-37.015563,-1.020350,0.009967,0.00234252744,profile_07_01/mix_01_input.wav,profile_07_01/mix_01_q1.4m.wav
7,01,7,2,0.773742;1.821719,1.5,1,0,,true,0.0158576699,-35.995213,0.0141174739,-37.004860,-1.009648,0.010703,0.00269211584,profile_07_01/mix_01_input.wav,profile_07_01/mix_01_q1.5m.wav
7,01,7,2,0.773742;1.821719,1.6,1,0,,true,0.0158576699,-35.995213,0.0141354289,-36.993820,-0.998608,0.011040,0.0029131748,profile_07_01/mix_01_input.wav,profile_07_01/mix_01_q1.6m.wav
7,01,7,2,0.773742;1.821719,1.7,1,0,,true,0.0158576699,-35.995213,0.014156725,-36.980744,-0.985532,0.013076,0.00383147914,profile_07_01/mix_01_input.wav,profile_07_01/mix_01_q1.7m.wav
7,01,7,2,0.773742;1.821719,1.8,1,0,,true,0.0158576699,-35.995213,0.0141949062,-36.957349,-0.962137,0.023395,0.00652932186,profile_07_01/mix_01_input.wav,profile_07_01/mix_01_q1.8m.wav
7,01,7,2,0.773742;1.821719,1.9,2,1,1.821719,false,0.0158576699,-35.995213,0.0142212214,-36.941262,-0.946050,0.016087,0.00435967955,profile_07_01/mix_01_input.wav,profile_07_01/mix_01_q1.9m.wav
7,01,7,2,0.773742;1.821719,2.0,2,0,,true,0.0158576699,-35.995213,0.0142611535,-36.916907,-0.921694,0.024355,0.00660284047,profile_07_01/mix_01_input.wav,profile_07_01/mix_01_q2m.wav
7,01,7,2,0.773742;1.821719,2.1,2,0,,true,0.0158576699,-35.995213,0.014298694,-36.894073,-0.898860,0.022834,0.00577219219,profile_07_01/mix_01_input.wav,profile_07_01/mix_01_q2.1m.wav
7,01,7,2,0.773742;1.821719,2.2,2,0,,true,0.0158576699,-35.995213,0.0143408644,-36.868493,-0.873281,0.025579,0.00698393001,profile_07_01/mix_01_input.wav,profile_07_01/mix_01_q2.2m.wav
7,01,7,2,0.773742;1.821719,2.3,2,0,,true,0.0158576699,-35.995213,0.0143982828,-36.833786,-0.838573,0.034707,0.00943927361,profile_07_01/mix_01_input.wav,profile_07_01/mix_01_q2.3m.wav
7,01,7,2,0.773742;1.821719,2.4,2,0,,true,0.0158576699,-35.995213,0.0144765349,-36.786708,-0.791495,0.047078,0.0129023409,profile_07_01/mix_01_input.wav,profile_07_01/mix_01_q2.4m.wav
7,01,7,2,0.773742;1.821719,2.5,2,0,,true,0.0158576699,-35.995213,0.0146180854,-36.702190,-0.706978,0.084517,0.0233537021,profile_07_01/mix_01_input.wav,profile_07_01/mix_01_q2.5m.wav
7,01,7,2,0.773742;1.821719,2.6,2,0,,true,0.0158576699,-35.995213,0.0148190903,-36.583569,-0.588357,0.118621,0.0292196849,profile_07_01/mix_01_input.wav,profile_07_01/mix_01_q2.6m.wav
7,01,7,2,0.773742;1.821719,2.7,2,0,,true,0.0158576699,-35.995213,0.0150122672,-36.471074,-0.475862,0.112495,0.0242315703,profile_07_01/mix_01_input.wav,profile_07_01/mix_01_q2.7m.wav
7,01,7,2,0.773742;1.821719,2.8,2,0,,true,0.0158576699,-35.995213,0.0151648665,-36.383228,-0.388016,0.087846,0.0179027319,profile_07_01/mix_01_input.wav,profile_07_01/mix_01_q2.8m.wav
7,01,7,2,0.773742;1.821719,2.9,2,0,,true,0.0158576699,-35.995213,0.0152818708,-36.316470,-0.321257,0.066759,0.013563228,profile_07_01/mix_01_input.wav,profile_07_01/mix_01_q2.9m.wav
7,01,7,2,0.773742;1.821719,3.0,2,0,,true,0.0158576699,-35.995213,0.015364852,-36.269432,-0.274220,0.047037,0.00933369983,profile_07_01/mix_01_input.wav,profile_07_01/mix_01_q3m.wav
7,01,7,2,0.773742;1.821719,3.1,2,0,,true,0.0158576699,-35.995213,0.0154229959,-36.236625,-0.241413,0.032807,0.00638951347,profile_07_01/mix_01_input.wav,profile_07_01/mix_01_q3.1m.wav
7,01,7,2,0.773742;1.821719,3.2,2,0,,true,0.0158576699,-35.995213,0.0154694516,-36.210502,-0.215289,0.026123,0.00475651656,profile_07_01/mix_01_input.wav,profile_07_01/mix_01_q3.2m.wav
7,01,7,2,0.773742;1.821719,3.3,2,0,,true,0.0158576699,-35.995213,0.0155098746,-36.187834,-0.192622,0.022667,0.00382427828,profile_07_01/mix_01_input.wav,profile_07_01/mix_01_q3.3m.wav
7,01,7,2,0.773742;1.821719,3.4,2,0,,true,0.0158576699,-35.995213,0.0155463634,-36.167424,-0.172211,0.020411,0.0032767139,profile_07_01/mix_01_input.wav,profile_07_01/mix_01_q3.4m.wav
7,01,7,2,0.773742;1.821719,3.5,2,0,,true,0.0158576699,-35.995213,0.0155790688,-36.149170,-0.153958,0.018254,0.00286758992,profile_07_01/mix_01_input.wav,profile_07_01/mix_01_q3.5m.wav
7,01,7,2,0.773742;1.821719,3.6,2,0,,true,0.0158576699,-35.995213,0.0156036973,-36.135450,-0.140237,0.013720,0.00218820446,profile_07_01/mix_01_input.wav,profile_07_01/mix_01_q3.6m.wav
7,01,7,2,0.773742;1.821719,3.7,2,0,,true,0.0158576699,-35.995213,0.0156201615,-36.126290,-0.131077,0.009160,0.00158335048,profile_07_01/mix_01_input.wav,profile_07_01/mix_01_q3.7m.wav
7,01,7,2,0.773742;1.821719,3.8,2,0,,true,0.0158576699,-35.995213,0.0156344751,-36.118334,-0.123121,0.007956,0.00148871346,profile_07_01/mix_01_input.wav,profile_07_01/mix_01_q3.8m.wav
7,01,7,2,0.773742;1.821719,3.9,2,0,,true,0.0158576699,-35.995213,0.0156459829,-36.111943,-0.116730,0.006391,0.00140806945,profile_07_01/mix_01_input.wav,profile_07_01/mix_01_q3.9m.wav
7,01,7,2,0.773742;1.821719,4.0,2,0,,true,0.0158576699,-35.995213,0.0156531617,-36.107959,-0.112746,0.003984,0.00125614764,profile_07_01/mix_01_input.wav,profile_07_01/mix_01_q4m.wav
8,02,8,2,0.351722;2.912354,0.0,0,,,,0.0125477719,-38.028668,1.94236193e-06,-114.233392,-76.204725,,,profile_08_02/mix_01_input.wav,profile_08_02/mix_01_q0m.wav
8,02,8,2,0.351722;2.912354,0.1,0,0,,true,0.0125477719,-38.028668,1.36449437e-06,-117.300559,-79.271891,-3.067166,0.000100807918,profile_08_02/mix_01_input.wav,profile_08_02/mix_01_q0.1m.wav
8,02,8,2,0.351722;2.912354,0.2,0,0,,true,0.0125477719,-38.028668,1.6739917e-06,-115.524929,-77.496261,1.775630,9.30442836e-05,profile_08_02/mix_01_input.wav,profile_08_02/mix_01_q0.2m.wav
8,02,8,2,0.351722;2.912354,0.3,0,0,,true,0.0125477719,-38.028668,9.99374906e-05,-80.005431,-41.976763,35.519498,0.000880525235,profile_08_02/mix_01_input.wav,profile_08_02/mix_01_q0.3m.wav
8,02,8,2,0.351722;2.912354,0.4,1,1,0.351722,false,0.0125477719,-38.028668,0.00405276953,-47.844962,-9.816294,32.160469,0.117220094,profile_08_02/mix_01_input.wav,profile_08_02/mix_01_q0.4m.wav
8,02,8,2,0.351722;2.912354,0.5,1,0,,true,0.0125477719,-38.028668,0.00696918728,-43.136357,-5.107690,4.708605,0.140852148,profile_08_02/mix_01_input.wav,profile_08_02/mix_01_q0.5m.wav
8,02,8,2,0.351722;2.912354,0.6,1,0,,true,0.0125477719,-38.028668,0.0120692488,-38.366395,-0.337727,4.769962,0.294650215,profile_08_02/mix_01_input.wav,profile_08_02/mix_01_q0.6m.wav
8,02,8,2,0.351722;2.912354,0.7,1,0,,true,0.0125477719,-38.028668,0.0122287266,-38.252375,-0.223708,0.114020,0.0145861676,profile_08_02/mix_01_input.wav,profile_08_02/mix_01_q0.7m.wav
8,02,8,2,0.351722;2.912354,0.8,1,0,,true,0.0125477719,-38.028668,0.0122815805,-38.214915,-0.186247,0.037460,0.00721289259,profile_08_02/mix_01_input.wav,profile_08_02/mix_01_q0.8m.wav
8,02,8,2,0.351722;2.912354,0.9,1,0,,true,0.0125477719,-38.028668,0.0123012705,-38.201001,-0.172333,0.013914,0.00436041255,profile_08_02/mix_01_input.wav,profile_08_02/mix_01_q0.9m.wav
8,02,8,2,0.351722;2.912354,1.0,1,0,,true,0.0125477719,-38.028668,0.0123132106,-38.192574,-0.163906,0.008427,0.00264693717,profile_08_02/mix_01_input.wav,profile_08_02/mix_01_q1m.wav
8,02,8,2,0.351722;2.912354,1.1,1,0,,true,0.0125477719,-38.028668,0.0123215733,-38.186677,-0.158009,0.005897,0.00194002138,profile_08_02/mix_01_input.wav,profile_08_02/mix_01_q1.1m.wav
8,02,8,2,0.351722;2.912354,1.2,1,0,,true,0.0125477719,-38.028668,0.0123259145,-38.183617,-0.154949,0.003060,0.00125296856,profile_08_02/mix_01_input.wav,profile_08_02/mix_01_q1.2m.wav
8,02,8,2,0.351722;2.912354,1.3,1,0,,true,0.0125477719,-38.028668,0.0123289884,-38.181451,-0.152783,0.002166,0.00103871872,profile_08_02/mix_01_input.wav,profile_08_02/mix_01_q1.3m.wav
8,02,8,2,0.351722;2.912354,1.4,1,0,,true,0.0125477719,-38.028668,0.0123310383,-38.180007,-0.151339,0.001444,0.00145747276,profile_08_02/mix_01_input.wav,profile_08_02/mix_01_q1.4m.wav
8,02,8,2,0.351722;2.912354,1.5,1,0,,true,0.0125477719,-38.028668,0.0123326674,-38.178860,-0.150192,0.001147,0.000880329025,profile_08_02/mix_01_input.wav,profile_08_02/mix_01_q1.5m.wav
8,02,8,2,0.351722;2.912354,1.6,1,0,,true,0.0125477719,-38.028668,0.012341875,-38.172377,-0.143709,0.006483,0.0029002733,profile_08_02/mix_01_input.wav,profile_08_02/mix_01_q1.6m.wav
8,02,8,2,0.351722;2.912354,1.7,1,0,,true,0.0125477719,-38.028668,0.0123534253,-38.164252,-0.135584,0.008125,0.00286678404,profile_08_02/mix_01_input.wav,profile_08_02/mix_01_q1.7m.wav
8,02,8,2,0.351722;2.912354,1.8,1,0,,true,0.0125477719,-38.028668,0.0123568014,-38.161879,-0.133211,0.002373,0.000948740679,profile_08_02/mix_01_input.wav,profile_08_02/mix_01_q1.8m.wav
8,02,8,2,0.351722;2.912354,1.9,1,0,,true,0.0125477719,-38.028668,0.0123584758,-38.160702,-0.132034,0.001177,0.000581154011,profile_08_02/mix_01_input.wav,profile_08_02/mix_01_q1.9m.wav
8,02,8,2,0.351722;2.912354,2.0,1,0,,true,0.0125477719,-38.028668,0.0123601614,-38.159517,-0.130849,0.001185,0.000535610642,profile_08_02/mix_01_input.wav,profile_08_02/mix_01_q2m.wav
8,02,8,2,0.351722;2.912354,2.1,1,0,,true,0.0125477719,-38.028668,0.0123623568,-38.157975,-0.129307,0.001543,0.000599603179,profile_08_02/mix_01_input.wav,profile_08_02/mix_01_q2.1m.wav
8,02,8,2,0.351722;2.912354,2.2,1,0,,true,0.0125477719,-38.028668,0.0123644696,-38.156490,-0.127823,0.001484,0.000635267138,profile_08_02/mix_01_input.wav,profile_08_02/mix_01_q2.2m.wav
8,02,8,2,0.351722;2.912354,2.3,1,0,,true,0.0125477719,-38.028668,0.0123662591,-38.155233,-0.126565,0.001257,0.000762837033,profile_08_02/mix_01_input.wav,profile_08_02/mix_01_q2.3m.wav
8,02,8,2,0.351722;2.912354,2.4,1,0,,true,0.0125477719,-38.028668,0.0123682362,-38.153845,-0.125177,0.001389,0.000670668493,profile_08_02/mix_01_input.wav,profile_08_02/mix_01_q2.4m.wav
8,02,8,2,0.351722;2.912354,2.5,1,0,,true,0.0125477719,-38.028668,0.0123696057,-38.152883,-0.124215,0.000962,0.000532152462,profile_08_02/mix_01_input.wav,profile_08_02/mix_01_q2.5m.wav
8,02,8,2,0.351722;2.912354,2.6,1,0,,true,0.0125477719,-38.028668,0.0123711378,-38.151807,-0.123139,0.001076,0.000496173349,profile_08_02/mix_01_input.wav,profile_08_02/mix_01_q2.6m.wav
8,02,8,2,0.351722;2.912354,2.7,1,0,,true,0.0125477719,-38.028668,0.0123724034,-38.150919,-0.122251,0.000889,0.000523314699,profile_08_02/mix_01_input.wav,profile_08_02/mix_01_q2.7m.wav
8,02,8,2,0.351722;2.912354,2.8,1,0,,true,0.0125477719,-38.028668,0.0123736806,-38.150022,-0.121354,0.000897,0.000531864308,profile_08_02/mix_01_input.wav,profile_08_02/mix_01_q2.8m.wav
8,02,8,2,0.351722;2.912354,2.9,1,0,,true,0.0125477719,-38.028668,0.0123750102,-38.149089,-0.120421,0.000933,0.000595289126,profile_08_02/mix_01_input.wav,profile_08_02/mix_01_q2.9m.wav
8,02,8,2,0.351722;2.912354,3.0,2,1,2.912354,false,0.0125477719,-38.028668,0.012376328,-38.148164,-0.119496,0.000925,0.000633604461,profile_08_02/mix_01_input.wav,profile_08_02/mix_01_q3m.wav
8,02,8,2,0.351722;2.912354,3.1,2,0,,true,0.0125477719,-38.028668,0.0123775435,-38.147311,-0.118643,0.000853,0.00072358352,profile_08_02/mix_01_input.wav,profile_08_02/mix_01_q3.1m.wav
8,02,8,2,0.351722;2.912354,3.2,2,0,,true,0.0125477719,-38.028668,0.0123787705,-38.146450,-0.117782,0.000861,0.000789668919,profile_08_02/mix_01_input.wav,profile_08_02/mix_01_q3.2m.wav
8,02,8,2,0.351722;2.912354,3.3,2,0,,true,0.0125477719,-38.028668,0.0123813359,-38.144650,-0.115982,0.001800,0.0012443398,profile_08_02/mix_01_input.wav,profile_08_02/mix_01_q3.3m.wav
8,02,8,2,0.351722;2.912354,3.4,2,0,,true,0.0125477719,-38.028668,0.0123846361,-38.142335,-0.113667,0.002315,0.00132740395,profile_08_02/mix_01_input.wav,profile_08_02/mix_01_q3.4m.wav
8,02,8,2,0.351722;2.912354,3.5,2,0,,true,0.0125477719,-38.028668,0.0123883267,-38.139747,-0.111079,0.002588,0.00158318304,profile_08_02/mix_01_input.wav,profile_08_02/mix_01_q3.5m.wav
8,02,8,2,0.351722;2.912354,3.6,2,0,,true,0.0125477719,-38.028668,0.0123924947,-38.136825,-0.108158,0.002922,0.00207199343,profile_08_02/mix_01_input.wav,profile_08_02/mix_01_q3.6m.wav
8,02,8,2,0.351722;2.912354,3.7,2,0,,true,0.0125477719,-38.028668,0.0123981626,-38.132853,-0.104186,0.003972,0.00277240159,profile_08_02/mix_01_input.wav,profile_08_02/mix_01_q3.7m.wav
8,02,8,2,0.351722;2.912354,3.8,2,0,,true,0.0125477719,-38.028668,0.0124051818,-38.127937,-0.099270,0.004916,0.00383417782,profile_08_02/mix_01_input.wav,profile_08_02/mix_01_q3.8m.wav
8,02,8,2,0.351722;2.912354,3.9,2,0,,true,0.0125477719,-38.028668,0.0124141382,-38.121668,-0.093001,0.006269,0.00497094479,profile_08_02/mix_01_input.wav,profile_08_02/mix_01_q3.9m.wav
8,02,8,2,0.351722;2.912354,4.0,2,0,,true,0.0125477719,-38.028668,0.0124225219,-38.115805,-0.087137,0.005864,0.00505260017,profile_08_02/mix_01_input.wav,profile_08_02/mix_01_q4m.wav
9,03,9,2,0.333618;3.421492,0.0,0,,,,0.0165026345,-35.648934,5.6859302e-06,-104.903968,-69.255034,,,profile_09_03/mix_01_input.wav,profile_09_03/mix_01_q0m.wav
9,03,9,2,0.333618;3.421492,0.1,0,0,,true,0.0165026345,-35.648934,3.78225605e-06,-108.444979,-72.796045,-3.541011,0.000110876359,profile_09_03/mix_01_input.wav,profile_09_03/mix_01_q0.1m.wav
9,03,9,2,0.333618;3.421492,0.2,0,0,,true,0.0165026345,-35.648934,4.71113245e-06,-106.537492,-70.888557,1.907487,0.000100493854,profile_09_03/mix_01_input.wav,profile_09_03/mix_01_q0.2m.wav
9,03,9,2,0.333618;3.421492,0.3,0,0,,true,0.0165026345,-35.648934,4.92156044e-06,-106.157942,-70.509007,0.379550,0.000114878957,profile_09_03/mix_01_input.wav,profile_09_03/mix_01_q0.3m.wav
9,03,9,2,0.333618;3.421492,0.4,1,1,0.333618,false,0.0165026345,-35.648934,0.00220672818,-53.125023,-17.476089,53.032919,0.0304734665,profile_09_03/mix_01_input.wav,profile_09_03/mix_01_q0.4m.wav
9,03,9,2,0.333618;3.421492,0.5,1,0,,true,0.0165026345,-35.648934,0.014461675,-36.795628,-1.146694,16.329395,0.499358821,profile_09_03/mix_01_input.wav,profile_09_03/mix_01_q0.5m.wav
9,03,9,2,0.333618;3.421492,0.6,1,0,,true,0.0165026345,-35.648934,0.0145856645,-36.721476,-1.072541,0.074152,0.0132508162,profile_09_03/mix_01_input.wav,profile_09_03/mix_01_q0.6m.wav
9,03,9,2,0.333618;3.421492,0.7,1,0,,true,0.0165026345,-35.648934,0.0146346628,-36.692346,-1.043411,0.029130,0.00601351707,profile_09_03/mix_01_input.wav,profile_09_03/mix_01_q0.7m.wav
9,03,9,2,0.333618;3.421492,0.8,1,0,,true,0.0165026345,-35.648934,0.0146679652,-36.672603,-1.023668,0.019743,0.00495913414,profile_09_03/mix_01_input.wav,profile_09_03/mix_01_q0.8m.wav
9,03,9,2,0.333618;3.421492,0.9,1,0,,true,0.0165026345,-35.648934,0.0146845381,-36.662794,-1.013860,0.009808,0.00297459931,profile_09_03/mix_01_input.wav,profile_09_03/mix_01_q0.9m.wav
9,03,9,2,0.333618;3.421492,1.0,1,0,,true,0.0165026345,-35.648934,0.0146969178,-36.655475,-1.006540,0.007319,0.00229572834,profile_09_03/mix_01_input.wav,profile_09_03/mix_01_q1m.wav
9,03,9,2,0.333618;3.421492,1.1,1,0,,true,0.0165026345,-35.648934,0.0147072293,-36.649383,-1.000448,0.006092,0.0017233766,profile_09_03/mix_01_input.wav,profile_09_03/mix_01_q1.1m.wav
9,03,9,2,0.333618;3.421492,1.2,1,0,,true,0.0165026345,-35.648934,0.014718706,-36.642607,-0.993673,0.006775,0.00186295337,profile_09_03/mix_01_input.wav,profile_09_03/mix_01_q1.2m.wav
9,03,9,2,0.333618;3.421492,1.3,1,0,,true,0.0165026345,-35.648934,0.0147265674,-36.637969,-0.989035,0.004638,0.00120802673,profile_09_03/mix_01_input.wav,profile_09_03/mix_01_q1.3m.wav
9,03,9,2,0.333618;3.421492,1.4,1,0,,true,0.0165026345,-35.648934,0.0147330454,-36.634149,-0.985215,0.003820,0.00154015171,profile_09_03/mix_01_input.wav,profile_09_03/mix_01_q1.4m.wav
9,03,9,2,0.333618;3.421492,1.5,1,0,,true,0.0165026345,-35.648934,0.0147383403,-36.631028,-0.982094,0.003121,0.0013666293,profile_09_03/mix_01_input.wav,profile_09_03/mix_01_q1.5m.wav
9,03,9,2,0.333618;3.421492,1.6,1,0,,true,0.0165026345,-35.648934,0.0147428501,-36.628371,-0.979437,0.002657,0.00111168044,profile_09_03/mix_01_input.wav,profile_09_03/mix_01_q1.6m.wav
9,03,9,2,0.333618;3.421492,1.7,1,0,,true,0.0165026345,-35.648934,0.0147476997,-36.625514,-0.976580,0.002857,0.00109382765,profile_09_03/mix_01_input.wav,profile_09_03/mix_01_q1.7m.wav
9,03,9,2,0.333618;3.421492,1.8,1,0,,true,0.0165026345,-35.648934,0.0147532936,-36.622220,-0.973286,0.003294,0.00156600964,profile_09_03/mix_01_input.wav,profile_09_03/mix_01_q1.8m.wav
9,03,9,2,0.333618;3.421492,1.9,1,0,,true,0.0165026345,-35.648934,0.014761461,-36.617413,-0.968479,0.004807,0.00240431415,profile_09_03/mix_01_input.wav,profile_09_03/mix_01_q1.9m.wav
9,03,9,2,0.333618;3.421492,2.0,1,0,,true,0.0165026345,-35.648934,0.0147714162,-36.611557,-0.962623,0.005856,0.00286124123,profile_09_03/mix_01_input.wav,profile_09_03/mix_01_q2m.wav
9,03,9,2,0.333618;3.421492,2.1,1,0,,true,0.0165026345,-35.648934,0.0147811577,-36.605831,-0.956897,0.005726,0.00268303055,profile_09_03/mix_01_input.wav,profile_09_03/mix_01_q2.1m.wav
9,03,9,2,0.333618;3.421492,2.2,1,0,,true,0.0165026345,-35.648934,0.0147916507,-36.599667,-0.950733,0.006164,0.00281231778,profile_09_03/mix_01_input.wav,profile_09_03/mix_01_q2.2m.wav
9,03,9,2,0.333618;3.421492,2.3,1,0,,true,0.0165026345,-35.648934,0.0148033506,-36.592800,-0.943865,0.006868,0.00327385576,profile_09_03/mix_01_input.wav,profile_09_03/mix_01_q2.3m.wav
9,03,9,2,0.333618;3.421492,2.4,1,0,,true,0.0165026345,-35.648934,0.0148160245,-36.585366,-0.936432,0.007433,0.00348186775,profile_09_03/mix_01_input.wav,profile_09_03/mix_01_q2.4m.wav
9,03,9,2,0.333618;3.421492,2.5,1,0,,true,0.0165026345,-35.648934,0.0148294163,-36.577519,-0.928584,0.007847,0.00360108336,profile_09_03/mix_01_input.wav,profile_09_03/mix_01_q2.5m.wav
9,03,9,2,0.333618;3.421492,2.6,1,0,,true,0.0165026345,-35.648934,0.0148435105,-36.569268,-0.920333,0.008251,0.00384008488,profile_09_03/mix_01_input.wav,profile_09_03/mix_01_q2.6m.wav
9,03,9,2,0.333618;3.421492,2.7,1,0,,true,0.0165026345,-35.648934,0.0148610573,-36.559006,-0.910071,0.010262,0.00434470177,profile_09_03/mix_01_input.wav,profile_09_03/mix_01_q2.7m.wav
9,03,9,2,0.333618;3.421492,2.8,1,0,,true,0.0165026345,-35.648934,0.0148813327,-36.547163,-0.898229,0.011842,0.0049395958,profile_09_03/mix_01_input.wav,profile_09_03/mix_01_q2.8m.wav
9,03,9,2,0.333618;3.421492,2.9,1,0,,true,0.0165026345,-35.648934,0.0149029776,-36.534539,-0.885605,0.012624,0.00521457119,profile_09_03/mix_01_input.wav,profile_09_03/mix_01_q2.9m.wav
9,03,9,2,0.333618;3.421492,3.0,1,0,,true,0.0165026345,-35.648934,0.0149263349,-36.520936,-0.872002,0.013603,0.00552543248,profile_09_03/mix_01_input.wav,profile_09_03/mix_01_q3m.wav
9,03,9,2,0.333618;3.421492,3.1,1,0,,true,0.0165026345,-35.648934,0.0149532311,-36.505299,-0.856365,0.015637,0.00629530607,profile_09_03/mix_01_input.wav,profile_09_03/mix_01_q3.1m.wav
9,03,9,2,0.333618;3.421492,3.2,1,0,,true,0.0165026345,-35.648934,0.0149868063,-36.485818,-0.836884,0.019481,0.00759645494,profile_09_03/mix_01_input.wav,profile_09_03/mix_01_q3.2m.wav
9,03,9,2,0.333618;3.421492,3.3,1,0,,true,0.0165026345,-35.648934,0.0150348552,-36.458015,-0.809081,0.027803,0.0101810277,profile_09_03/mix_01_input.wav,profile_09_03/mix_01_q3.3m.wav
9,03,9,2,0.333618;3.421492,3.4,1,0,,true,0.0165026345,-35.648934,0.0151085091,-36.415568,-0.766633,0.042447,0.014631867,profile_09_03/mix_01_input.wav,profile_09_03/mix_01_q3.4m.wav
9,03,9,2,0.333618;3.421492,3.5,2,1,3.421492,false,0.0165026345,-35.648934,0.0152194733,-36.352008,-0.703073,0.063560,0.0199654353,profile_09_03/mix_01_input.wav,profile_09_03/mix_01_q3.5m.wav
9,03,9,2,0.333618;3.421492,3.6,2,0,,true,0.0165026345,-35.648934,0.0153821554,-36.259656,-0.610722,0.092351,0.0252715975,profile_09_03/mix_01_input.wav,profile_09_03/mix_01_q3.6m.wav
9,03,9,2,0.333618;3.421492,3.7,2,0,,true,0.0165026345,-35.648934,0.0155773796,-36.150112,-0.501178,0.109544,0.0250326774,profile_09_03/mix_01_input.wav,profile_09_03/mix_01_q3.7m.wav
9,03,9,2,0.333618;3.421492,3.8,2,0,,true,0.0165026345,-35.648934,0.0157306213,-36.065082,-0.416148,0.085029,0.0159890794,profile_09_03/mix_01_input.wav,profile_09_03/mix_01_q3.8m.wav
9,03,9,2,0.333618;3.421492,3.9,2,0,,true,0.0165026345,-35.648934,0.0158161848,-36.017965,-0.369031,0.047117,0.00855641939,profile_09_03/mix_01_input.wav,profile_09_03/mix_01_q3.9m.wav
9,03,9,2,0.333618;3.421492,4.0,2,0,,true,0.0165026345,-35.648934,0.0158990432,-35.972580,-0.323646,0.045385,0.00811622457,profile_09_03/mix_01_input.wav,profile_09_03/mix_01_q4m.wav
10,04,10,2,0.308382;4.360290,0.0,0,,,,0.014659651,-36.677527,1.63963821e-06,-115.705034,-79.027507,,,profile_10_04/mix_01_input.wav,profile_10_04/mix_01_q0m.wav
10,04,10,2,0.308382;4.360290,0.1,0,0,,true,0.014659651,-36.677527,1.09950755e-06,-119.176028,-82.498500,-3.470994,8.55403616e-05,profile_10_04/mix_01_input.wav,profile_10_04/mix_01_q0.1m.wav
10,04,10,2,0.308382;4.360290,0.2,0,0,,true,0.014659651,-36.677527,1.39621705e-06,-117.100935,-80.423408,2.075093,7.69366301e-05,profile_10_04/mix_01_input.wav,profile_10_04/mix_01_q0.2m.wav
10,04,10,2,0.308382;4.360290,0.3,0,0,,true,0.014659651,-36.677527,0.00142579706,-56.918846,-20.241318,60.182089,0.0233259849,profile_10_04/mix_01_input.wav,profile_10_04/mix_01_q0.3m.wav
10,04,10,2,0.308382;4.360290,0.4,1,1,0.308382,false,0.014659651,-36.677527,0.0141414497,-36.990121,-0.312594,19.928724,0.559961179,profile_10_04/mix_01_input.wav,profile_10_04/mix_01_q0.4m.wav
10,04,10,2,0.308382;4.360290,0.5,1,0,,true,0.014659651,-36.677527,0.0143010835,-36.892621,-0.215094,0.097500,0.012692689,profile_10_04/mix_01_input.wav,profile_10_04/mix_01_q0.5m.wav
10,04,10,2,0.308382;4.360290,0.6,1,0,,true,0.014659651,-36.677527,0.0143481198,-36.864100,-0.186573,0.028521,0.00444044643,profile_10_04/mix_01_input.wav,profile_10_04/mix_01_q0.6m.wav
10,04,10,2,0.308382;4.360290,0.7,1,0,,true,0.014659651,-36.677527,0.0143685509,-36.851741,-0.174213,0.012359,0.00261966493,profile_10_04/mix_01_input.wav,profile_10_04/mix_01_q0.7m.wav
10,04,10,2,0.308382;4.360290,0.8,1,0,,true,0.014659651,-36.677527,0.0143829311,-36.843052,-0.165525,0.008689,0.00181818063,profile_10_04/mix_01_input.wav,profile_10_04/mix_01_q0.8m.wav
10,04,10,2,0.308382;4.360290,0.9,1,0,,true,0.014659651,-36.677527,0.0143925715,-36.837232,-0.159705,0.005820,0.00145791674,profile_10_04/mix_01_input.wav,profile_10_04/mix_01_q0.9m.wav
10,04,10,2,0.308382;4.360290,1.0,1,0,,true,0.014659651,-36.677527,0.0144000935,-36.832694,-0.155166,0.004538,0.00107116644,profile_10_04/mix_01_input.wav,profile_10_04/mix_01_q1m.wav
10,04,10,2,0.308382;4.360290,1.1,1,0,,true,0.014659651,-36.677527,0.0144058995,-36.829192,-0.151665,0.003501,0.000872005438,profile_10_04/mix_01_input.wav,profile_10_04/mix_01_q1.1m.wav
10,04,10,2,0.308382;4.360290,1.2,1,0,,true,0.014659651,-36.677527,0.0144104822,-36.826430,-0.148902,0.002763,0.000679733682,profile_10_04/mix_01_input.wav,profile_10_04/mix_01_q1.2m.wav
10,04,10,2,0.308382;4.360290,1.3,1,0,,true,0.014659651,-36.677527,0.0144138777,-36.824383,-0.146856,0.002046,0.00060061581,profile_10_04/mix_01_input.wav,profile_10_04/mix_01_q1.3m.wav
10,04,10,2,0.308382;4.360290,1.4,1,0,,true,0.014659651,-36.677527,0.014417019,-36.822491,-0.144963,0.001893,0.000539780396,profile_10_04/mix_01_input.wav,profile_10_04/mix_01_q1.4m.wav
10,04,10,2,0.308382;4.360290,1.5,1,0,,true,0.014659651,-36.677527,0.014419334,-36.821096,-0.143569,0.001395,0.000470000111,profile_10_04/mix_01_input.wav,profile_10_04/mix_01_q1.5m.wav
10,04,10,2,0.308382;4.360290,1.6,1,0,,true,0.014659651,-36.677527,0.0144212144,-36.819963,-0.142436,0.001133,0.000430110778,profile_10_04/mix_01_input.wav,profile_10_04/mix_01_q1.6m.wav
10,04,10,2,0.308382;4.360290,1.7,1,0,,true,0.014659651,-36.677527,0.0144228917,-36.818953,-0.141426,0.001010,0.000399124747,profile_10_04/mix_01_input.wav,profile_10_04/mix_01_q1.7m.wav
10,04,10,2,0.308382;4.360290,1.8,1,0,,true,0.014659651,-36.677527,0.0144242695,-36.818123,-0.140596,0.000830,0.000361064528,profile_10_04/mix_01_input.wav,profile_10_04/mix_01_q1.8m.wav
10,04,10,2,0.308382;4.360290,1.9,1,0,,true,0.014659651,-36.677527,0.0144257234,-36.817248,-0.139721,0.000875,0.000363094685,profile_10_04/mix_01_input.wav,profile_10_04/mix_01_q1.9m.wav
10,04,10,2,0.308382;4.360290,2.0,1,0,,true,0.014659651,-36.677527,0.0144268793,-36.816552,-0.139025,0.000696,0.000352839609,profile_10_04/mix_01_input.wav,profile_10_04/mix_01_q2m.wav
10,04,10,2,0.308382;4.360290,2.1,1,0,,true,0.014659651,-36.677527,0.0144280425,-36.815852,-0.138324,0.000700,0.000361825116,profile_10_04/mix_01_input.wav,profile_10_04/mix_01_q2.1m.wav
10,04,10,2,0.308382;4.360290,2.2,1,0,,true,0.014659651,-36.677527,0.0144291698,-36.815173,-0.137646,0.000679,0.000365343163,profile_10_04/mix_01_input.wav,profile_10_04/mix_01_q2.2m.wav
10,04,10,2,0.308382;4.360290,2.3,1,0,,true,0.014659651,-36.677527,0.0144302088,-36.814548,-0.137020,0.000625,0.000361219847,profile_10_04/mix_01_input.wav,profile_10_04/mix_01_q2.3m.wav
10,04,10,2,0.308382;4.360290,2.4,1,0,,true,0.014659651,-36.677527,0.0144313432,-36.813865,-0.136338,0.000683,0.000398921223,profile_10_04/mix_01_input.wav,profile_10_04/mix_01_q2.4m.wav
10,04,10,2,0.308382;4.360290,2.5,1,0,,true,0.014659651,-36.677527,0.0144322504,-36.813319,-0.135792,0.000546,0.000385540971,profile_10_04/mix_01_input.wav,profile_10_04/mix_01_q2.5m.wav
10,04,10,2,0.308382;4.360290,2.6,1,0,,true,0.014659651,-36.677527,0.0144328143,-36.812980,-0.135452,0.000339,0.000391385328,profile_10_04/mix_01_input.wav,profile_10_04/mix_01_q2.6m.wav
10,04,10,2,0.308382;4.360290,2.7,1,0,,true,0.014659651,-36.677527,0.0144331158,-36.812798,-0.135271,0.000181,0.000397553846,profile_10_04/mix_01_input.wav,profile_10_04/mix_01_q2.7m.wav
10,04,10,2,0.308382;4.360290,2.8,1,0,,true,0.014659651,-36.677527,0.0144331168,-36.812798,-0.135270,0.000001,0.0003705199,profile_10_04/mix_01_input.wav,profile_10_04/mix_01_q2.8m.wav
10,04,10,2,0.308382;4.360290,2.9,1,0,,true,0.014659651,-36.677527,0.0144330337,-36.812847,-0.135320,-0.000050,0.000391452797,profile_10_04/mix_01_input.wav,profile_10_04/mix_01_q2.9m.wav
10,04,10,2,0.308382;4.360290,3.0,1,0,,true,0.014659651,-36.677527,0.0144329722,-36.812885,-0.135357,-0.000037,0.000412270981,profile_10_04/mix_01_input.wav,profile_10_04/mix_01_q3m.wav
10,04,10,2,0.308382;4.360290,3.1,1,0,,true,0.014659651,-36.677527,0.0144328839,-36.812938,-0.135410,-0.000053,0.000445489142,profile_10_04/mix_01_input.wav,profile_10_04/mix_01_q3.1m.wav
10,04,10,2,0.308382;4.360290,3.2,1,0,,true,0.014659651,-36.677527,0.0144327927,-36.812993,-0.135465,-0.000055,0.000509458697,profile_10_04/mix_01_input.wav,profile_10_04/mix_01_q3.2m.wav
10,04,10,2,0.308382;4.360290,3.3,1,0,,true,0.014659651,-36.677527,0.0144332685,-36.812706,-0.135179,0.000286,0.000674993712,profile_10_04/mix_01_input.wav,profile_10_04/mix_01_q3.3m.wav
10,04,10,2,0.308382;4.360290,3.4,1,0,,true,0.014659651,-36.677527,0.0144340814,-36.812217,-0.134690,0.000489,0.000873598953,profile_10_04/mix_01_input.wav,profile_10_04/mix_01_q3.4m.wav
10,04,10,2,0.308382;4.360290,3.5,1,0,,true,0.014659651,-36.677527,0.0144354592,-36.811388,-0.133861,0.000829,0.00130467837,profile_10_04/mix_01_input.wav,profile_10_04/mix_01_q3.5m.wav
10,04,10,2,0.308382;4.360290,3.6,1,0,,true,0.014659651,-36.677527,0.0144375709,-36.810117,-0.132590,0.001271,0.00196964203,profile_10_04/mix_01_input.wav,profile_10_04/mix_01_q3.6m.wav
10,04,10,2,0.308382;4.360290,3.7,1,0,,true,0.014659651,-36.677527,0.0144407276,-36.808218,-0.130691,0.001899,0.00290573425,profile_10_04/mix_01_input.wav,profile_10_04/mix_01_q3.7m.wav
10,04,10,2,0.308382;4.360290,3.8,1,0,,true,0.014659651,-36.677527,0.0144457816,-36.805179,-0.127652,0.003039,0.00429598247,profile_10_04/mix_01_input.wav,profile_10_04/mix_01_q3.8m.wav
10,04,10,2,0.308382;4.360290,3.9,1,0,,true,0.014659651,-36.677527,0.0144524767,-36.801154,-0.123627,0.004025,0.005119098,profile_10_04/mix_01_input.wav,profile_10_04/mix_01_q3.9m.wav
10,04,10,2,0.308382;4.360290,4.0,1,0,,true,0.014659651,-36.677527,0.01445683,-36.798539,-0.121011,0.002616,0.00397920848,profile_10_04/mix_01_input.wav,profile_10_04/mix_01_q4m.wav
11,11,11,2,1.095114;1.365297,0.0,0,,,,0.0116788306,-38.652013,1.59446619e-06,-115.947688,-77.295675,,,profile_11_11/mix_01_input.wav,profile_11_11/mix_01_q0m.wav
11,11,11,2,1.095114;1.365297,0.1,0,0,,true,0.0116788306,-38.652013,1.1446287e-06,-118.826700,-80.174687,-2.879012,0.000102494049,profile_11_11/mix_01_input.wav,profile_11_11/mix_01_q0.1m.wav
11,11,11,2,1.095114;1.365297,0.2,0,0,,true,0.0116788306,-38.652013,1.38302409e-06,-117.183399,-78.531386,1.643301,9.48439988e-05,profile_11_11/mix_01_input.wav,profile_11_11/mix_01_q0.2m.wav
11,11,11,2,1.095114;1.365297,0.3,0,0,,true,0.0116788306,-38.652013,1.63234992e-06,-115.743729,-77.091717,1.439669,0.000108028573,profile_11_11/mix_01_input.wav,profile_11_11/mix_01_q0.3m.wav
11,11,11,2,1.095114;1.365297,0.4,0,0,,true,0.0116788306,-38.652013,1.88263579e-06,-114.504669,-75.852656,1.239060,0.00010569152,profile_11_11/mix_01_input.wav,profile_11_11/mix_01_q0.4m.wav
11,11,11,2,1.095114;1.365297,0.5,0,0,,true,0.0116788306,-38.652013,2.10692476e-06,-113.527015,-74.875003,0.977654,8.21235528e-05,profile_11_11/mix_01_input.wav,profile_11_11/mix_01_q0.5m.wav
11,11,11,2,1.095114;1.365297,0.6,0,0,,true,0.0116788306,-38.652013,2.2665485e-06,-112.892696,-74.240683,0.634319,7.67945523e-05,profile_11_11/mix_01_input.wav,profile_11_11/mix_01_q0.6m.wav
11,11,11,2,1.095114;1.365297,0.7,0,0,,true,0.0116788306,-38.652013,2.36263937e-06,-112.532048,-73.880035,0.360648,7.22512084e-05,profile_11_11/mix_01_input.wav,profile_11_11/mix_01_q0.7m.wav
11,11,11,2,1.095114;1.365297,0.8,0,0,,true,0.0116788306,-38.652013,3.46194001e-06,-109.213607,-70.561594,3.318441,0.000100177224,profile_11_11/mix_01_input.wav,profile_11_11/mix_01_q0.8m.wav
11,11,11,2,1.095114;1.365297,0.9,0,0,,true,0.0116788306,-38.652013,0.00136812379,-57.277492,-18.625479,51.936115,0.0162681843,profile_11_11/mix_01_input.wav,profile_11_11/mix_01_q0.9m.wav
11,11,11,2,1.095114;1.365297,1.0,0,0,,true,0.0116788306,-38.652013,0.00973213151,-40.235841,-1.583828,17.041651,0.537311458,profile_11_11/mix_01_input.wav,profile_11_11/mix_01_q1m.wav
11,11,11,2,1.095114;1.365297,1.1,1,1,1.095114,false,0.0116788306,-38.652013,0.00985039589,-40.130926,-1.478914,0.104914,0.0129662248,profile_11_11/mix_01_input.wav,profile_11_11/mix_01_q1.1m.wav
11,11,11,2,1.095114;1.365297,1.2,1,0,,true,0.0116788306,-38.652013,0.00987025263,-40.113435,-1.461422,0.017492,0.00326313612,profile_11_11/mix_01_input.wav,profile_11_11/mix_01_q1.2m.wav
11,11,11,2,1.095114;1.365297,1.3,1,0,,true,0.0116788306,-38.652013,0.00987961916,-40.105196,-1.453183,0.008239,0.00287434988,profile_11_11/mix_01_input.wav,profile_11_11/mix_01_q1.3m.wav
11,11,11,2,1.095114;1.365297,1.4,2,1,1.365297,false,0.0116788306,-38.652013,0.00988518225,-40.100306,-1.448294,0.004890,0.0026757166,profile_11_11/mix_01_input.wav,profile_11_11/mix_01_q1.4m.wav
11,11,11,2,1.095114;1.365297,1.5,2,0,,true,0.0116788306,-38.652013,0.0098912265,-40.094997,-1.442984,0.005309,0.00345275422,profile_11_11/mix_01_input.wav,profile_11_11/mix_01_q1.5m.wav
11,11,11,2,1.095114;1.365297,1.6,2,0,,true,0.0116788306,-38.652013,0.00990482801,-40.083061,-1.431048,0.011936,0.00409012402,profile_11_11/mix_01_input.wav,profile_11_11/mix_01_q1.6m.wav
11,11,11,2,1.095114;1.365297,1.7,2,0,,true,0.0116788306,-38.652013,0.00991696405,-40.072425,-1.420412,0.010636,0.00459411552,profile_11_11/mix_01_input.wav,profile_11_11/mix_01_q1.7m.wav
11,11,11,2,1.095114;1.365297,1.8,2,0,,true,0.0116788306,-38.652013,0.00993735883,-40.054581,-1.402568,0.017845,0.00755299707,profile_11_11/mix_01_input.wav,profile_11_11/mix_01_q1.8m.wav
11,11,11,2,1.095114;1.365297,1.9,2,0,,true,0.0116788306,-38.652013,0.00996989168,-40.026191,-1.374178,0.028389,0.0106384914,profile_11_11/mix_01_input.wav,profile_11_11/mix_01_q1.9m.wav
11,11,11,2,1.095114;1.365297,2.0,2,0,,true,0.0116788306,-38.652013,0.0100296178,-39.974312,-1.322300,0.051879,0.0166769696,profile_11_11/mix_01_input.wav,profile_11_11/mix_01_q2m.wav
11,11,11,2,1.095114;1.365297,2.1,2,0,,true,0.0116788306,-38.652013,0.0101540572,-39.867208,-1.215195,0.107104,0.0266604197,profile_11_11/mix_01_input.wav,profile_11_11/mix_01_q2.1m.wav
11,11,11,2,1.095114;1.365297,2.2,2,0,,true,0.0116788306,-38.652013,0.0103656745,-39.688049,-1.036036,0.179159,0.0400487695,profile_11_11/mix_01_input.wav,profile_11_11/mix_01_q2.2m.wav
11,11,11,2,1.095114;1.365297,2.3,2,0,,true,0.0116788306,-38.652013,0.0105819843,-39.508658,-0.856645,0.179391,0.0362868076,profile_11_11/mix_01_input.wav,profile_11_11/mix_01_q2.3m.wav
11,11,11,2,1.095114;1.365297,2.4,2,0,,true,0.0116788306,-38.652013,0.0108518596,-39.289917,-0.637904,0.218741,0.0362899799,profile_11_11/mix_01_input.wav,profile_11_11/mix_01_q2.4m.wav
11,11,11,2,1.095114;1.365297,2.5,2,0,,true,0.0116788306,-38.652013,0.011082785,-39.107022,-0.455009,0.182895,0.0260509399,profile_11_11/mix_01_input.wav,profile_11_11/mix_01_q2.5m.wav
11,11,11,2,1.095114;1.365297,2.6,2,0,,true,0.0116788306,-38.652013,0.0112175497,-39.002040,-0.350027,0.104982,0.0132055941,profile_11_11/mix_01_input.wav,profile_11_11/mix_01_q2.6m.wav
11,11,11,2,1.095114;1.365297,2.7,2,0,,true,0.0116788306,-38.652013,0.0112945704,-38.942606,-0.290593,0.059434,0.00713016305,profile_11_11/mix_01_input.wav,profile_11_11/mix_01_q2.7m.wav
11,11,11,2,1.095114;1.365297,2.8,2,0,,true,0.0116788306,-38.652013,0.0113251721,-38.919104,-0.267091,0.023502,0.00298638094,profile_11_11/mix_01_input.wav,profile_11_11/mix_01_q2.8m.wav
11,11,11,2,1.095114;1.365297,2.9,2,0,,true,0.0116788306,-38.652013,0.0113429915,-38.905448,-0.253435,0.013656,0.00179182648,profile_11_11/mix_01_input.wav,profile_11_11/mix_01_q2.9m.wav
11,11,11,2,1.095114;1.365297,3.0,2,0,,true,0.0116788306,-38.652013,0.0113598097,-38.892579,-0.240566,0.012869,0.00168368935,profile_11_11/mix_01_input.wav,profile_11_11/mix_01_q3m.wav
11,11,11,2,1.095114;1.365297,3.1,2,0,,true,0.0116788306,-38.652013,0.0113729388,-38.882546,-0.230533,0.010033,0.00139822723,profile_11_11/mix_01_input.wav,profile_11_11/mix_01_q3.1m.wav
11,11,11,2,1.095114;1.365297,3.2,2,0,,true,0.0116788306,-38.652013,0.0113836995,-38.874332,-0.222319,0.008214,0.00128875142,profile_11_11/mix_01_input.wav,profile_11_11/mix_01_q3.2m.wav
11,11,11,2,1.095114;1.365297,3.3,2,0,,true,0.0116788306,-38.652013,0.011394133,-38.866374,-0.214362,0.007957,0.00137360705,profile_11_11/mix_01_input.wav,profile_11_11/mix_01_q3.3m.wav
11,11,11,2,1.095114;1.365297,3.4,2,0,,true,0.0116788306,-38.652013,0.0114040158,-38.858844,-0.206831,0.007530,0.00154549617,profile_11_11/mix_01_input.wav,profile_11_11/mix_01_q3.4m.wav
11,11,11,2,1.095114;1.365297,3.5,2,0,,true,0.0116788306,-38.652013,0.0114124437,-38.852427,-0.200414,0.006417,0.00142176369,profile_11_11/mix_01_input.wav,profile_11_11/mix_01_q3.5m.wav
11,11,11,2,1.095114;1.365297,3.6,2,0,,true,0.0116788306,-38.652013,0.0114255787,-38.842436,-0.190423,0.009991,0.00183374312,profile_11_11/mix_01_input.wav,profile_11_11/mix_01_q3.6m.wav
11,11,11,2,1.095114;1.365297,3.7,2,0,,true,0.0116788306,-38.652013,0.0114404021,-38.831174,-0.179161,0.011262,0.00186330575,profile_11_11/mix_01_input.wav,profile_11_11/mix_01_q3.7m.wav
11,11,11,2,1.095114;1.365297,3.8,2,0,,true,0.0116788306,-38.652013,0.0114561423,-38.819232,-0.167219,0.011942,0.00194580814,profile_11_11/mix_01_input.wav,profile_11_11/mix_01_q3.8m.wav
11,11,11,2,1.095114;1.365297,3.9,2,0,,true,0.0116788306,-38.652013,0.0114685599,-38.809822,-0.157809,0.009410,0.00161392163,profile_11_11/mix_01_input.wav,profile_11_11/mix_01_q3.9m.wav
11,11,11,2,1.095114;1.365297,4.0,2,0,,true,0.0116788306,-38.652013,0.011477908,-38.802745,-0.150732,0.007077,0.00138395327,profile_11_11/mix_01_input.wav,profile_11_11/mix_01_q4m.wav
12,12,12,2,1.810087;2.830389,0.0,0,,,,0.0087260208,-41.183675,9.21515249e-07,-120.709940,-79.526265,,,profile_12_12/mix_01_input.wav,profile_12_12/mix_01_q0m.wav
12,12,12,2,1.810087;2.830389,0.1,0,0,,true,0.0087260208,-41.183675,6.53712892e-07,-123.692246,-82.508571,-2.982306,8.11075999e-05,profile_12_12/mix_01_input.wav,profile_12_12/mix_01_q0.1m.wav
12,12,12,2,1.810087;2.830389,0.2,0,0,,true,0.0087260208,-41.183675,7.23633202e-07,-122.809618,-81.625943,0.882627,7.41691952e-05,profile_12_12/mix_01_input.wav,profile_12_12/mix_01_q0.2m.wav
12,12,12,2,1.810087;2.830389,0.3,0,0,,true,0.0087260208,-41.183675,9.65543668e-07,-120.304553,-79.120877,2.505066,8.65994258e-05,profile_12_12/mix_01_input.wav,profile_12_12/mix_01_q0.3m.wav
12,12,12,2,1.810087;2.830389,0.4,0,0,,true,0.0087260208,-41.183675,1.09465169e-06,-119.214473,-78.030798,1.090080,9.03252014e-05,profile_12_12/mix_01_input.wav,profile_12_12/mix_01_q0.4m.wav
12,12,12,2,1.810087;2.830389,0.5,0,0,,true,0.0087260208,-41.183675,1.18951284e-06,-118.492610,-77.308935,0.721863,6.78954516e-05,profile_12_12/mix_01_input.wav,profile_12_12/mix_01_q0.5m.wav
12,12,12,2,1.810087;2.830389,0.6,0,0,,true,0.0087260208,-41.183675,1.23151812e-06,-118.191177,-77.007502,0.301433,6.04268787e-05,profile_12_12/mix_01_input.wav,profile_12_12/mix_01_q0.6m.wav
12,12,12,2,1.810087;2.830389,0.7,0,0,,true,0.0087260208,-41.183675,1.27269999e-06,-117.905472,-76.721797,0.285704,5.62514315e-05,profile_12_12/mix_01_input.wav,profile_12_12/mix_01_q0.7m.wav
12,12,12,2,1.810087;2.830389,0.8,0,0,,true,0.0087260208,-41.183675,1.33834781e-06,-117.468614,-76.284939,0.436859,5.60566817e-05,profile_12_12/mix_01_input.wav,profile_12_12/mix_01_q0.8m.wav
12,12,12,2,1.810087;2.830389,0.9,0,0,,true,0.0087260208,-41.183675,1.40807005e-06,-117.027509,-75.843833,0.441105,5.56832853e-05,profile_12_12/mix_01_input.wav,profile_12_12/mix_01_q0.9m.wav
12,12,12,2,1.810087;2.830389,1.0,0,0,,true,0.0087260208,-41.183675,1.48664269e-06,-116.555862,-75.372187,0.471646,5.53811547e-05,profile_12_12/mix_01_input.wav,profile_12_12/mix_01_q1m.wav
12,12,12,2,1.810087;2.830389,1.1,0,0,,true,0.0087260208,-41.183675,1.54841725e-06,-116.202234,-75.018559,0.353628,5.43283944e-05,profile_12_12/mix_01_input.wav,profile_12_12/mix_01_q1.1m.wav
12,12,12,2,1.810087;2.830389,1.2,0,0,,true,0.0087260208,-41.183675,1.61477515e-06,-115.837753,-74.654078,0.364481,5.44050736e-05,profile_12_12/mix_01_input.wav,profile_12_12/mix_01_q1.2m.wav
12,12,12,2,1.810087;2.830389,1.3,0,0,,true,0.0087260208,-41.183675,1.66820981e-06,-115.554981,-74.371306,0.282772,5.36734753e-05,profile_12_12/mix_01_input.wav,profile_12_12/mix_01_q1.3m.wav
12,12,12,2,1.810087;2.830389,1.4,0,0,,true,0.0087260208,-41.183675,1.74717501e-06,-115.153267,-73.969592,0.401715,5.45696396e-05,profile_12_12/mix_01_input.wav,profile_12_12/mix_01_q1.4m.wav
12,12,12,2,1.810087;2.830389,1.5,0,0,,true,0.0087260208,-41.183675,1.83645863e-06,-114.720372,-73.536697,0.432895,5.44925403e-05,profile_12_12/mix_01_input.wav,profile_12_12/mix_01_q1.5m.wav
12,12,12,2,1.810087;2.830389,1.6,0,0,,true,0.0087260208,-41.183675,1.97854767e-06,-114.073065,-72.889390,0.647307,5.61800028e-05,profile_12_12/mix_01_input.wav,profile_12_12/mix_01_q1.6m.wav
12,12,12,2,1.810087;2.830389,1.7,0,0,,true,0.0087260208,-41.183675,2.19129358e-06,-113.185985,-72.002310,0.887081,5.93606796e-05,profile_12_12/mix_01_input.wav,profile_12_12/mix_01_q1.7m.wav
12,12,12,2,1.810087;2.830389,1.8,0,0,,true,0.0087260208,-41.183675,2.51095128e-06,-112.003231,-70.819556,1.182754,6.73990338e-05,profile_12_12/mix_01_input.wav,profile_12_12/mix_01_q1.8m.wav
12,12,12,2,1.810087;2.830389,1.9,1,1,1.810087,false,0.0087260208,-41.183675,3.56275904e-06,-108.964269,-67.780593,3.038962,9.64673963e-05,profile_12_12/mix_01_input.wav,profile_12_12/mix_01_q1.9m.wav
12,12,12,2,1.810087;2.830389,2.0,1,0,,true,0.0087260208,-41.183675,9.2677281e-06,-100.660533,-59.476858,8.303735,0.000203113505,profile_12_12/mix_01_input.wav,profile_12_12/mix_01_q2m.wav
12,12,12,2,1.810087;2.830389,2.1,1,0,,true,0.0087260208,-41.183675,0.000109273534,-79.229700,-38.046025,21.430833,0.00229729975,profile_12_12/mix_01_input.wav,profile_12_12/mix_01_q2.1m.wav
12,12,12,2,1.810087;2.830389,2.2,1,0,,true,0.0087260208,-41.183675,0.000310631931,-70.155078,-28.971403,9.074622,0.00508970029,profile_12_12/mix_01_input.wav,profile_12_12/mix_01_q2.2m.wav
12,12,12,2,1.810087;2.830389,2.3,1,0,,true,0.0087260208,-41.183675,0.000820743835,-61.715847,-20.532172,8.439231,0.0177941131,profile_12_12/mix_01_input.wav,profile_12_12/mix_01_q2.3m.wav
12,12,12,2,1.810087;2.830389,2.4,1,0,,true,0.0087260208,-41.183675,0.00142343677,-56.933236,-15.749561,4.782611,0.0316091725,profile_12_12/mix_01_input.wav,profile_12_12/mix_01_q2.4m.wav
12,12,12,2,1.810087;2.830389,2.5,1,0,,true,0.0087260208,-41.183675,0.00231860068,-52.695481,-11.511806,4.237756,0.050449892,profile_12_12/mix_01_input.wav,profile_12_12/mix_01_q2.5m.wav
12,12,12,2,1.810087;2.830389,2.6,1,0,,true,0.0087260208,-41.183675,0.00303838682,-50.347139,-9.163464,2.348342,0.0527469212,profile_12_12/mix_01_input.wav,profile_12_12/mix_01_q2.6m.wav
12,12,12,2,1.810087;2.830389,2.7,1,0,,true,0.0087260208,-41.183675,0.0048844314,-46.223720,-5.040045,4.123419,0.165645213,profile_12_12/mix_01_input.wav,profile_12_12/mix_01_q2.7m.wav
12,12,12,2,1.810087;2.830389,2.8,1,0,,true,0.0087260208,-41.183675,0.00665566277,-43.536174,-2.352499,2.687546,0.205811111,profile_12_12/mix_01_input.wav,profile_12_12/mix_01_q2.8m.wav
12,12,12,2,1.810087;2.830389,2.9,2,1,2.830389,false,0.0087260208,-41.183675,0.00821234832,-41.710653,-0.526978,1.825521,0.251622138,profile_12_12/mix_01_input.wav,profile_12_12/mix_01_q2.9m.wav
12,12,12,2,1.810087;2.830389,3.0,2,0,,true,0.0087260208,-41.183675,0.00851008814,-41.401319,-0.217644,0.309334,0.030023371,profile_12_12/mix_01_input.wav,profile_12_12/mix_01_q3m.wav
12,12,12,2,1.810087;2.830389,3.1,2,0,,true,0.0087260208,-41.183675,0.00851652208,-41.394754,-0.211079,0.006564,0.000846970389,profile_12_12/mix_01_input.wav,profile_12_12/mix_01_q3.1m.wav
12,12,12,2,1.810087;2.830389,3.2,2,0,,true,0.0087260208,-41.183675,0.00853257215,-41.378401,-0.194725,0.016354,0.00189543225,profile_12_12/mix_01_input.wav,profile_12_12/mix_01_q3.2m.wav
12,12,12,2,1.810087;2.830389,3.3,2,0,,true,0.0087260208,-41.183675,0.00854326764,-41.367520,-0.183845,0.010881,0.00137542203,profile_12_12/mix_01_input.wav,profile_12_12/mix_01_q3.3m.wav
12,12,12,2,1.810087;2.830389,3.4,2,0,,true,0.0087260208,-41.183675,0.00854225044,-41.368554,-0.184879,-0.001034,0.000719870736,profile_12_12/mix_01_input.wav,profile_12_12/mix_01_q3.4m.wav
12,12,12,2,1.810087;2.830389,3.5,2,0,,true,0.0087260208,-41.183675,0.00854592385,-41.364820,-0.181145,0.003734,0.00091872295,profile_12_12/mix_01_input.wav,profile_12_12/mix_01_q3.5m.wav
12,12,12,2,1.810087;2.830389,3.6,2,0,,true,0.0087260208,-41.183675,0.00855131149,-41.359345,-0.175670,0.005474,0.00152509869,profile_12_12/mix_01_input.wav,profile_12_12/mix_01_q3.6m.wav
12,12,12,2,1.810087;2.830389,3.7,2,0,,true,0.0087260208,-41.183675,0.00856337065,-41.347105,-0.163430,0.012240,0.00219313106,profile_12_12/mix_01_input.wav,profile_12_12/mix_01_q3.7m.wav
12,12,12,2,1.810087;2.830389,3.8,2,0,,true,0.0087260208,-41.183675,0.00857203157,-41.338325,-0.154650,0.008780,0.00189649725,profile_12_12/mix_01_input.wav,profile_12_12/mix_01_q3.8m.wav
12,12,12,2,1.810087;2.830389,3.9,2,0,,true,0.0087260208,-41.183675,0.00857723567,-41.333053,-0.149378,0.005272,0.00169942692,profile_12_12/mix_01_input.wav,profile_12_12/mix_01_q3.9m.wav
12,12,12,2,1.810087;2.830389,4.0,2,0,,true,0.0087260208,-41.183675,0.0085824771,-41.327747,-0.144072,0.005306,0.00171370384,profile_12_12/mix_01_input.wav,profile_12_12/mix_01_q4m.wav
13,13,13,2,1.937927;3.250103,0.0,0,,,,0.0105583498,-39.528079,1.39420606e-06,-117.113454,-77.585375,,,profile_13_13/mix_01_input.wav,profile_13_13/mix_01_q0m.wav
13,13,13,2,1.937927;3.250103,0.1,0,0,,true,0.0105583498,-39.528079,1.00151819e-06,-119.986814,-80.458735,-2.873360,0.000104001339,profile_13_13/mix_01_input.wav,profile_13_13/mix_01_q0.1m.wav
13,13,13,2,1.937927;3.250103,0.2,0,0,,true,0.0105583498,-39.528079,1.21068931e-06,-118.339339,-78.811260,1.647476,9.77936272e-05,profile_13_13/mix_01_input.wav,profile_13_13/mix_01_q0.2m.wav
13,13,13,2,1.937927;3.250103,0.3,0,0,,true,0.0105583498,-39.528079,1.39286926e-06,-117.121787,-77.593708,1.217552,0.00011073824,profile_13_13/mix_01_input.wav,profile_13_13/mix_01_q0.3m.wav
13,13,13,2,1.937927;3.250103,0.4,0,0,,true,0.0105583498,-39.528079,1.64367908e-06,-115.683654,-76.155575,1.438133,0.000110635916,profile_13_13/mix_01_input.wav,profile_13_13/mix_01_q0.4m.wav
13,13,13,2,1.937927;3.250103,0.5,0,0,,true,0.0105583498,-39.528079,1.75436648e-06,-115.117589,-75.589510,0.566065,8.33599581e-05,profile_13_13/mix_01_input.wav,profile_13_13/mix_01_q0.5m.wav
13,13,13,2,1.937927;3.250103,0.6,0,0,,true,0.0105583498,-39.528079,1.83512336e-06,-114.726690,-75.198611,0.390899,7.48638229e-05,profile_13_13/mix_01_input.wav,profile_13_13/mix_01_q0.6m.wav
13,13,13,2,1.937927;3.250103,0.7,0,0,,true,0.0105583498,-39.528079,1.92910702e-06,-114.292869,-74.764790,0.433821,7.22899534e-05,profile_13_13/mix_01_input.wav,profile_13_13/mix_01_q0.7m.wav
13,13,13,2,1.937927;3.250103,0.8,0,0,,true,0.0105583498,-39.528079,2.0490306e-06,-113.769027,-74.240948,0.523842,7.17001107e-05,profile_13_13/mix_01_input.wav,profile_13_13/mix_01_q0.8m.wav
13,13,13,2,1.937927;3.250103,0.9,0,0,,true,0.0105583498,-39.528079,2.18418514e-06,-113.214207,-73.686128,0.554820,7.0376335e-05,profile_13_13/mix_01_input.wav,profile_13_13/mix_01_q0.9m.wav
13,13,13,2,1.937927;3.250103,1.0,0,0,,true,0.0105583498,-39.528079,2.31154562e-06,-112.721947,-73.193868,0.492260,7.00613862e-05,profile_13_13/mix_01_input.wav,profile_13_13/mix_01_q1m.wav
13,13,13,2,1.937927;3.250103,1.1,0,0,,true,0.0105583498,-39.528079,2.46297154e-06,-112.170809,-72.642730,0.551138,7.03090867e-05,profile_13_13/mix_01_input.wav,profile_13_13/mix_01_q1.1m.wav
13,13,13,2,1.937927;3.250103,1.2,0,0,,true,0.0105583498,-39.528079,2.61288826e-06,-111.657580,-72.129501,0.513229,7.02692147e-05,profile_13_13/mix_01_input.wav,profile_13_13/mix_01_q1.2m.wav
13,13,13,2,1.937927;3.250103,1.3,0,0,,true,0.0105583498,-39.528079,2.75394268e-06,-111.200899,-71.672820,0.456681,7.14044787e-05,profile_13_13/mix_01_input.wav,profile_13_13/mix_01_q1.3m.wav
13,13,13,2,1.937927;3.250103,1.4,0,0,,true,0.0105583498,-39.528079,2.86817641e-06,-110.847880,-71.319801,0.353019,7.2526768e-05,profile_13_13/mix_01_input.wav,profile_13_13/mix_01_q1.4m.wav
13,13,13,2,1.937927;3.250103,1.5,0,0,,true,0.0105583498,-39.528079,3.00563221e-06,-110.441280,-70.913201,0.406599,7.52655523e-05,profile_13_13/mix_01_input.wav,profile_13_13/mix_01_q1.5m.wav
13,13,13,2,1.937927;3.250103,1.6,0,0,,true,0.0105583498,-39.528079,3.4582729e-06,-109.222812,-69.694733,1.218468,8.40152132e-05,profile_13_13/mix_01_input.wav,profile_13_13/mix_01_q1.6m.wav
13,13,13,2,1.937927;3.250103,1.7,0,0,,true,0.0105583498,-39.528079,1.74675657e-05,-95.155352,-55.627273,14.067460,0.000200888322,profile_13_13/mix_01_input.wav,profile_13_13/mix_01_q1.7m.wav
13,13,13,2,1.937927;3.250103,1.8,0,0,,true,0.0105583498,-39.528079,0.00011772442,-78.582669,-39.054590,16.572683,0.001323733,profile_13_13/mix_01_input.wav,profile_13_13/mix_01_q1.8m.wav
13,13,13,2,1.937927;3.250103,1.9,0,0,,true,0.0105583498,-39.528079,0.000430819301,-67.314097,-27.786018,11.268572,0.00581137899,profile_13_13/mix_01_input.wav,profile_13_13/mix_01_q1.9m.wav
13,13,13,2,1.937927;3.250103,2.0,1,1,1.937927,false,0.0105583498,-39.528079,0.000952857391,-60.419442,-20.891363,6.894655,0.0133917219,profile_13_13/mix_01_input.wav,profile_13_13/mix_01_q2m.wav
13,13,13,2,1.937927;3.250103,2.1,1,0,,true,0.0105583498,-39.528079,0.00164091643,-55.698271,-16.170192,4.721171,0.0246285526,profile_13_13/mix_01_input.wav,profile_13_13/mix_01_q2.1m.wav
13,13,13,2,1.937927;3.250103,2.2,1,0,,true,0.0105583498,-39.528079,0.00427151283,-47.388366,-7.860287,8.309905,0.148681344,profile_13_13/mix_01_input.wav,profile_13_13/mix_01_q2.2m.wav
13,13,13,2,1.937927;3.250103,2.3,1,0,,true,0.0105583498,-39.528079,0.00850724488,-41.404221,-1.876142,5.984144,0.294708732,profile_13_13/mix_01_input.wav,profile_13_13/mix_01_q2.3m.wav
13,13,13,2,1.937927;3.250103,2.4,1,0,,true,0.0105583498,-39.528079,0.00865451842,-41.255142,-1.727063,0.149079,0.0148600411,profile_13_13/mix_01_input.wav,profile_13_13/mix_01_q2.4m.wav
13,13,13,2,1.937927;3.250103,2.5,1,0,,true,0.0105583498,-39.528079,0.00867118123,-41.238435,-1.710356,0.016707,0.00940493173,profile_13_13/mix_01_input.wav,profile_13_13/mix_01_q2.5m.wav
13,13,13,2,1.937927;3.250103,2.6,1,0,,true,0.0105583498,-39.528079,0.00870740886,-41.202221,-1.674142,0.036213,0.00514210231,profile_13_13/mix_01_input.wav,profile_13_13/mix_01_q2.6m.wav
13,13,13,2,1.937927;3.250103,2.7,1,0,,true,0.0105583498,-39.528079,0.00871522926,-41.194424,-1.666345,0.007798,0.00369242923,profile_13_13/mix_01_input.wav,profile_13_13/mix_01_q2.7m.wav
13,13,13,2,1.937927;3.250103,2.8,1,0,,true,0.0105583498,-39.528079,0.00864085849,-41.268862,-1.740783,-0.074438,0.0223807366,profile_13_13/mix_01_input.wav,profile_13_13/mix_01_q2.8m.wav
13,13,13,2,1.937927;3.250103,2.9,1,0,,true,0.0105583498,-39.528079,0.00853222604,-41.378753,-1.850674,-0.109891,0.0545479225,profile_13_13/mix_01_input.wav,profile_13_13/mix_01_q2.9m.wav
13,13,13,2,1.937927;3.250103,3.0,1,0,,true,0.0105583498,-39.528079,0.00869849948,-41.211113,-1.683034,0.167640,0.0448840068,profile_13_13/mix_01_input.wav,profile_13_13/mix_01_q3m.wav
13,13,13,2,1.937927;3.250103,3.1,1,0,,true,0.0105583498,-39.528079,0.00885801324,-41.053274,-1.525194,0.157840,0.0189623475,profile_13_13/mix_01_input.wav,profile_13_13/mix_01_q3.1m.wav
13,13,13,2,1.937927;3.250103,3.2,1,0,,true,0.0105583498,-39.528079,0.00927231068,-40.656241,-1.128161,0.397033,0.066294686,profile_13_13/mix_01_input.wav,profile_13_13/mix_01_q3.2m.wav
13,13,13,2,1.937927;3.250103,3.3,2,1,3.250103,false,0.0105583498,-39.528079,0.0096203138,-40.336215,-0.808136,0.320025,0.0461565998,profile_13_13/mix_01_input.wav,profile_13_13/mix_01_q3.3m.wav
13,13,13,2,1.937927;3.250103,3.4,2,0,,true,0.0105583498,-39.528079,0.0101596084,-39.862461,-0.334382,0.473755,0.0513055854,profile_13_13/mix_01_input.wav,profile_13_13/mix_01_q3.4m.wav
13,13,13,2,1.937927;3.250103,3.5,2,0,,true,0.0105583498,-39.528079,0.0103104223,-39.734471,-0.206392,0.127990,0.0138657557,profile_13_13/mix_01_input.wav,profile_13_13/mix_01_q3.5m.wav
13,13,13,2,1.937927;3.250103,3.6,2,0,,true,0.0105583498,-39.528079,0.0103610516,-39.691923,-0.163844,0.042548,0.00480992843,profile_13_13/mix_01_input.wav,profile_13_13/mix_01_q3.6m.wav
13,13,13,2,1.937927;3.250103,3.7,2,0,,true,0.0105583498,-39.528079,0.0104158057,-39.646143,-0.118064,0.045781,0.00483126941,profile_13_13/mix_01_input.wav,profile_13_13/mix_01_q3.7m.wav
13,13,13,2,1.937927;3.250103,3.8,2,0,,true,0.0105583498,-39.528079,0.0104216547,-39.641266,-0.113187,0.004876,0.00172428762,profile_13_13/mix_01_input.wav,profile_13_13/mix_01_q3.8m.wav
13,13,13,2,1.937927;3.250103,3.9,2,0,,true,0.0105583498,-39.528079,0.0104234387,-39.639780,-0.111701,0.001487,0.00145338381,profile_13_13/mix_01_input.wav,profile_13_13/mix_01_q3.9m.wav
13,13,13,2,1.937927;3.250103,4.0,2,0,,true,0.0105583498,-39.528079,0.0104184798,-39.643913,-0.115834,-0.004133,0.00162266705,profile_13_13/mix_01_input.wav,profile_13_13/mix_01_q4m.wav
14,14,14,2,1.239149;4.015928,0.0,0,,,,0.00514718028,-45.768612,7.31692421e-07,-122.713417,-76.944805,,,profile_14_14/mix_01_input.wav,profile_14_14/mix_01_q0m.wav
14,14,14,2,1.239149;4.015928,0.1,0,0,,true,0.00514718028,-45.768612,5.11661964e-07,-125.820320,-80.051708,-3.106903,8.80368125e-05,profile_14_14/mix_01_input.wav,profile_14_14/mix_01_q0.1m.wav
14,14,14,2,1.239149;4.015928,0.2,0,0,,true,0.00514718028,-45.768612,6.42185804e-07,-123.846772,-78.078160,1.973548,8.21328469e-05,profile_14_14/mix_01_input.wav,profile_14_14/mix_01_q0.2m.wav
14,14,14,2,1.239149;4.015928,0.3,0,0,,true,0.00514718028,-45.768612,6.99455409e-07,-123.104787,-77.336175,0.741986,9.25776054e-05,profile_14_14/mix_01_input.wav,profile_14_14/mix_01_q0.3m.wav
14,14,14,2,1.239149;4.015928,0.4,0,0,,true,0.00514718028,-45.768612,9.07736871e-07,-120.840791,-75.072179,2.263996,9.85115489e-05,profile_14_14/mix_01_input.wav,profile_14_14/mix_01_q0.4m.wav
14,14,14,2,1.239149;4.015928,0.5,0,0,,true,0.00514718028,-45.768612,1.14765065e-06,-118.803798,-73.035186,2.036993,8.51231621e-05,profile_14_14/mix_01_input.wav,profile_14_14/mix_01_q0.5m.wav
14,14,14,2,1.239149;4.015928,0.6,0,0,,true,0.00514718028,-45.768612,1.2500686e-06,-118.061316,-72.292704,0.742482,6.85075582e-05,profile_14_14/mix_01_input.wav,profile_14_14/mix_01_q0.6m.wav
14,14,14,2,1.239149;4.015928,0.7,0,0,,true,0.00514718028,-45.768612,4.59785031e-06,-106.748902,-60.980289,11.312415,0.000112627604,profile_14_14/mix_01_input.wav,profile_14_14/mix_01_q0.7m.wav
14,14,14,2,1.239149;4.015928,0.8,0,0,,true,0.00514718028,-45.768612,0.000101586951,-79.863241,-34.094629,26.885660,0.00152271713,profile_14_14/mix_01_input.wav,profile_14_14/mix_01_q0.8m.wav
14,14,14,2,1.239149;4.015928,0.9,0,0,,true,0.00514718028,-45.768612,0.000260180402,-71.694508,-25.925896,8.168733,0.00516192266,profile_14_14/mix_01_input.wav,profile_14_14/mix_01_q0.9m.wav
14,14,14,2,1.239149;4.015928,1.0,0,0,,true,0.00514718028,-45.768612,0.0012488355,-58.069895,-12.301283,13.624613,0.0857627936,profile_14_14/mix_01_input.wav,profile_14_14/mix_01_q1m.wav
14,14,14,2,1.239149;4.015928,1.1,0,0,,true,0.00514718028,-45.768612,0.00448809023,-46.958768,-1.190156,11.111127,0.389794145,profile_14_14/mix_01_input.wav,profile_14_14/mix_01_q1.1m.wav
14,14,14,2,1.239149;4.015928,1.2,0,0,,true,0.00514718028,-45.768612,0.00454490649,-46.849501,-1.080889,0.109267,0.0286514258,profile_14_14/mix_01_input.wav,profile_14_14/mix_01_q1.2m.wav
14,14,14,2,1.239149;4.015928,1.3,1,1,1.239149,false,0.00514718028,-45.768612,0.00455327016,-46.833532,-1.064919,0.015969,0.0111065488,profile_14_14/mix_01_input.wav,profile_14_14/mix_01_q1.3m.wav
14,14,14,2,1.239149;4.015928,1.4,1,0,,true,0.00514718028,-45.768612,0.00455428007,-46.831605,-1.062993,0.001926,0.00803433706,profile_14_14/mix_01_input.wav,profile_14_14/mix_01_q1.4m.wav
14,14,14,2,1.239149;4.015928,1.5,1,0,,true,0.00514718028,-45.768612,0.00455689041,-46.826628,-1.058016,0.004977,0.00292596279,profile_14_14/mix_01_input.wav,profile_14_14/mix_01_q1.5m.wav
14,14,14,2,1.239149;4.015928,1.6,1,0,,true,0.00514718028,-45.768612,0.00455916041,-46.822303,-1.053690,0.004326,0.00207883554,profile_14_14/mix_01_input.wav,profile_14_14/mix_01_q1.6m.wav
14,14,14,2,1.239149;4.015928,1.7,1,0,,true,0.00514718028,-45.768612,0.0045611645,-46.818485,-1.049873,0.003817,0.00195386082,profile_14_14/mix_01_input.wav,profile_14_14/mix_01_q1.7m.wav
14,14,14,2,1.239149;4.015928,1.8,1,0,,true,0.00514718028,-45.768612,0.00456288639,-46.815207,-1.046594,0.003278,0.00186339586,profile_14_14/mix_01_input.wav,profile_14_14/mix_01_q1.8m.wav
14,14,14,2,1.239149;4.015928,1.9,1,0,,true,0.00514718028,-45.768612,0.00456467092,-46.811811,-1.043198,0.003396,0.00187159199,profile_14_14/mix_01_input.wav,profile_14_14/mix_01_q1.9m.wav
14,14,14,2,1.239149;4.015928,2.0,1,0,,true,0.00514718028,-45.768612,0.00456640948,-46.808503,-1.039891,0.003308,0.00195530303,profile_14_14/mix_01_input.wav,profile_14_14/mix_01_q2m.wav
14,14,14,2,1.239149;4.015928,2.1,1,0,,true,0.00514718028,-45.768612,0.00456783067,-46.805800,-1.037188,0.002703,0.00215900521,profile_14_14/mix_01_input.wav,profile_14_14/mix_01_q2.1m.wav
14,14,14,2,1.239149;4.015928,2.2,1,0,,true,0.00514718028,-45.768612,0.0045697464,-46.802158,-1.033546,0.003642,0.00206960609,profile_14_14/mix_01_input.wav,profile_14_14/mix_01_q2.2m.wav
14,14,14,2,1.239149;4.015928,2.3,1,0,,true,0.00514718028,-45.768612,0.00457210074,-46.797684,-1.029072,0.004474,0.00237218051,profile_14_14/mix_01_input.wav,profile_14_14/mix_01_q2.3m.wav
14,14,14,2,1.239149;4.015928,2.4,1,0,,true,0.00514718028,-45.768612,0.00457488616,-46.792394,-1.023782,0.005290,0.00287687159,profile_14_14/mix_01_input.wav,profile_14_14/mix_01_q2.4m.wav
14,14,14,2,1.239149;4.015928,2.5,1,0,,true,0.00514718028,-45.768612,0.0045780052,-46.786474,-1.017862,0.005920,0.00319444587,profile_14_14/mix_01_input.wav,profile_14_14/mix_01_q2.5m.wav
14,14,14,2,1.239149;4.015928,2.6,1,0,,true,0.00514718028,-45.768612,0.00458124167,-46.780336,-1.011724,0.006138,0.00310465024,profile_14_14/mix_01_input.wav,profile_14_14/mix_01_q2.6m.wav
14,14,14,2,1.239149;4.015928,2.7,1,0,,true,0.00514718028,-45.768612,0.00458597,-46.771376,-1.002763,0.008960,0.0039069311,profile_14_14/mix_01_input.wav,profile_14_14/mix_01_q2.7m.wav
14,14,14,2,1.239149;4.015928,2.8,1,0,,true,0.00514718028,-45.768612,0.00459198914,-46.759983,-0.991371,0.011393,0.00466705473,profile_14_14/mix_01_input.wav,profile_14_14/mix_01_q2.8m.wav
14,14,14,2,1.239149;4.015928,2.9,1,0,,true,0.00514718028,-45.768612,0.00460522713,-46.734979,-0.966367,0.025004,0.0108487702,profile_14_14/mix_01_input.wav,profile_14_14/mix_01_q2.9m.wav
14,14,14,2,1.239149;4.015928,3.0,1,0,,true,0.00514718028,-45.768612,0.00462404826,-46.699553,-0.930940,0.035426,0.0141080539,profile_14_14/mix_01_input.wav,profile_14_14/mix_01_q3m.wav
14,14,14,2,1.239149;4.015928,3.1,1,0,,true,0.00514718028,-45.768612,0.00464963007,-46.651632,-0.883020,0.047921,0.0185840712,profile_14_14/mix_01_input.wav,profile_14_14/mix_01_q3.1m.wav
14,14,14,2,1.239149;4.015928,3.2,1,0,,true,0.00514718028,-45.768612,0.00468037737,-46.594383,-0.825770,0.057249,0.0212025411,profile_14_14/mix_01_input.wav,profile_14_14/mix_01_q3.2m.wav
14,14,14,2,1.239149;4.015928,3.3,1,0,,true,0.00514718028,-45.768612,0.0047306272,-46.501626,-0.733013,0.092757,0.0303511498,profile_14_14/mix_01_input.wav,profile_14_14/mix_01_q3.3m.wav
14,14,14,2,1.239149;4.015928,3.4,1,0,,true,0.00514718028,-45.768612,0.00480835357,-46.360072,-0.591460,0.141553,0.0385867702,profile_14_14/mix_01_input.wav,profile_14_14/mix_01_q3.4m.wav
14,14,14,2,1.239149;4.015928,3.5,1,0,,true,0.00514718028,-45.768612,0.00491397516,-46.171341,-0.402728,0.188731,0.0414192054,profile_14_14/mix_01_input.wav,profile_14_14/mix_01_q3.5m.wav
14,14,14,2,1.239149;4.015928,3.6,1,0,,true,0.00514718028,-45.768612,0.00496329733,-46.084594,-0.315982,0.086747,0.0181549221,profile_14_14/mix_01_input.wav,profile_14_14/mix_01_q3.6m.wav
14,14,14,2,1.239149;4.015928,3.7,1,0,,true,0.00514718028,-45.768612,0.00499092176,-46.036385,-0.267772,0.048209,0.00884471279,profile_14_14/mix_01_input.wav,profile_14_14/mix_01_q3.7m.wav
14,14,14,2,1.239149;4.015928,3.8,1,0,,true,0.00514718028,-45.768612,0.00501331678,-45.997497,-0.228885,0.038888,0.00682344711,profile_14_14/mix_01_input.wav,profile_14_14/mix_01_q3.8m.wav
14,14,14,2,1.239149;4.015928,3.9,1,0,,true,0.00514718028,-45.768612,0.00503317809,-45.963154,-0.194542,0.034343,0.00633482084,profile_14_14/mix_01_input.wav,profile_14_14/mix_01_q3.9m.wav
14,14,14,2,1.239149;4.015928,4.0,1,0,,true,0.00514718028,-45.768612,0.00504783912,-45.937890,-0.169277,0.025264,0.00496262149,profile_14_14/mix_01_input.wav,profile_14_14/mix_01_q4m.wav
15,22,15,2,2.302893;2.351128,0.0,0,,,,0.0110423044,-39.138806,1.30115201e-06,-117.713433,-78.574627,,,profile_15_22/mix_01_input.wav,profile_15_22/mix_01_q0m.wav
15,22,15,2,2.302893;2.351128,0.1,0,0,,true,0.0110423044,-39.138806,9.03414366e-07,-120.882251,-81.743445,-3.168818,9.10463047e-05,profile_15_22/mix_01_input.wav,profile_15_22/mix_01_q0.1m.wav
15,22,15,2,2.302893;2.351128,0.2,0,0,,true,0.0110423044,-39.138806,1.04196607e-06,-119.642920,-80.504114,1.239330,8.37999673e-05,profile_15_22/mix_01_input.wav,profile_15_22/mix_01_q0.2m.wav
15,22,15,2,2.302893;2.351128,0.3,0,0,,true,0.0110423044,-39.138806,1.27119688e-06,-117.915737,-78.776931,1.727183,9.39912603e-05,profile_15_22/mix_01_input.wav,profile_15_22/mix_01_q0.3m.wav
15,22,15,2,2.302893;2.351128,0.4,0,0,,true,0.0110423044,-39.138806,1.54330704e-06,-116.230948,-77.092142,1.684789,0.000102706596,profile_15_22/mix_01_input.wav,profile_15_22/mix_01_q0.4m.wav
15,22,15,2,2.302893;2.351128,0.5,0,0,,true,0.0110423044,-39.138806,1.81352581e-06,-114.829520,-75.690715,1.401427,7.82606974e-05,profile_15_22/mix_01_input.wav,profile_15_22/mix_01_q0.5m.wav
15,22,15,2,2.302893;2.351128,0.6,0,0,,true,0.0110423044,-39.138806,1.79882191e-06,-114.900232,-75.761426,-0.070711,6.80453436e-05,profile_15_22/mix_01_input.wav,profile_15_22/mix_01_q0.6m.wav
15,22,15,2,2.302893;2.351128,0.7,0,0,,true,0.0110423044,-39.138806,2.14723683e-06,-113.362397,-74.223591,1.537835,6.96743296e-05,profile_15_22/mix_01_input.wav,profile_15_22/mix_01_q0.7m.wav
15,22,15,2,2.302893;2.351128,0.8,0,0,,true,0.0110423044,-39.138806,2.25304023e-06,-112.944617,-73.805812,0.417780,6.41102731e-05,profile_15_22/mix_01_input.wav,profile_15_22/mix_01_q0.8m.wav
15,22,15,2,2.302893;2.351128,0.9,0,0,,true,0.0110423044,-39.138806,2.54074248e-06,-111.900784,-72.761978,1.043834,6.54639092e-05,profile_15_22/mix_01_input.wav,profile_15_22/mix_01_q0.9m.wav
15,22,15,2,2.302893;2.351128,1.0,0,0,,true,0.0110423044,-39.138806,3.19234978e-06,-109.917788,-70.778982,1.982996,7.16771786e-05,profile_15_22/mix_01_input.wav,profile_15_22/mix_01_q1m.wav
15,22,15,2,2.302893;2.351128,1.1,0,0,,true,0.0110423044,-39.138806,3.69905181e-06,-108.638189,-69.499384,1.279599,7.43252563e-05,profile_15_22/mix_01_input.wav,profile_15_22/mix_01_q1.1m.wav
15,22,15,2,2.302893;2.351128,1.2,0,0,,true,0.0110423044,-39.138806,8.84355971e-06,-101.067457,-61.928651,7.570733,0.00013079098,profile_15_22/mix_01_input.wav,profile_15_22/mix_01_q1.2m.wav
15,22,15,2,2.302893;2.351128,1.3,0,0,,true,0.0110423044,-39.138806,4.77990501e-05,-86.411615,-47.272809,14.655842,0.000382971754,profile_15_22/mix_01_input.wav,profile_15_22/mix_01_q1.3m.wav
15,22,15,2,2.302893;2.351128,1.4,0,0,,true,0.0110423044,-39.138806,0.000140980343,-77.016829,-37.878023,9.394786,0.00103282804,profile_15_22/mix_01_input.wav,profile_15_22/mix_01_q1.4m.wav
15,22,15,2,2.302893;2.351128,1.5,0,0,,true,0.0110423044,-39.138806,0.000288540824,-70.795855,-31.657049,6.220974,0.00264226542,profile_15_22/mix_01_input.wav,profile_15_22/mix_01_q1.5m.wav
15,22,15,2,2.302893;2.351128,1.6,0,0,,true,0.0110423044,-39.138806,0.000558149246,-65.064993,-25.926187,5.730861,0.00613264545,profile_15_22/mix_01_input.wav,profile_15_22/mix_01_q1.6m.wav
15,22,15,2,2.302893;2.351128,1.7,0,0,,true,0.0110423044,-39.138806,0.000946050148,-60.481717,-21.342911,4.583276,0.0113077309,profile_15_22/mix_01_input.wav,profile_15_22/mix_01_q1.7m.wav
15,22,15,2,2.302893;2.351128,1.8,0,0,,true,0.0110423044,-39.138806,0.00131005888,-57.654184,-18.515378,2.827533,0.0125530556,profile_15_22/mix_01_input.wav,profile_15_22/mix_01_q1.8m.wav
15,22,15,2,2.302893;2.351128,1.9,0,0,,true,0.0110423044,-39.138806,0.00194837353,-54.206556,-15.067750,3.447628,0.0245035188,profile_15_22/mix_01_input.wav,profile_15_22/mix_01_q1.9m.wav
15,22,15,2,2.302893;2.351128,2.0,0,0,,true,0.0110423044,-39.138806,0.00346592921,-49.203606,-10.064801,5.002949,0.0692276538,profile_15_22/mix_01_input.wav,profile_15_22/mix_01_q2m.wav
15,22,15,2,2.302893;2.351128,2.1,0,0,,true,0.0110423044,-39.138806,0.00525174411,-45.593929,-6.455123,3.609677,0.0994464122,profile_15_22/mix_01_input.wav,profile_15_22/mix_01_q2.1m.wav
15,22,15,2,2.302893;2.351128,2.2,0,0,,true,0.0110423044,-39.138806,0.00379202877,-48.422568,-9.283762,-2.828639,0.0726033784,profile_15_22/mix_01_input.wav,profile_15_22/mix_01_q2.2m.wav
15,22,15,2,2.302893;2.351128,2.3,0,0,,true,0.0110423044,-39.138806,0.00626406197,-44.062879,-4.924073,4.359688,0.191138694,profile_15_22/mix_01_input.wav,profile_15_22/mix_01_q2.3m.wav
15,22,15,2,2.302893;2.351128,2.4,2,2,2.302893;2.351128,false,0.0110423044,-39.138806,0.00632118279,-43.984033,-4.845227,0.078846,0.365452179,profile_15_22/mix_01_input.wav,profile_15_22/mix_01_q2.4m.wav
15,22,15,2,2.302893;2.351128,2.5,2,0,,true,0.0110423044,-39.138806,0.00672496317,-43.446202,-4.307396,0.537831,0.0879291247,profile_15_22/mix_01_input.wav,profile_15_22/mix_01_q2.5m.wav
15,22,15,2,2.302893;2.351128,2.6,2,0,,true,0.0110423044,-39.138806,0.00679766183,-43.352809,-4.214003,0.093393,0.0164162533,profile_15_22/mix_01_input.wav,profile_15_22/mix_01_q2.6m.wav
15,22,15,2,2.302893;2.351128,2.7,2,0,,true,0.0110423044,-39.138806,0.00690614605,-43.215285,-4.076479,0.137524,0.0339508751,profile_15_22/mix_01_input.wav,profile_15_22/mix_01_q2.7m.wav
15,22,15,2,2.302893;2.351128,2.8,2,0,,true,0.0110423044,-39.138806,0.00684194626,-43.296407,-4.157601,-0.081122,0.0280015567,profile_15_22/mix_01_input.wav,profile_15_22/mix_01_q2.8m.wav
15,22,15,2,2.302893;2.351128,2.9,2,0,,true,0.0110423044,-39.138806,0.0068171452,-43.327949,-4.189143,-0.031542,0.0116742625,profile_15_22/mix_01_input.wav,profile_15_22/mix_01_q2.9m.wav
15,22,15,2,2.302893;2.351128,3.0,2,0,,true,0.0110423044,-39.138806,0.0068183044,-43.326472,-4.187667,0.001477,0.00287682853,profile_15_22/mix_01_input.wav,profile_15_22/mix_01_q3m.wav
15,22,15,2,2.302893;2.351128,3.1,2,0,,true,0.0110423044,-39.138806,0.00684283404,-43.295280,-4.156474,0.031192,0.00904526698,profile_15_22/mix_01_input.wav,profile_15_22/mix_01_q3.1m.wav
15,22,15,2,2.302893;2.351128,3.2,2,0,,true,0.0110423044,-39.138806,0.00690096692,-43.221801,-4.082995,0.073479,0.0169468419,profile_15_22/mix_01_input.wav,profile_15_22/mix_01_q3.2m.wav
15,22,15,2,2.302893;2.351128,3.3,2,0,,true,0.0110423044,-39.138806,0.00714926439,-42.914773,-3.775967,0.307028,0.0487348312,profile_15_22/mix_01_input.wav,profile_15_22/mix_01_q3.3m.wav
15,22,15,2,2.302893;2.351128,3.4,2,0,,true,0.0110423044,-39.138806,0.00921863243,-40.706670,-1.567864,2.208103,0.199302217,profile_15_22/mix_01_input.wav,profile_15_22/mix_01_q3.4m.wav
15,22,15,2,2.302893;2.351128,3.5,2,0,,true,0.0110423044,-39.138806,0.0100641392,-39.944467,-0.805662,0.762203,0.063748172,profile_15_22/mix_01_input.wav,profile_15_22/mix_01_q3.5m.wav
15,22,15,2,2.302893;2.351128,3.6,2,0,,true,0.0110423044,-39.138806,0.0104225173,-39.640547,-0.501742,0.303920,0.0244814846,profile_15_22/mix_01_input.wav,profile_15_22/mix_01_q3.6m.wav
15,22,15,2,2.302893;2.351128,3.7,2,0,,true,0.0110423044,-39.138806,0.0105472238,-39.537237,-0.398431,0.103311,0.00997940315,profile_15_22/mix_01_input.wav,profile_15_22/mix_01_q3.7m.wav
15,22,15,2,2.302893;2.351128,3.8,2,0,,true,0.0110423044,-39.138806,0.0105889083,-39.502976,-0.364171,0.034261,0.00458721127,profile_15_22/mix_01_input.wav,profile_15_22/mix_01_q3.8m.wav
15,22,15,2,2.302893;2.351128,3.9,2,0,,true,0.0110423044,-39.138806,0.010612649,-39.483524,-0.344718,0.019452,0.00304677992,profile_15_22/mix_01_input.wav,profile_15_22/mix_01_q3.9m.wav
15,22,15,2,2.302893;2.351128,4.0,2,0,,true,0.0110423044,-39.138806,0.0106372387,-39.463422,-0.324616,0.020102,0.00267863844,profile_15_22/mix_01_input.wav,profile_15_22/mix_01_q4m.wav
16,23,16,2,2.950372;3.023213,0.0,0,,,,0.0049845332,-46.047510,7.28110284e-07,-122.756045,-76.708535,,,profile_16_23/mix_01_input.wav,profile_16_23/mix_01_q0m.wav
16,23,16,2,2.950372;3.023213,0.1,0,0,,true,0.0049845332,-46.047510,5.07769817e-07,-125.886645,-79.839135,-3.130600,0.000107907235,profile_16_23/mix_01_input.wav,profile_16_23/mix_01_q0.1m.wav
16,23,16,2,2.950372;3.023213,0.2,0,0,,true,0.0049845332,-46.047510,5.915744e-07,-124.559798,-78.512288,1.326847,9.8745043e-05,profile_16_23/mix_01_input.wav,profile_16_23/mix_01_q0.2m.wav
16,23,16,2,2.950372;3.023213,0.3,0,0,,true,0.0049845332,-46.047510,6.93222038e-07,-123.182540,-77.135030,1.377258,0.000110023742,profile_16_23/mix_01_input.wav,profile_16_23/mix_01_q0.3m.wav
16,23,16,2,2.950372;3.023213,0.4,0,0,,true,0.0049845332,-46.047510,8.05064974e-07,-121.883371,-75.835860,1.299170,0.000112391044,profile_16_23/mix_01_input.wav,profile_16_23/mix_01_q0.4m.wav
16,23,16,2,2.950372;3.023213,0.5,0,0,,true,0.0049845332,-46.047510,8.85100201e-07,-121.060141,-75.012631,0.823229,8.63048963e-05,profile_16_23/mix_01_input.wav,profile_16_23/mix_01_q0.5m.wav
16,23,16,2,2.950372;3.023213,0.6,0,0,,true,0.0049845332,-46.047510,9.24484089e-07,-120.682002,-74.634492,0.378140,7.6332692e-05,profile_16_23/mix_01_input.wav,profile_16_23/mix_01_q0.6m.wav
16,23,16,2,2.950372;3.023213,0.7,0,0,,true,0.0049845332,-46.047510,9.51235525e-07,-120.434230,-74.386720,0.247772,7.37710147e-05,profile_16_23/mix_01_input.wav,profile_16_23/mix_01_q0.7m.wav
16,23,16,2,2.950372;3.023213,0.8,0,0,,true,0.0049845332,-46.047510,9.93146558e-07,-120.059724,-74.012214,0.374505,7.24241614e-05,profile_16_23/mix_01_input.wav,profile_16_23/mix_01_q0.8m.wav
16,23,16,2,2.950372;3.023213,0.9,0,0,,true,0.0049845332,-46.047510,1.0460096e-06,-119.609278,-73.561768,0.450446,7.31418982e-05,profile_16_23/mix_01_input.wav,profile_16_23/mix_01_q0.9m.wav
16,23,16,2,2.950372;3.023213,1.0,0,0,,true,0.0049845332,-46.047510,1.09806775e-06,-119.187409,-73.139899,0.421869,7.20681754e-05,profile_16_23/mix_01_input.wav,profile_16_23/mix_01_q1m.wav
16,23,16,2,2.950372;3.023213,1.1,0,0,,true,0.0049845332,-46.047510,1.15425545e-06,-118.753954,-72.706444,0.433456,7.19803877e-05,profile_16_23/mix_01_input.wav,profile_16_23/mix_01_q1.1m.wav
16,23,16,2,2.950372;3.023213,1.2,0,0,,true,0.0049845332,-46.047510,1.24602042e-06,-118.089490,-72.041980,0.664464,7.57281738e-05,profile_16_23/mix_01_input.wav,profile_16_23/mix_01_q1.2m.wav
16,23,16,2,2.950372;3.023213,1.3,0,0,,true,0.0049845332,-46.047510,1.38760166e-06,-117.154698,-71.107187,0.934792,7.95837101e-05,profile_16_23/mix_01_input.wav,profile_16_23/mix_01_q1.3m.wav
16,23,16,2,2.950372;3.023213,1.4,0,0,,true,0.0049845332,-46.047510,1.68564271e-06,-115.464684,-69.417174,1.690013,9.2982143e-05,profile_16_23/mix_01_input.wav,profile_16_23/mix_01_q1.4m.wav
16,23,16,2,2.950372;3.023213,1.5,0,0,,true,0.0049845332,-46.047510,2.11561488e-06,-113.491264,-67.443754,1.973421,9.84344448e-05,profile_16_23/mix_01_input.wav,profile_16_23/mix_01_q1.5m.wav
16,23,16,2,2.950372;3.023213,1.6,0,0,,true,0.0049845332,-46.047510,2.52752841e-06,-111.946076,-65.898566,1.545188,8.7989552e-05,profile_16_23/mix_01_input.wav,profile_16_23/mix_01_q1.6m.wav
16,23,16,2,2.950372;3.023213,1.7,0,0,,true,0.0049845332,-46.047510,3.42079726e-06,-109.317451,-63.269941,2.628625,9.83312275e-05,profile_16_23/mix_01_input.wav,profile_16_23/mix_01_q1.7m.wav
16,23,16,2,2.950372;3.023213,1.8,0,0,,true,0.0049845332,-46.047510,6.44864205e-06,-103.810633,-57.763123,5.506818,0.000146452689,profile_16_23/mix_01_input.wav,profile_16_23/mix_01_q1.8m.wav
16,23,16,2,2.950372;3.023213,1.9,0,0,,true,0.0049845332,-46.047510,2.84190759e-05,-90.927801,-44.880291,12.882833,0.000578605278,profile_16_23/mix_01_input.wav,profile_16_23/mix_01_q1.9m.wav
16,23,16,2,2.950372;3.023213,2.0,0,0,,true,0.0049845332,-46.047510,6.0948468e-05,-84.300744,-38.253234,6.627057,0.000834660766,profile_16_23/mix_01_input.wav,profile_16_23/mix_01_q2m.wav
16,23,16,2,2.950372;3.023213,2.1,0,0,,true,0.0049845332,-46.047510,0.000103787488,-79.677100,-33.629590,4.623644,0.00118115121,profile_16_23/mix_01_input.wav,profile_16_23/mix_01_q2.1m.wav
16,23,16,2,2.950372;3.023213,2.2,0,0,,true,0.0049845332,-46.047510,0.000191026671,-74.378120,-28.330610,5.298980,0.0026308852,profile_16_23/mix_01_input.wav,profile_16_23/mix_01_q2.2m.wav
16,23,16,2,2.950372;3.023213,2.3,0,0,,true,0.0049845332,-46.047510,0.000295763105,-70.581120,-24.533610,3.797000,0.00355545734,profile_16_23/mix_01_input.wav,profile_16_23/mix_01_q2.3m.wav
16,23,16,2,2.950372;3.023213,2.4,0,0,,true,0.0049845332,-46.047510,0.000382436555,-68.348812,-22.301302,2.232308,0.00370908857,profile_16_23/mix_01_input.wav,profile_16_23/mix_01_q2.4m.wav
16,23,16,2,2.950372;3.023213,2.5,0,0,,true,0.0049845332,-46.047510,0.000458057383,-66.781602,-20.734092,1.567210,0.00438549084,profile_16_23/mix_01_input.wav,profile_16_23/mix_01_q2.5m.wav
16,23,16,2,2.950372;3.023213,2.6,0,0,,true,0.0049845332,-46.047510,0.00054807705,-65.223168,-19.175658,1.558435,0.00642344018,profile_16_23/mix_01_input.wav,profile_16_23/mix_01_q2.6m.wav
16,23,16,2,2.950372;3.023213,2.7,0,0,,true,0.0049845332,-46.047510,0.000866751177,-61.242111,-15.194601,3.981056,0.0332199803,profile_16_23/mix_01_input.wav,profile_16_23/mix_01_q2.7m.wav
16,23,16,2,2.950372;3.023213,2.8,0,0,,true,0.0049845332,-46.047510,0.00149720779,-56.494358,-10.446848,4.747753,0.0866343222,profile_16_23/mix_01_input.wav,profile_16_23/mix_01_q2.8m.wav
16,23,16,2,2.950372;3.023213,2.9,0,0,,true,0.0049845332,-46.047510,0.00257542059,-51.783037,-5.735527,4.711322,0.18343082,profile_16_23/mix_01_input.wav,profile_16_23/mix_01_q2.9m.wav
16,23,16,2,2.950372;3.023213,3.0,1,1,2.950372,false,0.0049845332,-46.047510,0.00263802582,-51.574419,-5.526909,0.208618,0.0479040827,profile_16_23/mix_01_input.wav,profile_16_23/mix_01_q3m.wav
16,23,16,2,2.950372;3.023213,3.1,2,1,3.023213,false,0.0049845332,-46.047510,0.00272007662,-51.308377,-5.260867,0.266042,0.0212250666,profile_16_23/mix_01_input.wav,profile_16_23/mix_01_q3.1m.wav
16,23,16,2,2.950372;3.023213,3.2,2,0,,true,0.0049845332,-46.047510,0.00308599157,-50.212105,-4.164595,1.096272,0.149186015,profile_16_23/mix_01_input.wav,profile_16_23/mix_01_q3.2m.wav
16,23,16,2,2.950372;3.023213,3.3,2,0,,true,0.0049845332,-46.047510,0.0037700933,-48.472958,-2.425448,1.739147,0.130305734,profile_16_23/mix_01_input.wav,profile_16_23/mix_01_q3.3m.wav
16,23,16,2,2.950372;3.023213,3.4,2,0,,true,0.0049845332,-46.047510,0.00436657415,-47.197183,-1.149673,1.275775,0.0982070945,profile_16_23/mix_01_input.wav,profile_16_23/mix_01_q3.4m.wav
16,23,16,2,2.950372;3.023213,3.5,2,0,,true,0.0049845332,-46.047510,0.00456897328,-46.803628,-0.756118,0.393556,0.0329801008,profile_16_23/mix_01_input.wav,profile_16_23/mix_01_q3.5m.wav
16,23,16,2,2.950372;3.023213,3.6,2,0,,true,0.0049845332,-46.047510,0.0046460055,-46.658406,-0.610895,0.145222,0.0122065529,profile_16_23/mix_01_input.wav,profile_16_23/mix_01_q3.6m.wav
16,23,16,2,2.950372;3.023213,3.7,2,0,,true,0.0049845332,-46.047510,0.00472212388,-46.517252,-0.469742,0.141153,0.0122492632,profile_16_23/mix_01_input.wav,profile_16_23/mix_01_q3.7m.wav
16,23,16,2,2.950372;3.023213,3.8,2,0,,true,0.0049845332,-46.047510,0.00477736756,-46.416227,-0.368717,0.101026,0.0108452077,profile_16_23/mix_01_input.wav,profile_16_23/mix_01_q3.8m.wav
16,23,16,2,2.950372;3.023213,3.9,2,0,,true,0.0049845332,-46.047510,0.00479331841,-46.387274,-0.339764,0.028952,0.00475288957,profile_16_23/mix_01_input.wav,profile_16_23/mix_01_q3.9m.wav
16,23,16,2,2.950372;3.023213,4.0,2,0,,true,0.0049845332,-46.047510,0.00480388138,-46.368154,-0.320644,0.019120,0.00362144047,profile_16_23/mix_01_input.wav,profile_16_23/mix_01_q4m.wav
17,24,17,2,2.882071;4.167683,0.0,0,,,,0.00880962355,-41.100853,1.11362794e-06,-119.065190,-77.964337,,,profile_17_24/mix_01_input.wav,profile_17_24/mix_01_q0m.wav
17,24,17,2,2.882071;4.167683,0.1,0,0,,true,0.00880962355,-41.100853,7.91711269e-07,-122.028652,-80.927800,-2.963463,9.72992109e-05,profile_17_24/mix_01_input.wav,profile_17_24/mix_01_q0.1m.wav
17,24,17,2,2.882071;4.167683,0.2,0,0,,true,0.00880962355,-41.100853,9.31973454e-07,-120.611920,-79.511067,1.416733,9.09652285e-05,profile_17_24/mix_01_input.wav,profile_17_24/mix_01_q0.2m.wav
17,24,17,2,2.882071;4.167683,0.3,0,0,,true,0.00880962355,-41.100853,1.1557046e-06,-118.743056,-77.642203,1.868864,0.000101214974,profile_17_24/mix_01_input.wav,profile_17_24/mix_01_q0.3m.wav
17,24,17,2,2.882071;4.167683,0.4,0,0,,true,0.00880962355,-41.100853,1.28409811e-06,-117.828029,-76.727176,0.915027,0.000105185711,profile_17_24/mix_01_input.wav,profile_17_24/mix_01_q0.4m.wav
17,24,17,2,2.882071;4.167683,0.5,0,0,,true,0.00880962355,-41.100853,1.38320891e-06,-117.182238,-76.081385,0.645791,7.90592367e-05,profile_17_24/mix_01_input.wav,profile_17_24/mix_01_q0.5m.wav
17,24,17,2,2.882071;4.167683,0.6,0,0,,true,0.00880962355,-41.100853,1.40276708e-06,-117.060282,-75.959429,0.121956,6.95915318e-05,profile_17_24/mix_01_input.wav,profile_17_24/mix_01_q0.6m.wav
17,24,17,2,2.882071;4.167683,0.7,0,0,,true,0.00880962355,-41.100853,1.44069972e-06,-116.828525,-75.727672,0.231758,6.59904925e-05,profile_17_24/mix_01_input.wav,profile_17_24/mix_01_q0.7m.wav
17,24,17,2,2.882071;4.167683,0.8,0,0,,true,0.00880962355,-41.100853,1.48983715e-06,-116.537218,-75.436365,0.291306,6.5217389e-05,profile_17_24/mix_01_input.wav,profile_17_24/mix_01_q0.8m.wav
17,24,17,2,2.882071;4.167683,0.9,0,0,,true,0.00880962355,-41.100853,1.55925193e-06,-116.141669,-75.040816,0.395550,6.56860543e-05,profile_17_24/mix_01_input.wav,profile_17_24/mix_01_q0.9m.wav
17,24,17,2,2.882071;4.167683,1.0,0,0,,true,0.00880962355,-41.100853,1.62447798e-06,-115.785718,-74.684865,0.355951,6.51638403e-05,profile_17_24/mix_01_input.wav,profile_17_24/mix_01_q1m.wav
17,24,17,2,2.882071;4.167683,1.1,0,0,,true,0.00880962355,-41.100853,1.71157227e-06,-115.332090,-74.231237,0.453628,6.60761485e-05,profile_17_24/mix_01_input.wav,profile_17_24/mix_01_q1.1m.wav
17,24,17,2,2.882071;4.167683,1.2,0,0,,true,0.00880962355,-41.100853,1.80715899e-06,-114.860068,-73.759215,0.472022,6.59940865e-05,profile_17_24/mix_01_input.wav,profile_17_24/mix_01_q1.2m.wav
17,24,17,2,2.882071;4.167683,1.3,0,0,,true,0.00880962355,-41.100853,1.9696403e-06,-114.112257,-73.011404,0.747811,7.06163702e-05,profile_17_24/mix_01_input.wav,profile_17_24/mix_01_q1.3m.wav
17,24,17,2,2.882071;4.167683,1.4,0,0,,true,0.00880962355,-41.100853,3.75006154e-06,-108.519230,-67.418377,5.593027,9.07991044e-05,profile_17_24/mix_01_input.wav,profile_17_24/mix_01_q1.4m.wav
17,24,17,2,2.882071;4.167683,1.5,0,0,,true,0.00880962355,-41.100853,1.30557398e-05,-97.683970,-56.583117,10.835260,0.000140364773,profile_17_24/mix_01_input.wav,profile_17_24/mix_01_q1.5m.wav
17,24,17,2,2.882071;4.167683,1.6,0,0,,true,0.00880962355,-41.100853,2.99414889e-05,-90.474532,-49.373679,7.209438,0.000216209948,profile_17_24/mix_01_input.wav,profile_17_24/mix_01_q1.6m.wav
17,24,17,2,2.882071;4.167683,1.7,0,0,,true,0.00880962355,-41.100853,4.84329161e-05,-86.297187,-45.196334,4.177344,0.000344593591,profile_17_24/mix_01_input.wav,profile_17_24/mix_01_q1.7m.wav
17,24,17,2,2.882071;4.167683,1.8,0,0,,true,0.00880962355,-41.100853,8.6340836e-05,-81.275675,-40.174822,5.021513,0.000677223358,profile_17_24/mix_01_input.wav,profile_17_24/mix_01_q1.8m.wav
17,24,17,2,2.882071;4.167683,1.9,0,0,,true,0.00880962355,-41.100853,0.000104500276,-79.617651,-38.516798,1.658024,0.000763836401,profile_17_24/mix_01_input.wav,profile_17_24/mix_01_q1.9m.wav
17,24,17,2,2.882071;4.167683,2.0,0,0,,true,0.00880962355,-41.100853,0.00014194138,-76.957819,-35.856967,2.659832,0.00121645788,profile_17_24/mix_01_input.wav,profile_17_24/mix_01_q2m.wav
17,24,17,2,2.882071;4.167683,2.1,0,0,,true,0.00880962355,-41.100853,0.000170809081,-75.349781,-34.248928,1.608039,0.00111716438,profile_17_24/mix_01_input.wav,profile_17_24/mix_01_q2.1m.wav
17,24,17,2,2.882071;4.167683,2.2,0,0,,true,0.00880962355,-41.100853,0.000194218678,-74.234180,-33.133327,1.115601,0.00159325833,profile_17_24/mix_01_input.wav,profile_17_24/mix_01_q2.2m.wav
17,24,17,2,2.882071;4.167683,2.3,0,0,,true,0.00880962355,-41.100853,0.000252710517,-71.947534,-30.846681,2.286646,0.00323965283,profile_17_24/mix_01_input.wav,profile_17_24/mix_01_q2.3m.wav
17,24,17,2,2.882071;4.167683,2.4,0,0,,true,0.00880962355,-41.100853,0.000324720197,-69.769814,-28.668961,2.177720,0.00462373247,profile_17_24/mix_01_input.wav,profile_17_24/mix_01_q2.4m.wav
17,24,17,2,2.882071;4.167683,2.5,0,0,,true,0.00880962355,-41.100853,0.000563663038,-64.979609,-23.878756,4.790205,0.0157789012,profile_17_24/mix_01_input.wav,profile_17_24/mix_01_q2.5m.wav
17,24,17,2,2.882071;4.167683,2.6,0,0,,true,0.00880962355,-41.100853,0.00125224142,-58.046239,-16.945386,6.933370,0.0522425307,profile_17_24/mix_01_input.wav,profile_17_24/mix_01_q2.6m.wav
17,24,17,2,2.882071;4.167683,2.7,0,0,,true,0.00880962355,-41.100853,0.00697154503,-43.133419,-2.032566,14.912819,0.469378617,profile_17_24/mix_01_input.wav,profile_17_24/mix_01_q2.7m.wav
17,24,17,2,2.882071;4.167683,2.8,0,0,,true,0.00880962355,-41.100853,0.00709032905,-42.986672,-1.885819,0.146747,0.0312369132,profile_17_24/mix_01_input.wav,profile_17_24/mix_01_q2.8m.wav
17,24,17,2,2.882071;4.167683,2.9,1,1,2.882071,false,0.00880962355,-41.100853,0.0070870495,-42.990691,-1.889838,-0.004018,0.00522530272,profile_17_24/mix_01_input.wav,profile_17_24/mix_01_q2.9m.wav
17,24,17,2,2.882071;4.167683,3.0,1,0,,true,0.00880962355,-41.100853,0.00709097475,-42.985881,-1.885028,0.004809,0.00239421733,profile_17_24/mix_01_input.wav,profile_17_24/mix_01_q3m.wav
17,24,17,2,2.882071;4.167683,3.1,1,0,,true,0.00880962355,-41.100853,0.00709939567,-42.975572,-1.874719,0.010309,0.00275620797,profile_17_24/mix_01_input.wav,profile_17_24/mix_01_q3.1m.wav
17,24,17,2,2.882071;4.167683,3.2,1,0,,true,0.00880962355,-41.100853,0.00709341288,-42.982895,-1.882042,-0.007323,0.00326137715,profile_17_24/mix_01_input.wav,profile_17_24/mix_01_q3.2m.wav
17,24,17,2,2.882071;4.167683,3.3,1,0,,true,0.00880962355,-41.100853,0.00708980862,-42.987310,-1.886457,-0.004415,0.00239706217,profile_17_24/mix_01_input.wav,profile_17_24/mix_01_q3.3m.wav
17,24,17,2,2.882071;4.167683,3.4,1,0,,true,0.00880962355,-41.100853,0.00708992596,-42.987166,-1.886313,0.000144,0.00320558589,profile_17_24/mix_01_input.wav,profile_17_24/mix_01_q3.4m.wav
17,24,17,2,2.882071;4.167683,3.5,1,0,,true,0.00880962355,-41.100853,0.00709283784,-42.983599,-1.882746,0.003567,0.00392008675,profile_17_24/mix_01_input.wav,profile_17_24/mix_01_q3.5m.wav
17,24,17,2,2.882071;4.167683,3.6,1,0,,true,0.00880962355,-41.100853,0.00710287844,-42.971312,-1.870459,0.012287,0.0063359834,profile_17_24/mix_01_input.wav,profile_17_24/mix_01_q3.6m.wav
17,24,17,2,2.882071;4.167683,3.7,1,0,,true,0.00880962355,-41.100853,0.0071270224,-42.941838,-1.840985,0.029475,0.0109376835,profile_17_24/mix_01_input.wav,profile_17_24/mix_01_q3.7m.wav
17,24,17,2,2.882071;4.167683,3.8,1,0,,true,0.00880962355,-41.100853,0.00716937398,-42.890375,-1.789522,0.051462,0.0155603142,profile_17_24/mix_01_input.wav,profile_17_24/mix_01_q3.8m.wav
17,24,17,2,2.882071;4.167683,3.9,1,0,,true,0.00880962355,-41.100853,0.0072291954,-42.818201,-1.717348,0.072175,0.0213688098,profile_17_24/mix_01_input.wav,profile_17_24/mix_01_q3.9m.wav
17,24,17,2,2.882071;4.167683,4.0,1,0,,true,0.00880962355,-41.100853,0.00733469364,-42.692360,-1.591507,0.125840,0.0324177963,profile_17_24/mix_01_input.wav,profile_17_24/mix_01_q4m.wav
18,33,18,2,3.266494;3.526568,0.0,0,,,,0.00636372449,-43.925773,7.22000521e-07,-122.829238,-78.903465,,,profile_18_33/mix_01_input.wav,profile_18_33/mix_01_q0m.wav
18,33,18,2,3.266494;3.526568,0.1,0,0,,true,0.00636372449,-43.925773,4.95171926e-07,-126.104862,-82.179090,-3.275624,8.91546597e-05,profile_18_33/mix_01_input.wav,profile_18_33/mix_01_q0.1m.wav
18,33,18,2,3.266494;3.526568,0.2,0,0,,true,0.00636372449,-43.925773,5.60567375e-07,-125.027428,-81.101656,1.077434,8.15491474e-05,profile_18_33/mix_01_input.wav,profile_18_33/mix_01_q0.2m.wav
18,33,18,2,3.266494;3.526568,0.3,0,0,,true,0.00636372449,-43.925773,7.37041937e-07,-122.650144,-78.724372,2.377284,9.22731886e-05,profile_18_33/mix_01_input.wav,profile_18_33/mix_01_q0.3m.wav
18,33,18,2,3.266494;3.526568,0.4,0,0,,true,0.00636372449,-43.925773,3.18571733e-06,-109.935853,-66.010080,12.714292,0.000120064991,profile_18_33/mix_01_input.wav,profile_18_33/mix_01_q0.4m.wav
18,33,18,2,3.266494;3.526568,0.5,0,0,,true,0.00636372449,-43.925773,5.61094939e-06,-105.019271,-61.093499,4.916581,9.46341594e-05,profile_18_33/mix_01_input.wav,profile_18_33/mix_01_q0.5m.wav
18,33,18,2,3.266494;3.526568,0.6,0,0,,true,0.00636372449,-43.925773,5.88833914e-06,-104.600142,-60.674370,0.419129,6.50995989e-05,profile_18_33/mix_01_input.wav,profile_18_33/mix_01_q0.6m.wav
18,33,18,2,3.266494;3.526568,0.7,0,0,,true,0.00636372449,-43.925773,5.85841565e-06,-104.644395,-60.718622,-0.044253,6.0798213e-05,profile_18_33/mix_01_input.wav,profile_18_33/mix_01_q0.7m.wav
18,33,18,2,3.266494;3.526568,0.8,0,0,,true,0.00636372449,-43.925773,5.93465437e-06,-104.532090,-60.606317,0.112305,5.90399523e-05,profile_18_33/mix_01_input.wav,profile_18_33/mix_01_q0.8m.wav
18,33,18,2,3.266494;3.526568,0.9,0,0,,true,0.00636372449,-43.925773,5.73807192e-06,-104.824679,-60.898906,-0.292589,5.96457843e-05,profile_18_33/mix_01_input.wav,profile_18_33/mix_01_q0.9m.wav
18,33,18,2,3.266494;3.526568,1.0,0,0,,true,0.00636372449,-43.925773,5.72235583e-06,-104.848501,-60.922729,-0.023823,5.75312454e-05,profile_18_33/mix_01_input.wav,profile_18_33/mix_01_q1m.wav
18,33,18,2,3.266494;3.526568,1.1,0,0,,true,0.00636372449,-43.925773,5.7256407e-06,-104.843517,-60.917744,0.004985,5.68386573e-05,profile_18_33/mix_01_input.wav,profile_18_33/mix_01_q1.1m.wav
18,33,18,2,3.266494;3.526568,1.2,0,0,,true,0.00636372449,-43.925773,5.76593342e-06,-104.782606,-60.856833,0.060911,5.75696547e-05,profile_18_33/mix_01_input.wav,profile_18_33/mix_01_q1.2m.wav
18,33,18,2,3.266494;3.526568,1.3,0,0,,true,0.00636372449,-43.925773,5.78252439e-06,-104.757649,-60.831876,0.024957,5.76557855e-05,profile_18_33/mix_01_input.wav,profile_18_33/mix_01_q1.3m.wav
18,33,18,2,3.266494;3.526568,1.4,0,0,,true,0.00636372449,-43.925773,5.81604674e-06,-104.707441,-60.781668,0.050208,5.63923582e-05,profile_18_33/mix_01_input.wav,profile_18_33/mix_01_q1.4m.wav
18,33,18,2,3.266494;3.526568,1.5,0,0,,true,0.00636372449,-43.925773,5.87979033e-06,-104.612762,-60.686989,0.094679,5.62788585e-05,profile_18_33/mix_01_input.wav,profile_18_33/mix_01_q1.5m.wav
18,33,18,2,3.266494;3.526568,1.6,0,0,,true,0.00636372449,-43.925773,5.9366401e-06,-104.529184,-60.603411,0.083578,5.61504014e-05,profile_18_33/mix_01_input.wav,profile_18_33/mix_01_q1.6m.wav
18,33,18,2,3.266494;3.526568,1.7,0,0,,true,0.00636372449,-43.925773,6.05275337e-06,-104.360939,-60.435166,0.168245,5.65660445e-05,profile_18_33/mix_01_input.wav,profile_18_33/mix_01_q1.7m.wav
18,33,18,2,3.266494;3.526568,1.8,0,0,,true,0.00636372449,-43.925773,6.20657942e-06,-104.142952,-60.217180,0.217987,5.64783684e-05,profile_18_33/mix_01_input.wav,profile_18_33/mix_01_q1.8m.wav
18,33,18,2,3.266494;3.526568,1.9,0,0,,true,0.00636372449,-43.925773,6.43021578e-06,-103.835488,-59.909715,0.307465,5.71798621e-05,profile_18_33/mix_01_input.wav,profile_18_33/mix_01_q1.9m.wav
18,33,18,2,3.266494;3.526568,2.0,0,0,,true,0.00636372449,-43.925773,6.66356282e-06,-103.525869,-59.600096,0.309619,5.77028862e-05,profile_18_33/mix_01_input.wav,profile_18_33/mix_01_q2m.wav
18,33,18,2,3.266494;3.526568,2.1,0,0,,true,0.00636372449,-43.925773,7.1136011e-06,-102.958209,-59.032436,0.567660,6.02370833e-05,profile_18_33/mix_01_input.wav,profile_18_33/mix_01_q2.1m.wav
18,33,18,2,3.266494;3.526568,2.2,0,0,,true,0.00636372449,-43.925773,7.90360897e-06,-102.043490,-58.117717,0.914719,6.36489794e-05,profile_18_33/mix_01_input.wav,profile_18_33/mix_01_q2.2m.wav
18,33,18,2,3.266494;3.526568,2.3,0,0,,true,0.00636372449,-43.925773,9.11198332e-06,-100.807741,-56.881968,1.235749,6.84573601e-05,profile_18_33/mix_01_input.wav,profile_18_33/mix_01_q2.3m.wav
18,33,18,2,3.266494;3.526568,2.4,0,0,,true,0.00636372449,-43.925773,1.09822928e-05,-99.186139,-55.260366,1.621602,7.71515148e-05,profile_18_33/mix_01_input.wav,profile_18_33/mix_01_q2.4m.wav
18,33,18,2,3.266494;3.526568,2.5,0,0,,true,0.00636372449,-43.925773,1.31712959e-05,-97.607429,-53.681657,1.578710,8.05881626e-05,profile_18_33/mix_01_input.wav,profile_18_33/mix_01_q2.5m.wav
18,33,18,2,3.266494;3.526568,2.6,0,0,,true,0.00636372449,-43.925773,1.4742535e-05,-96.628556,-52.702783,0.978873,8.04407242e-05,profile_18_33/mix_01_input.wav,profile_18_33/mix_01_q2.6m.wav
18,33,18,2,3.266494;3.526568,2.7,0,0,,true,0.00636372449,-43.925773,3.3389997e-05,-89.527672,-45.601900,7.100884,0.000240482401,profile_18_33/mix_01_input.wav,profile_18_33/mix_01_q2.7m.wav
18,33,18,2,3.266494;3.526568,2.8,0,0,,true,0.00636372449,-43.925773,3.96294341e-05,-88.039642,-44.113870,1.488030,0.000151034499,profile_18_33/mix_01_input.wav,profile_18_33/mix_01_q2.8m.wav
18,33,18,2,3.266494;3.526568,2.9,0,0,,true,0.00636372449,-43.925773,9.37122089e-05,-80.564076,-36.638304,7.475566,0.000750421915,profile_18_33/mix_01_input.wav,profile_18_33/mix_01_q2.9m.wav
18,33,18,2,3.266494;3.526568,3.0,0,0,,true,0.00636372449,-43.925773,0.000116951046,-78.639918,-34.714145,1.924159,0.000926944555,profile_18_33/mix_01_input.wav,profile_18_33/mix_01_q3m.wav
18,33,18,2,3.266494;3.526568,3.1,0,0,,true,0.00636372449,-43.925773,0.000202277915,-73.881031,-29.955258,4.758887,0.00514051447,profile_18_33/mix_01_input.wav,profile_18_33/mix_01_q3.1m.wav
18,33,18,2,3.266494;3.526568,3.2,0,0,,true,0.00636372449,-43.925773,0.0012828351,-57.836583,-13.910811,16.044447,0.105885443,profile_18_33/mix_01_input.wav,profile_18_33/mix_01_q3.2m.wav
18,33,18,2,3.266494;3.526568,3.3,1,1,3.266494,false,0.00636372449,-43.925773,0.00444892113,-47.034906,-3.109133,10.801677,0.288447523,profile_18_33/mix_01_input.wav,profile_18_33/mix_01_q3.3m.wav
18,33,18,2,3.266494;3.526568,3.4,1,0,,true,0.00636372449,-43.925773,0.00449630239,-46.942890,-3.017117,0.092016,0.0180497784,profile_18_33/mix_01_input.wav,profile_18_33/mix_01_q3.4m.wav
18,33,18,2,3.266494;3.526568,3.5,1,0,,true,0.00636372449,-43.925773,0.00452540927,-46.886843,-2.961070,0.056047,0.00872844571,profile_18_33/mix_01_input.wav,profile_18_33/mix_01_q3.5m.wav
18,33,18,2,3.266494;3.526568,3.6,2,1,3.526568,false,0.00636372449,-43.925773,0.00452354958,-46.890413,-2.964640,-0.003570,0.00357197038,profile_18_33/mix_01_input.wav,profile_18_33/mix_01_q3.6m.wav
18,33,18,2,3.266494;3.526568,3.7,2,0,,true,0.00636372449,-43.925773,0.00454676663,-46.845947,-2.920174,0.044466,0.014424642,profile_18_33/mix_01_input.wav,profile_18_33/mix_01_q3.7m.wav
18,33,18,2,3.266494;3.526568,3.8,2,0,,true,0.00636372449,-43.925773,0.00455639085,-46.827581,-2.901808,0.018366,0.00595306682,profile_18_33/mix_01_input.wav,profile_18_33/mix_01_q3.8m.wav
18,33,18,2,3.266494;3.526568,3.9,2,0,,true,0.00636372449,-43.925773,0.00457684996,-46.788666,-2.862894,0.038914,0.00924872549,profile_18_33/mix_01_input.wav,profile_18_33/mix_01_q3.9m.wav
18,33,18,2,3.266494;3.526568,4.0,2,0,,true,0.00636372449,-43.925773,0.00461965058,-46.707817,-2.782045,0.080849,0.0199831071,profile_18_33/mix_01_input.wav,profile_18_33/mix_01_q4m.wav
19,34,19,2,3.295779;4.893004,0.0,0,,,,0.00566621577,-44.934138,7.26387244e-07,-122.776624,-77.842486,,,profile_19_34/mix_01_input.wav,profile_19_34/mix_01_q0m.wav
19,34,19,2,3.295779;4.893004,0.1,0,0,,true,0.00566621577,-44.934138,5.26574711e-07,-125.570784,-80.636646,-2.794160,9.71228519e-05,profile_19_34/mix_01_input.wav,profile_19_34/mix_01_q0.1m.wav
19,34,19,2,3.295779;4.893004,0.2,0,0,,true,0.00566621577,-44.934138,6.00983855e-07,-124.422729,-79.488592,1.148054,9.08400575e-05,profile_19_34/mix_01_input.wav,profile_19_34/mix_01_q0.2m.wav
19,34,19,2,3.295779;4.893004,0.3,0,0,,true,0.00566621577,-44.934138,7.3147328e-07,-122.716019,-77.781881,1.706711,0.000101865525,profile_19_34/mix_01_input.wav,profile_19_34/mix_01_q0.3m.wav
19,34,19,2,3.295779;4.893004,0.4,0,0,,true,0.00566621577,-44.934138,8.90219422e-07,-121.010049,-76.075911,1.705970,0.000104863214,profile_19_34/mix_01_input.wav,profile_19_34/mix_01_q0.4m.wav
19,34,19,2,3.295779;4.893004,0.5,0,0,,true,0.00566621577,-44.934138,1.01496259e-06,-119.870991,-74.936853,1.139058,7.94759701e-05,profile_19_34/mix_01_input.wav,profile_19_34/mix_01_q0.5m.wav
19,34,19,2,3.295779;4.893004,0.6,0,0,,true,0.00566621577,-44.934138,1.06864356e-06,-119.423334,-74.489197,0.447656,7.04513026e-05,profile_19_34/mix_01_input.wav,profile_19_34/mix_01_q0.6m.wav
19,34,19,2,3.295779;4.893004,0.7,0,0,,true,0.00566621577,-44.934138,1.0984587e-06,-119.184317,-74.250180,0.239017,6.72747282e-05,profile_19_34/mix_01_input.wav,profile_19_34/mix_01_q0.7m.wav
19,34,19,2,3.295779;4.893004,0.8,0,0,,true,0.00566621577,-44.934138,1.12085851e-06,-119.008976,-74.074839,0.175341,6.55442502e-05,profile_19_34/mix_01_input.wav,profile_19_34/mix_01_q0.8m.wav
19,34,19,2,3.295779;4.893004,0.9,0,0,,true,0.00566621577,-44.934138,1.14115092e-06,-118.853131,-73.918993,0.155846,6.52989329e-05,profile_19_34/mix_01_input.wav,profile_19_34/mix_01_q0.9m.wav
19,34,19,2,3.295779;4.893004,1.0,0,0,,true,0.00566621577,-44.934138,1.1575563e-06,-118.729150,-73.795012,0.123981,6.48318184e-05,profile_19_34/mix_01_input.wav,profile_19_34/mix_01_q1m.wav
19,34,19,2,3.295779;4.893004,1.1,0,0,,true,0.00566621577,-44.934138,1.17444775e-06,-118.603319,-73.669181,0.125831,6.39501519e-05,profile_19_34/mix_01_input.wav,profile_19_34/mix_01_q1.1m.wav
19,34,19,2,3.295779;4.893004,1.2,0,0,,true,0.00566621577,-44.934138,1.18188117e-06,-118.548516,-73.614379,0.054802,6.34729553e-05,profile_19_34/mix_01_input.wav,profile_19_34/mix_01_q1.2m.wav
19,34,19,2,3.295779;4.893004,1.3,0,0,,true,0.00566621577,-44.934138,1.1904374e-06,-118.485861,-73.551724,0.062655,6.31101584e-05,profile_19_34/mix_01_input.wav,profile_19_34/mix_01_q1.3m.wav
19,34,19,2,3.295779;4.893004,1.4,0,0,,true,0.00566621577,-44.934138,1.19805477e-06,-118.430459,-73.496321,0.055402,6.28085517e-05,profile_19_34/mix_01_input.wav,profile_19_34/mix_01_q1.4m.wav
19,34,19,2,3.295779;4.893004,1.5,0,0,,true,0.00566621577,-44.934138,1.20873107e-06,-118.353399,-73.419261,0.077060,6.21000424e-05,profile_19_34/mix_01_input.wav,profile_19_34/mix_01_q1.5m.wav
19,34,19,2,3.295779;4.893004,1.6,0,0,,true,0.00566621577,-44.934138,1.21696665e-06,-118.294419,-73.360281,0.058980,6.18783053e-05,profile_19_34/mix_01_input.wav,profile_19_34/mix_01_q1.6m.wav
19,34,19,2,3.295779;4.893004,1.7,0,0,,true,0.00566621577,-44.934138,1.22722493e-06,-118.221510,-73.287372,0.072910,6.18303173e-05,profile_19_34/mix_01_input.wav,profile_19_34/mix_01_q1.7m.wav
19,34,19,2,3.295779;4.893004,1.8,0,0,,true,0.00566621577,-44.934138,1.24217922e-06,-118.116308,-73.182170,0.105202,6.24093336e-05,profile_19_34/mix_01_input.wav,profile_19_34/mix_01_q1.8m.wav
19,34,19,2,3.295779;4.893004,1.9,0,0,,true,0.00566621577,-44.934138,1.25693927e-06,-118.013707,-73.079569,0.102601,6.25103207e-05,profile_19_34/mix_01_input.wav,profile_19_34/mix_01_q1.9m.wav
19,34,19,2,3.295779;4.893004,2.0,0,0,,true,0.00566621577,-44.934138,1.26891576e-06,-117.931337,-72.997200,0.082370,6.28478419e-05,profile_19_34/mix_01_input.wav,profile_19_34/mix_01_q2m.wav
19,34,19,2,3.295779;4.893004,2.1,0,0,,true,0.00566621577,-44.934138,1.2884174e-06,-117.798862,-72.864724,0.132476,6.34144638e-05,profile_19_34/mix_01_input.wav,profile_19_34/mix_01_q2.1m.wav
19,34,19,2,3.295779;4.893004,2.2,0,0,,true,0.00566621577,-44.934138,1.30988911e-06,-117.655303,-72.721165,0.143559,6.38459246e-05,profile_19_34/mix_01_input.wav,profile_19_34/mix_01_q2.2m.wav
19,34,19,2,3.295779;4.893004,2.3,0,0,,true,0.00566621577,-44.934138,1.33526015e-06,-117.488676,-72.554538,0.166627,6.40180535e-05,profile_19_34/mix_01_input.wav,profile_19_34/mix_01_q2.3m.wav
19,34,19,2,3.295779;4.893004,2.4,0,0,,true,0.00566621577,-44.934138,1.35413608e-06,-117.366747,-72.432610,0.121928,6.50800148e-05,profile_19_34/mix_01_input.wav,profile_19_34/mix_01_q2.4m.wav
19,34,19,2,3.295779;4.893004,2.5,0,0,,true,0.00566621577,-44.934138,1.38901205e-06,-117.145874,-72.211736,0.220874,6.5814833e-05,profile_19_34/mix_01_input.wav,profile_19_34/mix_01_q2.5m.wav
19,34,19,2,3.295779;4.893004,2.6,0,0,,true,0.00566621577,-44.934138,1.43632554e-06,-116.854936,-71.920798,0.290937,6.83073912e-05,profile_19_34/mix_01_input.wav,profile_19_34/mix_01_q2.6m.wav
19,34,19,2,3.295779;4.893004,2.7,0,0,,true,0.00566621577,-44.934138,1.4965146e-06,-116.498375,-71.564237,0.356561,7.17535802e-05,profile_19_34/mix_01_input.wav,profile_19_34/mix_01_q2.7m.wav
19,34,19,2,3.295779;4.893004,2.8,0,0,,true,0.00566621577,-44.934138,1.71347425e-06,-115.322443,-70.388305,1.175932,9.74422303e-05,profile_19_34/mix_01_input.wav,profile_19_34/mix_01_q2.8m.wav
19,34,19,2,3.295779;4.893004,2.9,0,0,,true,0.00566621577,-44.934138,4.4279366e-05,-87.075972,-42.141834,28.246471,0.00121090963,profile_19_34/mix_01_input.wav,profile_19_34/mix_01_q2.9m.wav
19,34,19,2,3.295779;4.893004,3.0,0,0,,true,0.00566621577,-44.934138,0.000275021127,-71.212679,-26.278541,15.863293,0.0107383444,profile_19_34/mix_01_input.wav,profile_19_34/mix_01_q3m.wav
19,34,19,2,3.295779;4.893004,3.1,0,0,,true,0.00566621577,-44.934138,0.000942720432,-60.512342,-15.578204,10.700337,0.061995228,profile_19_34/mix_01_input.wav,profile_19_34/mix_01_q3.1m.wav
19,34,19,2,3.295779;4.893004,3.2,0,0,,true,0.00566621577,-44.934138,0.00202118824,-53.887865,-8.953727,6.624477,0.156938456,profile_19_34/mix_01_input.wav,profile_19_34/mix_01_q3.2m.wav
19,34,19,2,3.295779;4.893004,3.3,1,1,3.295779,false,0.00566621577,-44.934138,0.00370768881,-48.617934,-3.683797,5.269930,0.229129272,profile_19_34/mix_01_input.wav,profile_19_34/mix_01_q3.3m.wav
19,34,19,2,3.295779;4.893004,3.4,1,0,,true,0.00566621577,-44.934138,0.00491909127,-46.162302,-1.228165,2.455632,0.160002891,profile_19_34/mix_01_input.wav,profile_19_34/mix_01_q3.4m.wav
19,34,19,2,3.295779;4.893004,3.5,1,0,,true,0.00566621577,-44.934138,0.00500788097,-46.006920,-1.072782,0.155382,0.0181939304,profile_19_34/mix_01_input.wav,profile_19_34/mix_01_q3.5m.wav
19,34,19,2,3.295779;4.893004,3.6,1,0,,true,0.00566621577,-44.934138,0.00533817784,-45.452139,-0.518001,0.554781,0.0475307901,profile_19_34/mix_01_input.wav,profile_19_34/mix_01_q3.6m.wav
19,34,19,2,3.295779;4.893004,3.7,1,0,,true,0.00566621577,-44.934138,0.00543827013,-45.290784,-0.356647,0.161355,0.0141837387,profile_19_34/mix_01_input.wav,profile_19_34/mix_01_q3.7m.wav
19,34,19,2,3.295779;4.893004,3.8,1,0,,true,0.00566621577,-44.934138,0.00549716968,-45.197217,-0.263079,0.093567,0.00891326775,profile_19_34/mix_01_input.wav,profile_19_34/mix_01_q3.8m.wav
19,34,19,2,3.295779;4.893004,3.9,1,0,,true,0.00566621577,-44.934138,0.00551088902,-45.175567,-0.241429,0.021650,0.00295806618,profile_19_34/mix_01_input.wav,profile_19_34/mix_01_q3.9m.wav
19,34,19,2,3.295779;4.893004,4.0,1,0,,true,0.00566621577,-44.934138,0.00552033324,-45.160694,-0.226556,0.014873,0.00253359712,profile_19_34/mix_01_input.wav,profile_19_34/mix_01_q4m.wav
20,44,20,2,4.658307;5.014411,0.0,0,,,,0.00408285097,-47.780729,5.99667237e-07,-124.441779,-76.661050,,,profile_20_44/mix_01_input.wav,profile_20_44/mix_01_q0m.wav
20,44,20,2,4.658307;5.014411,0.1,0,0,,true,0.00408285097,-47.780729,4.24180684e-07,-127.448962,-79.668232,-3.007183,0.000113837943,profile_20_44/mix_01_input.wav,profile_20_44/mix_01_q0.1m.wav
20,44,20,2,4.658307;5.014411,0.2,0,0,,true,0.00408285097,-47.780729,4.84687283e-07,-126.290750,-78.510020,1.158212,0.000102020373,profile_20_44/mix_01_input.wav,profile_20_44/mix_01_q0.2m.wav
20,44,20,2,4.658307;5.014411,0.3,0,0,,true,0.00408285097,-47.780729,5.66018256e-07,-124.943376,-77.162646,1.347374,0.00011481961,profile_20_44/mix_01_input.wav,profile_20_44/mix_01_q0.3m.wav
20,44,20,2,4.658307;5.014411,0.4,0,0,,true,0.00408285097,-47.780729,6.4089108e-07,-123.864302,-76.083572,1.079074,0.000111609141,profile_20_44/mix_01_input.wav,profile_20_44/mix_01_q0.4m.wav
20,44,20,2,4.658307;5.014411,0.5,0,0,,true,0.00408285097,-47.780729,8.29773958e-07,-121.620794,-73.840064,2.243508,9.12331651e-05,profile_20_44/mix_01_input.wav,profile_20_44/mix_01_q0.5m.wav
20,44,20,2,4.658307;5.014411,0.6,0,0,,true,0.00408285097,-47.780729,8.73734895e-07,-121.172396,-73.391667,0.448397,7.85086017e-05,profile_20_44/mix_01_input.wav,profile_20_44/mix_01_q0.6m.wav
20,44,20,2,4.658307;5.014411,0.7,0,0,,true,0.00408285097,-47.780729,8.79787215e-07,-121.112437,-73.331708,0.059959,7.61690331e-05,profile_20_44/mix_01_input.wav,profile_20_44/mix_01_q0.7m.wav
20,44,20,2,4.658307;5.014411,0.8,0,0,,true,0.00408285097,-47.780729,8.96123817e-07,-120.952630,-73.171900,0.159807,7.46588268e-05,profile_20_44/mix_01_input.wav,profile_20_44/mix_01_q0.8m.wav
20,44,20,2,4.658307;5.014411,0.9,0,0,,true,0.00408285097,-47.780729,9.1343586e-07,-120.786429,-73.005700,0.166201,7.42297289e-05,profile_20_44/mix_01_input.wav,profile_20_44/mix_01_q0.9m.wav
20,44,20,2,4.658307;5.014411,1.0,0,0,,true,0.00408285097,-47.780729,9.35625199e-07,-120.577953,-72.797223,0.208477,7.3248194e-05,profile_20_44/mix_01_input.wav,profile_20_44/mix_01_q1m.wav
20,44,20,2,4.658307;5.014411,1.1,0,0,,true,0.00408285097,-47.780729,9.60339877e-07,-120.351492,-72.570762,0.226461,7.37311161e-05,profile_20_44/mix_01_input.wav,profile_20_44/mix_01_q1.1m.wav
20,44,20,2,4.658307;5.014411,1.2,0,0,,true,0.00408285097,-47.780729,9.91285938e-07,-120.076012,-72.295283,0.275479,7.34520887e-05,profile_20_44/mix_01_input.wav,profile_20_44/mix_01_q1.2m.wav
20,44,20,2,4.658307;5.014411,1.3,0,0,,true,0.00408285097,-47.780729,1.01713885e-06,-119.852387,-72.071657,0.223626,7.3383075e-05,profile_20_44/mix_01_input.wav,profile_20_44/mix_01_q1.3m.wav
20,44,20,2,4.658307;5.014411,1.4,0,0,,true,0.00408285097,-47.780729,1.0394132e-06,-119.664227,-71.883498,0.188160,7.40363665e-05,profile_20_44/mix_01_input.wav,profile_20_44/mix_01_q1.4m.wav
20,44,20,2,4.658307;5.014411,1.5,0,0,,true,0.00408285097,-47.780729,1.06052634e-06,-119.489563,-71.708833,0.174664,7.33986403e-05,profile_20_44/mix_01_input.wav,profile_20_44/mix_01_q1.5m.wav
20,44,20,2,4.658307;5.014411,1.6,0,0,,true,0.00408285097,-47.780729,1.08211945e-06,-119.314488,-71.533758,0.175075,7.43188537e-05,profile_20_44/mix_01_input.wav,profile_20_44/mix_01_q1.6m.wav
20,44,20,2,4.658307;5.014411,1.7,0,0,,true,0.00408285097,-47.780729,1.10783285e-06,-119.110507,-71.329778,0.203980,7.48661047e-05,profile_20_44/mix_01_input.wav,profile_20_44/mix_01_q1.7m.wav
20,44,20,2,4.658307;5.014411,1.8,0,0,,true,0.00408285097,-47.780729,1.16100385e-06,-118.703319,-70.922590,0.407188,7.53739968e-05,profile_20_44/mix_01_input.wav,profile_20_44/mix_01_q1.8m.wav
20,44,20,2,4.658307;5.014411,1.9,0,0,,true,0.00408285097,-47.780729,1.22214384e-06,-118.257546,-70.476817,0.445773,7.5877211e-05,profile_20_44/mix_01_input.wav,profile_20_44/mix_01_q1.9m.wav
20,44,20,2,4.658307;5.014411,2.0,0,0,,true,0.00408285097,-47.780729,1.29114666e-06,-117.780482,-69.999752,0.477065,7.55416165e-05,profile_20_44/mix_01_input.wav,profile_20_44/mix_01_q2m.wav
20,44,20,2,4.658307;5.014411,2.1,0,0,,true,0.00408285097,-47.780729,1.33025329e-06,-117.521307,-69.740577,0.259175,7.53088674e-05,profile_20_44/mix_01_input.wav,profile_20_44/mix_01_q2.1m.wav
20,44,20,2,4.658307;5.014411,2.2,0,0,,true,0.00408285097,-47.780729,1.36929702e-06,-117.270040,-69.489311,0.251266,7.68841196e-05,profile_20_44/mix_01_input.wav,profile_20_44/mix_01_q2.2m.wav
20,44,20,2,4.658307;5.014411,2.3,0,0,,true,0.00408285097,-47.780729,1.4474116e-06,-116.788153,-69.007424,0.481887,7.77404775e-05,profile_20_44/mix_01_input.wav,profile_20_44/mix_01_q2.3m.wav
20,44,20,2,4.658307;5.014411,2.4,0,0,,true,0.00408285097,-47.780729,1.507121e-06,-116.437032,-68.656302,0.351121,7.60948333e-05,profile_20_44/mix_01_input.wav,profile_20_44/mix_01_q2.4m.wav
20,44,20,2,4.658307;5.014411,2.5,0,0,,true,0.00408285097,-47.780729,1.55746051e-06,-116.151654,-68.370924,0.285378,7.59868087e-05,profile_20_44/mix_01_input.wav,profile_20_44/mix_01_q2.5m.wav
20,44,20,2,4.658307;5.014411,2.6,0,0,,true,0.00408285097,-47.780729,1.60632593e-06,-115.883321,-68.102592,0.268332,7.51984273e-05,profile_20_44/mix_01_input.wav,profile_20_44/mix_01_q2.6m.wav
20,44,20,2,4.658307;5.014411,2.7,0,0,,true,0.00408285097,-47.780729,1.62501799e-06,-115.782831,-68.002102,0.100490,7.43204548e-05,profile_20_44/mix_01_input.wav,profile_20_44/mix_01_q2.7m.wav
20,44,20,2,4.658307;5.014411,2.8,0,0,,true,0.00408285097,-47.780729,1.64451456e-06,-115.679240,-67.898511,0.103591,7.3773517e-05,profile_20_44/mix_01_input.wav,profile_20_44/mix_01_q2.8m.wav
20,44,20,2,4.658307;5.014411,2.9,0,0,,true,0.00408285097,-47.780729,1.65935647e-06,-115.601201,-67.820471,0.078039,7.23007621e-05,profile_20_44/mix_01_input.wav,profile_20_44/mix_01_q2.9m.wav
20,44,20,2,4.658307;5.014411,3.0,0,0,,true,0.00408285097,-47.780729,1.69964727e-06,-115.392819,-67.612089,0.208382,7.30377835e-05,profile_20_44/mix_01_input.wav,profile_20_44/mix_01_q3m.wav
20,44,20,2,4.658307;5.014411,3.1,0,0,,true,0.00408285097,-47.780729,1.69630354e-06,-115.409924,-67.629194,-0.017105,7.46241041e-05,profile_20_44/mix_01_input.wav,profile_20_44/mix_01_q3.1m.wav
20,44,20,2,4.658307;5.014411,3.2,0,0,,true,0.00408285097,-47.780729,1.62250293e-06,-115.796285,-68.015555,-0.386361,8.49705405e-05,profile_20_44/mix_01_input.wav,profile_20_44/mix_01_q3.2m.wav
20,44,20,2,4.658307;5.014411,3.3,0,0,,true,0.00408285097,-47.780729,1.56105109e-06,-116.131652,-68.350923,-0.335367,8.29213462e-05,profile_20_44/mix_01_input.wav,profile_20_44/mix_01_q3.3m.wav
20,44,20,2,4.658307;5.014411,3.4,0,0,,true,0.00408285097,-47.780729,1.54672864e-06,-116.211712,-68.430982,-0.080060,8.00392045e-05,profile_20_44/mix_01_input.wav,profile_20_44/mix_01_q3.4m.wav
20,44,20,2,4.658307;5.014411,3.5,0,0,,true,0.00408285097,-47.780729,1.63433264e-06,-115.733186,-67.952456,0.478526,8.12192601e-05,profile_20_44/mix_01_input.wav,profile_20_44/mix_01_q3.5m.wav
20,44,20,2,4.658307;5.014411,3.6,0,0,,true,0.00408285097,-47.780729,1.74931098e-06,-115.142655,-67.361925,0.590531,8.03447264e-05,profile_20_44/mix_01_input.wav,profile_20_44/mix_01_q3.6m.wav
20,44,20,2,4.658307;5.014411,3.7,0,0,,true,0.00408285097,-47.780729,1.75618935e-06,-115.108568,-67.327839,0.034086,7.96442794e-05,profile_20_44/mix_01_input.wav,profile_20_44/mix_01_q3.7m.wav
20,44,20,2,4.658307;5.014411,3.8,0,0,,true,0.00408285097,-47.780729,1.94045996e-06,-114.241902,-66.461172,0.866666,8.92047222e-05,profile_20_44/mix_01_input.wav,profile_20_44/mix_01_q3.8m.wav
20,44,20,2,4.658307;5.014411,3.9,0,0,,true,0.00408285097,-47.780729,2.1762414e-06,-113.245855,-65.465125,0.996047,9.97650497e-05,profile_20_44/mix_01_input.wav,profile_20_44/mix_01_q3.9m.wav
20,44,20,2,4.658307;5.014411,4.0,0,0,,true,0.00408285097,-47.780729,2.43816929e-06,-112.258719,-64.477990,0.987135,0.000101842785,profile_20_44/mix_01_input.wav,profile_20_44/mix_01_q4m.wav
0,none,21,0,none,0.0,0,,,,0.0499999987,-26.020600,6.87680583e-06,-103.252263,-77.231663,,,profile_00_none/mix_02_input.wav,profile_00_none/mix_02_q0m.wav
0,none,21,0,none,0.1,0,0,,true,0.0499999987,-26.020600,4.68302953e-06,-106.589460,-80.568860,-3.337197,8.81059828e-05,profile_00_none/mix_02_input.wav,profile_00_none/mix_02_q0.1m.wav
0,none,21,0,none,0.2,0,0,,true,0.0499999987,-26.020600,5.86229129e-06,-104.638651,-78.618051,1.950810,7.98150288e-05,profile_00_none/mix_02_input.wav,profile_00_none/mix_02_q0.2m.wav
0,none,21,0,none,0.3,0,0,,true,0.0499999987,-26.020600,6.9066015e-06,-103.214711,-77.194111,1.423940,9.25127485e-05,profile_00_none/mix_02_input.wav,profile_00_none/mix_02_q0.3m.wav
0,none,21,0,none,0.4,0,0,,true,0.0499999987,-26.020600,7.66868457e-06,-102.305581,-76.284981,0.909129,8.69008386e-05,profile_00_none/mix_02_input.wav,profile_00_none/mix_02_q0.4m.wav
0,none,21,0,none,0.5,0,0,,true,0.0499999987,-26.020600,9.13361614e-06,-100.787144,-74.766544,1.518437,6.54733247e-05,profile_00_none/mix_02_input.wav,profile_00_none/mix_02_q0.5m.wav
0,none,21,0,none,0.6,0,0,,true,0.0499999987,-26.020600,1.00334283e-05,-99.971012,-73.950412,0.816132,5.81808642e-05,profile_00_none/mix_02_input.wav,profile_00_none/mix_02_q0.6m.wav
0,none,21,0,none,0.7,0,0,,true,0.0499999987,-26.020600,1.08737124e-05,-99.272442,-73.251842,0.698570,5.6596056e-05,profile_00_none/mix_02_input.wav,profile_00_none/mix_02_q0.7m.wav
0,none,21,0,none,0.8,0,0,,true,0.0499999987,-26.020600,1.18798964e-05,-98.503746,-72.483146,0.768696,5.51758254e-05,profile_00_none/mix_02_input.wav,profile_00_none/mix_02_q0.8m.wav
0,none,21,0,none,0.9,0,0,,true,0.0499999987,-26.020600,1.28353693e-05,-97.831832,-71.811232,0.671914,5.39881162e-05,profile_00_none/mix_02_input.wav,profile_00_none/mix_02_q0.9m.wav
0,none,21,0,none,1.0,0,0,,true,0.0499999987,-26.020600,1.3585269e-05,-97.338635,-71.318034,0.493197,5.31002174e-05,profile_00_none/mix_02_input.wav,profile_00_none/mix_02_q1m.wav
0,none,21,0,none,1.1,0,0,,true,0.0499999987,-26.020600,1.41967241e-05,-96.956237,-70.935636,0.382398,5.2100519e-05,profile_00_none/mix_02_input.wav,profile_00_none/mix_02_q1.1m.wav
0,none,21,0,none,1.2,0,0,,true,0.0499999987,-26.020600,1.46982042e-05,-96.654714,-70.634114,0.301523,5.14511262e-05,profile_00_none/mix_02_input.wav,profile_00_none/mix_02_q1.2m.wav
0,none,21,0,none,1.3,0,0,,true,0.0499999987,-26.020600,1.51499299e-05,-96.391787,-70.371187,0.262927,5.07854761e-05,profile_00_none/mix_02_input.wav,profile_00_none/mix_02_q1.3m.wav
0,none,21,0,none,1.4,0,0,,true,0.0499999987,-26.020600,1.56310671e-05,-96.120227,-70.099627,0.271560,4.96791621e-05,profile_00_none/mix_02_input.wav,profile_00_none/mix_02_q1.4m.wav
0,none,21,0,none,1.5,0,0,,true,0.0499999987,-26.020600,1.59883552e-05,-95.923924,-69.903324,0.196303,4.86207058e-05,profile_00_none/mix_02_input.wav,profile_00_none/mix_02_q1.5m.wav
0,none,21,0,none,1.6,0,0,,true,0.0499999987,-26.020600,1.61800254e-05,-95.820415,-69.799815,0.103508,4.7874761e-05,profile_00_none/mix_02_input.wav,profile_00_none/mix_02_q1.6m.wav
0,none,21,0,none,1.7,0,0,,true,0.0499999987,-26.020600,1.63388076e-05,-95.735592,-69.714992,0.084823,4.75029231e-05,profile_00_none/mix_02_input.wav,profile_00_none/mix_02_q1.7m.wav
0,none,21,0,none,1.8,0,0,,true,0.0499999987,-26.020600,1.65887732e-05,-95.603714,-69.583114,0.131878,4.78874803e-05,profile_00_none/mix_02_input.wav,profile_00_none/mix_02_q1.8m.wav
0,none,21,0,none,1.9,0,0,,true,0.0499999987,-26.020600,1.6794797e-05,-95.496504,-69.475904,0.107210,4.80766506e-05,profile_00_none/mix_02_input.wav,profile_00_none/mix_02_q1.9m.wav
0,none,21,0,none,2.0,0,0,,true,0.0499999987,-26.020600,1.70858312e-05,-95.347277,-69.326677,0.149227,4.79004906e-05,profile_00_none/mix_02_input.wav,profile_00_none/mix_02_q2m.wav
0,none,21,0,none,2.1,0,0,,true,0.0499999987,-26.020600,1.73155268e-05,-95.231285,-69.210685,0.115992,4.76732761e-05,profile_00_none/mix_02_input.wav,profile_00_none/mix_02_q2.1m.wav
0,none,21,0,none,2.2,0,0,,true,0.0499999987,-26.020600,1.78213888e-05,-94.981169,-68.960568,0.250117,4.90934566e-05,profile_00_none/mix_02_input.wav,profile_00_none/mix_02_q2.2m.wav
0,none,21,0,none,2.3,0,0,,true,0.0499999987,-26.020600,1.79265848e-05,-94.930048,-68.909448,0.051120,4.76308208e-05,profile_00_none/mix_02_input.wav,profile_00_none/mix_02_q2.3m.wav
0,none,21,0,none,2.4,0,0,,true,0.0499999987,-26.020600,1.80556544e-05,-94.867735,-68.847135,0.062313,4.7557793e-05,profile_00_none/mix_02_input.wav,profile_00_none/mix_02_q2.4m.wav
0,none,21,0,none,2.5,0,0,,true,0.0499999987,-26.020600,1.82356044e-05,-94.781596,-68.760996,0.086139,4.74405273e-05,profile_00_none/mix_02_input.wav,profile_00_none/mix_02_q2.5m.wav
0,none,21,0,none,2.6,0,0,,true,0.0499999987,-26.020600,1.83448616e-05,-94.729711,-68.709111,0.051886,4.78019332e-05,profile_00_none/mix_02_input.wav,profile_00_none/mix_02_q2.6m.wav
0,none,21,0,none,2.7,0,0,,true,0.0499999987,-26.020600,1.85621339e-05,-94.627441,-68.606841,0.102269,4.75287801e-05,profile_00_none/mix_02_input.wav,profile_00_none/mix_02_q2.7m.wav
0,none,21,0,none,2.8,0,0,,true,0.0499999987,-26.020600,1.87013874e-05,-94.562523,-68.541923,0.064918,4.65391771e-05,profile_00_none/mix_02_input.wav,profile_00_none/mix_02_q2.8m.wav
0,none,21,0,none,2.9,0,0,,true,0.0499999987,-26.020600,1.88587845e-05,-94.489726,-68.469125,0.072797,4.67012172e-05,profile_00_none/mix_02_input.wav,profile_00_none/mix_02_q2.9m.wav
0,none,21,0,none,3.0,0,0,,true,0.0499999987,-26.020600,1.89703395e-05,-94.438497,-68.417897,0.051228,4.67251687e-05,profile_00_none/mix_02_input.wav,profile_00_none/mix_02_q3m.wav
0,none,21,0,none,3.1,0,0,,true,0.0499999987,-26.020600,1.90764569e-05,-94.390045,-68.369445,0.048452,4.65799406e-05,profile_00_none/mix_02_input.wav,profile_00_none/mix_02_q3.1m.wav
0,none,21,0,none,3.2,0,0,,true,0.0499999987,-26.020600,1.91658839e-05,-94.349422,-68.328822,0.040623,4.68657721e-05,profile_00_none/mix_02_input.wav,profile_00_none/mix_02_q3.2m.wav
0,none,21,0,none,3.3,0,0,,true,0.0499999987,-26.020600,1.91885828e-05,-94.339142,-68.318541,0.010281,4.74662705e-05,profile_00_none/mix_02_input.wav,profile_00_none/mix_02_q3.3m.wav
0,none,21,0,none,3.4,0,0,,true,0.0499999987,-26.020600,1.90262956e-05,-94.412915,-68.392315,-0.073773,4.86616422e-05,profile_00_none/mix_02_input.wav,profile_00_none/mix_02_q3.4m.wav
0,none,21,0,none,3.5,0,0,,true,0.0499999987,-26.020600,1.89777195e-05,-94.435119,-68.414519,-0.022204,4.95836152e-05,profile_00_none/mix_02_input.wav,profile_00_none/mix_02_q3.5m.wav
0,none,21,0,none,3.6,0,0,,true,0.0499999987,-26.020600,1.90403296e-05,-94.406510,-68.385910,0.028609,5.00933324e-05,profile_00_none/mix_02_input.wav,profile_00_none/mix_02_q3.6m.wav
0,none,21,0,none,3.7,0,0,,true,0.0499999987,-26.020600,1.89867488e-05,-94.430987,-68.410387,-0.024477,5.08156031e-05,profile_00_none/mix_02_input.wav,profile_00_none/mix_02_q3.7m.wav
0,none,21,0,none,3.8,0,0,,true,0.0499999987,-26.020600,1.89610916e-05,-94.442733,-68.422133,-0.011745,5.10214945e-05,profile_00_none/mix_02_input.wav,profile_00_none/mix_02_q3.8m.wav
0,none,21,0,none,3.9,0,0,,true,0.0499999987,-26.020600,1.88676796e-05,-94.485630,-68.465030,-0.042897,5.15581146e-05,profile_00_none/mix_02_input.wav,profile_00_none/mix_02_q3.9m.wav
0,none,21,0,none,4.0,0,0,,true,0.0499999987,-26.020600,1.87285984e-05,-94.549894,-68.529294,-0.064264,5.22761788e-05,profile_00_none/mix_02_input.wav,profile_00_none/mix_02_q4m.wav
1,0,22,1,0.429878,0.0,0,,,,0.0100981301,-39.915181,1.28792134e-06,-117.802206,-77.887026,,,profile_01_0/mix_02_input.wav,profile_01_0/mix_02_q0m.wav
1,0,22,1,0.429878,0.1,0,0,,true,0.0100981301,-39.915181,7.84606478e-07,-122.106951,-82.191770,-4.304745,7.44775467e-05,profile_01_0/mix_02_input.wav,profile_01_0/mix_02_q0.1m.wav
1,0,22,1,0.429878,0.2,0,0,,true,0.0100981301,-39.915181,8.61775072e-07,-121.292111,-81.376931,0.814840,6.7112591e-05,profile_01_0/mix_02_input.wav,profile_01_0/mix_02_q0.2m.wav
1,0,22,1,0.429878,0.3,0,0,,true,0.0100981301,-39.915181,0.000521859721,-65.648924,-25.733744,55.643187,0.0137638116,profile_01_0/mix_02_input.wav,profile_01_0/mix_02_q0.3m.wav
1,0,22,1,0.429878,0.4,0,0,,true,0.0100981301,-39.915181,0.00990902308,-40.079383,-0.164202,25.569541,0.593823142,profile_01_0/mix_02_input.wav,profile_01_0/mix_02_q0.4m.wav
1,0,22,1,0.429878,0.5,1,1,0.429878,false,0.0100981301,-39.915181,0.0100039197,-39.996596,-0.081415,0.082787,0.0117928214,profile_01_0/mix_02_input.wav,profile_01_0/mix_02_q0.5m.wav
1,0,22,1,0.429878,0.6,1,0,,true,0.0100981301,-39.915181,0.0100232296,-39.979846,-0.064666,0.016750,0.00498429707,profile_01_0/mix_02_input.wav,profile_01_0/mix_02_q0.6m.wav
1,0,22,1,0.429878,0.7,1,0,,true,0.0100981301,-39.915181,0.0100344937,-39.970091,-0.054910,0.009756,0.00273298283,profile_01_0/mix_02_input.wav,profile_01_0/mix_02_q0.7m.wav
1,0,22,1,0.429878,0.8,1,0,,true,0.0100981301,-39.915181,0.0100414632,-39.964060,-0.048879,0.006031,0.00184772031,profile_01_0/mix_02_input.wav,profile_01_0/mix_02_q0.8m.wav
1,0,22,1,0.429878,0.9,1,0,,true,0.0100981301,-39.915181,0.0100449811,-39.961017,-0.045837,0.003043,0.00119104208,profile_01_0/mix_02_input.wav,profile_01_0/mix_02_q0.9m.wav
1,0,22,1,0.429878,1.0,1,0,,true,0.0100981301,-39.915181,0.0100477366,-39.958635,-0.043454,0.002382,0.000994399036,profile_01_0/mix_02_input.wav,profile_01_0/mix_02_q1m.wav
1,0,22,1,0.429878,1.1,1,0,,true,0.0100981301,-39.915181,0.010048946,-39.957590,-0.042409,0.001045,0.00078735611,profile_01_0/mix_02_input.wav,profile_01_0/mix_02_q1.1m.wav
1,0,22,1,0.429878,1.2,1,0,,true,0.0100981301,-39.915181,0.0100491898,-39.957379,-0.042198,0.000211,0.000571415643,profile_01_0/mix_02_input.wav,profile_01_0/mix_02_q1.2m.wav
1,0,22,1,0.429878,1.3,1,0,,true,0.0100981301,-39.915181,0.0100491193,-39.957440,-0.042259,-0.000061,0.00048963004,profile_01_0/mix_02_input.wav,profile_01_0/mix_02_q1.3m.wav
1,0,22,1,0.429878,1.4,1,0,,true,0.0100981301,-39.915181,0.0100491419,-39.957420,-0.042240,0.000020,0.00043588854,profile_01_0/mix_02_input.wav,profile_01_0/mix_02_q1.4m.wav
1,0,22,1,0.429878,1.5,1,0,,true,0.0100981301,-39.915181,0.0100487802,-39.957733,-0.042552,-0.000313,0.000366382105,profile_01_0/mix_02_input.wav,profile_01_0/mix_02_q1.5m.wav
1,0,22,1,0.429878,1.6,1,0,,true,0.0100981301,-39.915181,0.0100485243,-39.957954,-0.042774,-0.000221,0.000345035847,profile_01_0/mix_02_input.wav,profile_01_0/mix_02_q1.6m.wav
1,0,22,1,0.429878,1.7,1,0,,true,0.0100981301,-39.915181,0.0100483262,-39.958126,-0.042945,-0.000171,0.000315653683,profile_01_0/mix_02_input.wav,profile_01_0/mix_02_q1.7m.wav
1,0,22,1,0.429878,1.8,1,0,,true,0.0100981301,-39.915181,0.0100481732,-39.958258,-0.043077,-0.000132,0.00032884641,profile_01_0/mix_02_input.wav,profile_01_0/mix_02_q1.8m.wav
1,0,22,1,0.429878,1.9,1,0,,true,0.0100981301,-39.915181,0.0100478413,-39.958545,-0.043364,-0.000287,0.000310920733,profile_01_0/mix_02_input.wav,profile_01_0/mix_02_q1.9m.wav
1,0,22,1,0.429878,2.0,1,0,,true,0.0100981301,-39.915181,0.0100476393,-39.958719,-0.043539,-0.000175,0.000283514588,profile_01_0/mix_02_input.wav,profile_01_0/mix_02_q2m.wav
1,0,22,1,0.429878,2.1,1,0,,true,0.0100981301,-39.915181,0.010047498,-39.958841,-0.043661,-0.000122,0.000285904705,profile_01_0/mix_02_input.wav,profile_01_0/mix_02_q2.1m.wav
1,0,22,1,0.429878,2.2,1,0,,true,0.0100981301,-39.915181,0.0100474177,-39.958911,-0.043730,-0.000069,0.000281418535,profile_01_0/mix_02_input.wav,profile_01_0/mix_02_q2.2m.wav
1,0,22,1,0.429878,2.3,1,0,,true,0.0100981301,-39.915181,0.010047101,-39.959185,-0.044004,-0.000274,0.000268596,profile_01_0/mix_02_input.wav,profile_01_0/mix_02_q2.3m.wav
1,0,22,1,0.429878,2.4,1,0,,true,0.0100981301,-39.915181,0.010046945,-39.959320,-0.044139,-0.000135,0.000267766473,profile_01_0/mix_02_input.wav,profile_01_0/mix_02_q2.4m.wav
1,0,22,1,0.429878,2.5,1,0,,true,0.0100981301,-39.915181,0.0100469183,-39.959343,-0.044162,-0.000023,0.000259252589,profile_01_0/mix_02_input.wav,profile_01_0/mix_02_q2.5m.wav
1,0,22,1,0.429878,2.6,1,0,,true,0.0100981301,-39.915181,0.0100468527,-39.959399,-0.044219,-0.000057,0.000249840323,profile_01_0/mix_02_input.wav,profile_01_0/mix_02_q2.6m.wav
1,0,22,1,0.429878,2.7,1,0,,true,0.0100981301,-39.915181,0.0100468007,-39.959444,-0.044264,-0.000045,0.000251719431,profile_01_0/mix_02_input.wav,profile_01_0/mix_02_q2.7m.wav
1,0,22,1,0.429878,2.8,1,0,,true,0.0100981301,-39.915181,0.0100468725,-39.959382,-0.044201,0.000062,0.000366830497,profile_01_0/mix_02_input.wav,profile_01_0/mix_02_q2.8m.wav
1,0,22,1,0.429878,2.9,1,0,,true,0.0100981301,-39.915181,0.0100467037,-39.959528,-0.044347,-0.000146,0.00022375042,profile_01_0/mix_02_input.wav,profile_01_0/mix_02_q2.9m.wav
1,0,22,1,0.429878,3.0,1,0,,true,0.0100981301,-39.915181,0.0100464399,-39.959756,-0.044575,-0.000228,0.000232262772,profile_01_0/mix_02_input.wav,profile_01_0/mix_02_q3m.wav
1,0,22,1,0.429878,3.1,1,0,,true,0.0100981301,-39.915181,0.010046307,-39.959871,-0.044690,-0.000115,0.000238541519,profile_01_0/mix_02_input.wav,profile_01_0/mix_02_q3.1m.wav
1,0,22,1,0.429878,3.2,1,0,,true,0.0100981301,-39.915181,0.010046287,-39.959888,-0.044708,-0.000017,0.000256087525,profile_01_0/mix_02_input.wav,profile_01_0/mix_02_q3.2m.wav
1,0,22,1,0.429878,3.3,1,0,,true,0.0100981301,-39.915181,0.0100465479,-39.959663,-0.044482,0.000226,0.000319651248,profile_01_0/mix_02_input.wav,profile_01_0/mix_02_q3.3m.wav
1,0,22,1,0.429878,3.4,1,0,,true,0.0100981301,-39.915181,0.0100469953,-39.959276,-0.044095,0.000387,0.000404292788,profile_01_0/mix_02_input.wav,profile_01_0/mix_02_q3.4m.wav
1,0,22,1,0.429878,3.5,1,0,,true,0.0100981301,-39.915181,0.010047497,-39.958842,-0.043662,0.000434,0.000499299038,profile_01_0/mix_02_input.wav,profile_01_0/mix_02_q3.5m.wav
1,0,22,1,0.429878,3.6,1,0,,true,0.0100981301,-39.915181,0.0100478929,-39.958500,-0.043319,0.000342,0.000575913207,profile_01_0/mix_02_input.wav,profile_01_0/mix_02_q3.6m.wav
1,0,22,1,0.429878,3.7,1,0,,true,0.0100981301,-39.915181,0.0100481711,-39.958260,-0.043079,0.000240,0.000633976553,profile_01_0/mix_02_input.wav,profile_01_0/mix_02_q3.7m.wav
1,0,22,1,0.429878,3.8,1,0,,true,0.0100981301,-39.915181,0.0100481384,-39.958288,-0.043107,-0.000028,0.000656955363,profile_01_0/mix_02_input.wav,profile_01_0/mix_02_q3.8m.wav
1,0,22,1,0.429878,3.9,1,0,,true,0.0100981301,-39.915181,0.0100478361,-39.958549,-0.043368,-0.000261,0.000706429328,profile_01_0/mix_02_input.wav,profile_01_0/mix_02_q3.9m.wav
1,0,22,1,0.429878,4.0,1,0,,true,0.0100981301,-39.915181,0.0100475314,-39.958813,-0.043632,-0.000263,0.00077547609,profile_01_0/mix_02_input.wav,profile_01_0/mix_02_q4m.wav
2,1,23,1,1.730133,0.0,0,,,,0.00272736534,-51.285134,4.28368577e-07,-127.363628,-76.078494,,,profile_02_1/mix_02_input.wav,profile_02_1/mix_02_q0m.wav
2,1,23,1,1.730133,0.1,0,0,,true,0.00272736534,-51.285134,2.90309586e-07,-130.742743,-79.457609,-3.379115,0.000100747907,profile_02_1/mix_02_input.wav,profile_02_1/mix_02_q0.1m.wav
2,1,23,1,1.730133,0.2,0,0,,true,0.00272736534,-51.285134,3.60462548e-07,-128.862773,-77.577639,1.879970,9.12690421e-05,profile_02_1/mix_02_input.wav,profile_02_1/mix_02_q0.2m.wav
2,1,23,1,1.730133,0.3,0,0,,true,0.00272736534,-51.285134,4.26488007e-07,-127.401843,-76.116710,1.460930,0.000104416713,profile_02_1/mix_02_input.wav,profile_02_1/mix_02_q0.3m.wav
2,1,23,1,1.730133,0.4,0,0,,true,0.00272736534,-51.285134,4.96546777e-07,-126.080779,-74.795645,1.321064,0.000104905549,profile_02_1/mix_02_input.wav,profile_02_1/mix_02_q0.4m.wav
2,1,23,1,1.730133,0.5,0,0,,true,0.00272736534,-51.285134,6.00657497e-07,-124.427448,-73.142314,1.653332,8.75575101e-05,profile_02_1/mix_02_input.wav,profile_02_1/mix_02_q0.5m.wav
2,1,23,1,1.730133,0.6,0,0,,true,0.00272736534,-51.285134,6.39918945e-07,-123.877487,-72.592353,0.549960,7.19106579e-05,profile_02_1/mix_02_input.wav,profile_02_1/mix_02_q0.6m.wav
2,1,23,1,1.730133,0.7,0,0,,true,0.00272736534,-51.285134,6.9006596e-07,-123.222175,-71.937042,0.655312,7.25985337e-05,profile_02_1/mix_02_input.wav,profile_02_1/mix_02_q0.7m.wav
2,1,23,1,1.730133,0.8,0,0,,true,0.00272736534,-51.285134,7.53504413e-07,-122.458272,-71.173139,0.763903,7.46837271e-05,profile_02_1/mix_02_input.wav,profile_02_1/mix_02_q0.8m.wav
2,1,23,1,1.730133,0.9,0,0,,true,0.00272736534,-51.285134,8.73178741e-07,-121.177927,-69.892793,1.280345,9.00974993e-05,profile_02_1/mix_02_input.wav,profile_02_1/mix_02_q0.9m.wav
2,1,23,1,1.730133,1.0,0,0,,true,0.00272736534,-51.285134,1.08245444e-06,-119.311799,-68.026666,1.866128,0.000110954373,profile_02_1/mix_02_input.wav,profile_02_1/mix_02_q1m.wav
2,1,23,1,1.730133,1.1,0,0,,true,0.00272736534,-51.285134,1.38479345e-06,-117.172294,-65.887160,2.139506,0.000127564057,profile_02_1/mix_02_input.wav,profile_02_1/mix_02_q1.1m.wav
2,1,23,1,1.730133,1.2,0,0,,true,0.00272736534,-51.285134,1.79198765e-06,-114.933295,-63.648161,2.238999,0.0001312761,profile_02_1/mix_02_input.wav,profile_02_1/mix_02_q1.2m.wav
2,1,23,1,1.730133,1.3,0,0,,true,0.00272736534,-51.285134,2.16723884e-06,-113.281860,-61.996727,1.651434,0.000118554322,profile_02_1/mix_02_input.wav,profile_02_1/mix_02_q1.3m.wav
2,1,23,1,1.730133,1.4,0,0,,true,0.00272736534,-51.285134,2.37862685e-06,-112.473470,-61.188336,0.808390,0.000112404968,profile_02_1/mix_02_input.wav,profile_02_1/mix_02_q1.4m.wav
2,1,23,1,1.730133,1.5,0,0,,true,0.00272736534,-51.285134,3.78632943e-06,-108.435630,-57.150496,4.037840,0.000153496147,profile_02_1/mix_02_input.wav,profile_02_1/mix_02_q1.5m.wav
2,1,23,1,1.730133,1.6,0,0,,true,0.00272736534,-51.285134,1.12176082e-05,-99.001994,-47.716860,9.433636,0.000393686564,profile_02_1/mix_02_input.wav,profile_02_1/mix_02_q1.6m.wav
2,1,23,1,1.730133,1.7,0,0,,true,0.00272736534,-51.285134,4.03430479e-05,-87.884626,-36.599492,11.117368,0.00183474818,profile_02_1/mix_02_input.wav,profile_02_1/mix_02_q1.7m.wav
2,1,23,1,1.730133,1.8,1,1,1.730133,false,0.00272736534,-51.285134,0.00012411079,-78.123809,-26.838675,9.760817,0.00751408785,profile_02_1/mix_02_input.wav,profile_02_1/mix_02_q1.8m.wav
2,1,23,1,1.730133,1.9,1,0,,true,0.00272736534,-51.285134,0.000798455297,-61.954988,-10.669854,16.168821,0.147069552,profile_02_1/mix_02_input.wav,profile_02_1/mix_02_q1.9m.wav
2,1,23,1,1.730133,2.0,1,0,,true,0.00272736534,-51.285134,0.00271474911,-51.325406,-0.040272,10.629582,0.48960518,profile_02_1/mix_02_input.wav,profile_02_1/mix_02_q2m.wav
2,1,23,1,1.730133,2.1,1,0,,true,0.00272736534,-51.285134,0.00271951896,-51.310158,-0.025025,0.015248,0.00249857316,profile_02_1/mix_02_input.wav,profile_02_1/mix_02_q2.1m.wav
2,1,23,1,1.730133,2.2,1,0,,true,0.00272736534,-51.285134,0.00272023016,-51.307887,-0.022753,0.002271,0.000799623735,profile_02_1/mix_02_input.wav,profile_02_1/mix_02_q2.2m.wav
2,1,23,1,1.730133,2.3,1,0,,true,0.00272736534,-51.285134,0.00272039763,-51.307352,-0.022219,0.000535,0.000825085006,profile_02_1/mix_02_input.wav,profile_02_1/mix_02_q2.3m.wav
2,1,23,1,1.730133,2.4,1,0,,true,0.00272736534,-51.285134,0.00272049071,-51.307055,-0.021921,0.000297,0.00159987923,profile_02_1/mix_02_input.wav,profile_02_1/mix_02_q2.4m.wav
2,1,23,1,1.730133,2.5,1,0,,true,0.00272736534,-51.285134,0.00272073643,-51.306271,-0.021137,0.000784,0.000708846852,profile_02_1/mix_02_input.wav,profile_02_1/mix_02_q2.5m.wav
2,1,23,1,1.730133,2.6,1,0,,true,0.00272736534,-51.285134,0.00272066356,-51.306503,-0.021370,-0.000233,0.000285752544,profile_02_1/mix_02_input.wav,profile_02_1/mix_02_q2.6m.wav
2,1,23,1,1.730133,2.7,1,0,,true,0.00272736534,-51.285134,0.00272036045,-51.307471,-0.022337,-0.000968,0.000417399202,profile_02_1/mix_02_input.wav,profile_02_1/mix_02_q2.7m.wav
2,1,23,1,1.730133,2.8,1,0,,true,0.00272736534,-51.285134,0.00271998845,-51.308659,-0.023525,-0.001188,0.000373095331,profile_02_1/mix_02_input.wav,profile_02_1/mix_02_q2.8m.wav
2,1,23,1,1.730133,2.9,1,0,,true,0.00272736534,-51.285134,0.00271971023,-51.309547,-0.024414,-0.000888,0.000280637531,profile_02_1/mix_02_input.wav,profile_02_1/mix_02_q2.9m.wav
2,1,23,1,1.730133,3.0,1,0,,true,0.00272736534,-51.285134,0.00271946412,-51.310333,-0.025200,-0.000786,0.00028036569,profile_02_1/mix_02_input.wav,profile_02_1/mix_02_q3m.wav
2,1,23,1,1.730133,3.1,1,0,,true,0.00272736534,-51.285134,0.00271917385,-51.311261,-0.026127,-0.000927,0.000274636904,profile_02_1/mix_02_input.wav,profile_02_1/mix_02_q3.1m.wav
2,1,23,1,1.730133,3.2,1,0,,true,0.00272736534,-51.285134,0.00271892457,-51.312057,-0.026923,-0.000796,0.000298848121,profile_02_1/mix_02_input.wav,profile_02_1/mix_02_q3.2m.wav
2,1,23,1,1.730133,3.3,1,0,,true,0.00272736534,-51.285134,0.00271870432,-51.312760,-0.027627,-0.000704,0.000339250477,profile_02_1/mix_02_input.wav,profile_02_1/mix_02_q3.3m.wav
2,1,23,1,1.730133,3.4,1,0,,true,0.00272736534,-51.285134,0.00271853693,-51.313295,-0.028162,-0.000535,0.000406137294,profile_02_1/mix_02_input.wav,profile_02_1/mix_02_q3.4m.wav
2,1,23,1,1.730133,3.5,1,0,,true,0.00272736534,-51.285134,0.0027183798,-51.313797,-0.028664,-0.000502,0.00049607404,profile_02_1/mix_02_input.wav,profile_02_1/mix_02_q3.5m.wav
2,1,23,1,1.730133,3.6,1,0,,true,0.00272736534,-51.285134,0.00271827106,-51.314145,-0.029011,-0.000347,0.000607278213,profile_02_1/mix_02_input.wav,profile_02_1/mix_02_q3.6m.wav
2,1,23,1,1.730133,3.7,1,0,,true,0.00272736534,-51.285134,0.00271826177,-51.314174,-0.029041,-0.000030,0.000720366742,profile_02_1/mix_02_input.wav,profile_02_1/mix_02_q3.7m.wav
2,1,23,1,1.730133,3.8,1,0,,true,0.00272736534,-51.285134,0.00271829391,-51.314072,-0.028938,0.000103,0.000827372611,profile_02_1/mix_02_input.wav,profile_02_1/mix_02_q3.8m.wav
2,1,23,1,1.730133,3.9,1,0,,true,0.00272736534,-51.285134,0.00271825959,-51.314181,-0.029048,-0.000110,0.000894967405,profile_02_1/mix_02_input.wav,profile_02_1/mix_02_q3.9m.wav
2,1,23,1,1.730133,4.0,1,0,,true,0.00272736534,-51.285134,0.00271810247,-51.314683,-0.029550,-0.000502,0.000957694538,profile_02_1/mix_02_input.wav,profile_02_1/mix_02_q4m.wav
3,2,24,1,2.984137,0.0,0,,,,0.0074325017,-42.577300,6.61715007e-07,-123.586567,-81.009268,,,profile_03_2/mix_02_input.wav,profile_03_2/mix_02_q0m.wav
3,2,24,1,2.984137,0.1,0,0,,true,0.0074325017,-42.577300,4.47141674e-07,-126.991078,-84.413778,-3.404510,6.55224163e-05,profile_03_2/mix_02_input.wav,profile_03_2/mix_02_q0.1m.wav
3,2,24,1,2.984137,0.2,0,0,,true,0.0074325017,-42.577300,4.97100999e-07,-126.071090,-83.493790,0.919988,5.76103382e-05,profile_03_2/mix_02_input.wav,profile_03_2/mix_02_q0.2m.wav
3,2,24,1,2.984137,0.3,0,0,,true,0.0074325017,-42.577300,6.23186509e-07,-124.107625,-81.530326,1.963465,6.57847105e-05,profile_03_2/mix_02_input.wav,profile_03_2/mix_02_q0.3m.wav
3,2,24,1,2.984137,0.4,0,0,,true,0.0074325017,-42.577300,1.07865898e-06,-119.342309,-76.765009,4.765317,8.38747562e-05,profile_03_2/mix_02_input.wav,profile_03_2/mix_02_q0.4m.wav
3,2,24,1,2.984137,0.5,0,0,,true,0.0074325017,-42.577300,1.7123902e-06,-115.327940,-72.750641,4.014368,7.35746241e-05,profile_03_2/mix_02_input.wav,profile_03_2/mix_02_q0.5m.wav
3,2,24,1,2.984137,0.6,0,0,,true,0.0074325017,-42.577300,2.25359482e-06,-112.942479,-70.365180,2.385461,5.74734972e-05,profile_03_2/mix_02_input.wav,profile_03_2/mix_02_q0.6m.wav
3,2,24,1,2.984137,0.7,0,0,,true,0.0074325017,-42.577300,2.3054269e-06,-112.744969,-70.167669,0.197510,5.1114156e-05,profile_03_2/mix_02_input.wav,profile_03_2/mix_02_q0.7m.wav
3,2,24,1,2.984137,0.8,0,0,,true,0.0074325017,-42.577300,2.48729282e-06,-112.085458,-69.508159,0.659511,4.72119834e-05,profile_03_2/mix_02_input.wav,profile_03_2/mix_02_q0.8m.wav
3,2,24,1,2.984137,0.9,0,0,,true,0.0074325017,-42.577300,2.75262355e-06,-111.205060,-68.627761,0.880398,4.65905299e-05,profile_03_2/mix_02_input.wav,profile_03_2/mix_02_q0.9m.wav
3,2,24,1,2.984137,1.0,0,0,,true,0.0074325017,-42.577300,2.92186547e-06,-110.686793,-68.109493,0.518268,4.47547346e-05,profile_03_2/mix_02_input.wav,profile_03_2/mix_02_q1m.wav
3,2,24,1,2.984137,1.1,0,0,,true,0.0074325017,-42.577300,3.07718368e-06,-110.236929,-67.659629,0.449864,4.36263672e-05,profile_03_2/mix_02_input.wav,profile_03_2/mix_02_q1.1m.wav
3,2,24,1,2.984137,1.2,0,0,,true,0.0074325017,-42.577300,3.16938788e-06,-109.980489,-67.403190,0.256439,4.22562939e-05,profile_03_2/mix_02_input.wav,profile_03_2/mix_02_q1.2m.wav
3,2,24,1,2.984137,1.3,0,0,,true,0.0074325017,-42.577300,3.2917128e-06,-109.651559,-67.074259,0.328931,4.20629957e-05,profile_03_2/mix_02_input.wav,profile_03_2/mix_02_q1.3m.wav
3,2,24,1,2.984137,1.4,0,0,,true,0.0074325017,-42.577300,3.4254777e-06,-109.305575,-66.728275,0.345984,4.23533885e-05,profile_03_2/mix_02_input.wav,profile_03_2/mix_02_q1.4m.wav
3,2,24,1,2.984137,1.5,0,0,,true,0.0074325017,-42.577300,3.50034216e-06,-109.117788,-66.540488,0.187787,4.17657045e-05,profile_03_2/mix_02_input.wav,profile_03_2/mix_02_q1.5m.wav
3,2,24,1,2.984137,1.6,0,0,,true,0.0074325017,-42.577300,3.56356529e-06,-108.962303,-66.385003,0.155484,4.1702823e-05,profile_03_2/mix_02_input.wav,profile_03_2/mix_02_q1.6m.wav
3,2,24,1,2.984137,1.7,0,0,,true,0.0074325017,-42.577300,3.63209197e-06,-108.796861,-66.219561,0.165442,4.15595081e-05,profile_03_2/mix_02_input.wav,profile_03_2/mix_02_q1.7m.wav
3,2,24,1,2.984137,1.8,0,0,,true,0.0074325017,-42.577300,3.70688379e-06,-108.619818,-66.042519,0.177043,4.10725056e-05,profile_03_2/mix_02_input.wav,profile_03_2/mix_02_q1.8m.wav
3,2,24,1,2.984137,1.9,0,0,,true,0.0074325017,-42.577300,3.77058439e-06,-108.471824,-65.894525,0.147994,4.14201241e-05,profile_03_2/mix_02_input.wav,profile_03_2/mix_02_q1.9m.wav
3,2,24,1,2.984137,2.0,0,0,,true,0.0074325017,-42.577300,3.84825975e-06,-108.294710,-65.717411,0.177114,4.16667094e-05,profile_03_2/mix_02_input.wav,profile_03_2/mix_02_q2m.wav
3,2,24,1,2.984137,2.1,0,0,,true,0.0074325017,-42.577300,3.94859049e-06,-108.071156,-65.493856,0.223554,4.2181581e-05,profile_03_2/mix_02_input.wav,profile_03_2/mix_02_q2.1m.wav
3,2,24,1,2.984137,2.2,0,0,,true,0.0074325017,-42.577300,4.09229845e-06,-107.760652,-65.183352,0.310504,4.35840243e-05,profile_03_2/mix_02_input.wav,profile_03_2/mix_02_q2.2m.wav
3,2,24,1,2.984137,2.3,0,0,,true,0.0074325017,-42.577300,4.30860729e-06,-107.313260,-64.735960,0.447392,4.52596409e-05,profile_03_2/mix_02_input.wav,profile_03_2/mix_02_q2.3m.wav
3,2,24,1,2.984137,2.4,0,0,,true,0.0074325017,-42.577300,4.54146e-06,-106.856088,-64.278789,0.457172,4.79662321e-05,profile_03_2/mix_02_input.wav,profile_03_2/mix_02_q2.4m.wav
3,2,24,1,2.984137,2.5,0,0,,true,0.0074325017,-42.577300,5.27067885e-06,-105.562667,-62.985368,1.293421,6.24749788e-05,profile_03_2/mix_02_input.wav,profile_03_2/mix_02_q2.5m.wav
3,2,24,1,2.984137,2.6,0,0,,true,0.0074325017,-42.577300,7.26727617e-06,-102.772566,-60.195266,2.790102,9.14115608e-05,profile_03_2/mix_02_input.wav,profile_03_2/mix_02_q2.6m.wav
3,2,24,1,2.984137,2.7,0,0,,true,0.0074325017,-42.577300,2.14248933e-05,-93.381626,-50.804327,9.390939,0.000305167613,profile_03_2/mix_02_input.wav,profile_03_2/mix_02_q2.7m.wav
3,2,24,1,2.984137,2.8,0,0,,true,0.0074325017,-42.577300,0.000132371801,-77.564090,-34.986791,15.817536,0.00228340249,profile_03_2/mix_02_input.wav,profile_03_2/mix_02_q2.8m.wav
3,2,24,1,2.984137,2.9,0,0,,true,0.0074325017,-42.577300,0.000299014103,-70.486167,-27.908867,7.077924,0.00864226831,profile_03_2/mix_02_input.wav,profile_03_2/mix_02_q2.9m.wav
3,2,24,1,2.984137,3.0,1,1,2.984137,false,0.0074325017,-42.577300,0.00436021602,-47.209840,-4.632540,23.276327,0.348139103,profile_03_2/mix_02_input.wav,profile_03_2/mix_02_q3m.wav
3,2,24,1,2.984137,3.1,1,0,,true,0.0074325017,-42.577300,0.00736047356,-42.661885,-0.084585,4.547955,0.279523576,profile_03_2/mix_02_input.wav,profile_03_2/mix_02_q3.1m.wav
3,2,24,1,2.984137,3.2,1,0,,true,0.0074325017,-42.577300,0.00736964991,-42.651063,-0.073763,0.010822,0.00149039354,profile_03_2/mix_02_input.wav,profile_03_2/mix_02_q3.2m.wav
3,2,24,1,2.984137,3.3,1,0,,true,0.0074325017,-42.577300,0.00737157758,-42.648791,-0.071492,0.002272,0.000696596358,profile_03_2/mix_02_input.wav,profile_03_2/mix_02_q3.3m.wav
3,2,24,1,2.984137,3.4,1,0,,true,0.0074325017,-42.577300,0.00737334299,-42.646711,-0.069412,0.002080,0.00100250772,profile_03_2/mix_02_input.wav,profile_03_2/mix_02_q3.4m.wav
3,2,24,1,2.984137,3.5,1,0,,true,0.0074325017,-42.577300,0.00737411388,-42.645803,-0.068504,0.000908,0.000799726669,profile_03_2/mix_02_input.wav,profile_03_2/mix_02_q3.5m.wav
3,2,24,1,2.984137,3.6,1,0,,true,0.0074325017,-42.577300,0.00737389353,-42.646063,-0.068763,-0.000260,0.000862245008,profile_03_2/mix_02_input.wav,profile_03_2/mix_02_q3.6m.wav
3,2,24,1,2.984137,3.7,1,0,,true,0.0074325017,-42.577300,0.00737711841,-42.642265,-0.064965,0.003798,0.000992683282,profile_03_2/mix_02_input.wav,profile_03_2/mix_02_q3.7m.wav
3,2,24,1,2.984137,3.8,1,0,,true,0.0074325017,-42.577300,0.00737960862,-42.639333,-0.062034,0.002932,0.00102186254,profile_03_2/mix_02_input.wav,profile_03_2/mix_02_q3.8m.wav
3,2,24,1,2.984137,3.9,1,0,,true,0.0074325017,-42.577300,0.0073819526,-42.636575,-0.059275,0.002758,0.00103723401,profile_03_2/mix_02_input.wav,profile_03_2/mix_02_q3.9m.wav
3,2,24,1,2.984137,4.0,1,0,,true,0.0074325017,-42.577300,0.00738184065,-42.636707,-0.059407,-0.000132,0.00095303385,profile_03_2/mix_02_input.wav,profile_03_2/mix_02_q4m.wav
4,3,25,1,3.310702,0.0,0,,,,0.00735590357,-42.667279,8.03825711e-07,-121.896751,-79.229472,,,profile_04_3/mix_02_input.wav,profile_04_3/mix_02_q0m.wav
4,3,25,1,3.310702,0.1,0,0,,true,0.00735590357,-42.667279,5.47750833e-07,-125.228323,-82.561044,-3.331572,7.88569886e-05,profile_04_3/mix_02_input.wav,profile_04_3/mix_02_q0.1m.wav
4,3,25,1,3.310702,0.2,0,0,,true,0.00735590357,-42.667279,6.15552677e-07,-124.214681,-81.547402,1.013642,7.26718861e-05,profile_04_3/mix_02_input.wav,profile_04_3/mix_02_q0.2m.wav
4,3,25,1,3.310702,0.3,0,0,,true,0.00735590357,-42.667279,7.38634676e-07,-122.631394,-79.964115,1.583287,8.07399554e-05,profile_04_3/mix_02_input.wav,profile_04_3/mix_02_q0.3m.wav
4,3,25,1,3.310702,0.4,0,0,,true,0.00735590357,-42.667279,8.89654713e-07,-121.015561,-78.348281,1.615834,8.40887458e-05,profile_04_3/mix_02_input.wav,profile_04_3/mix_02_q0.4m.wav
4,3,25,1,3.310702,0.5,0,0,,true,0.00735590357,-42.667279,9.97198183e-07,-120.024362,-77.357082,0.991199,6.45399483e-05,profile_04_3/mix_02_input.wav,profile_04_3/mix_02_q0.5m.wav
4,3,25,1,3.310702,0.6,0,0,,true,0.00735590357,-42.667279,1.03561984e-06,-119.695984,-77.028705,0.328377,5.55279963e-05,profile_04_3/mix_02_input.wav,profile_04_3/mix_02_q0.6m.wav
4,3,25,1,3.310702,0.7,0,0,,true,0.00735590357,-42.667279,1.06497855e-06,-119.453175,-76.785895,0.242810,5.2527017e-05,profile_04_3/mix_02_input.wav,profile_04_3/mix_02_q0.7m.wav
4,3,25,1,3.310702,0.8,0,0,,true,0.00735590357,-42.667279,1.08764996e-06,-119.270209,-76.602930,0.182966,5.13152263e-05,profile_04_3/mix_02_input.wav,profile_04_3/mix_02_q0.8m.wav
4,3,25,1,3.310702,0.9,0,0,,true,0.00735590357,-42.667279,1.08885438e-06,-119.260596,-76.593316,0.009613,5.11769256e-05,profile_04_3/mix_02_input.wav,profile_04_3/mix_02_q0.9m.wav
4,3,25,1,3.310702,1.0,0,0,,true,0.00735590357,-42.667279,1.10463036e-06,-119.135653,-76.468373,0.124943,5.02253539e-05,profile_04_3/mix_02_input.wav,profile_04_3/mix_02_q1m.wav
4,3,25,1,3.310702,1.1,0,0,,true,0.00735590357,-42.667279,1.11283627e-06,-119.071367,-76.404087,0.064286,5.11426228e-05,profile_04_3/mix_02_input.wav,profile_04_3/mix_02_q1.1m.wav
4,3,25,1,3.310702,1.2,0,0,,true,0.00735590357,-42.667279,1.11819972e-06,-119.029605,-76.362325,0.041762,4.98526676e-05,profile_04_3/mix_02_input.wav,profile_04_3/mix_02_q1.2m.wav
4,3,25,1,3.310702,1.3,0,0,,true,0.00735590357,-42.667279,1.12318753e-06,-118.990947,-76.323667,0.038658,4.97097921e-05,profile_04_3/mix_02_input.wav,profile_04_3/mix_02_q1.3m.wav
4,3,25,1,3.310702,1.4,0,0,,true,0.00735590357,-42.667279,1.13314206e-06,-118.914305,-76.247026,0.076642,4.92821434e-05,profile_04_3/mix_02_input.wav,profile_04_3/mix_02_q1.4m.wav
4,3,25,1,3.310702,1.5,0,0,,true,0.00735590357,-42.667279,1.14343011e-06,-118.835800,-76.168520,0.078505,4.86511739e-05,profile_04_3/mix_02_input.wav,profile_04_3/mix_02_q1.5m.wav
4,3,25,1,3.310702,1.6,0,0,,true,0.00735590357,-42.667279,1.15412739e-06,-118.754918,-76.087638,0.080882,4.85478715e-05,profile_04_3/mix_02_input.wav,profile_04_3/mix_02_q1.6m.wav
4,3,25,1,3.310702,1.7,0,0,,true,0.00735590357,-42.667279,1.16706551e-06,-118.658088,-75.990808,0.096830,4.91219079e-05,profile_04_3/mix_02_input.wav,profile_04_3/mix_02_q1.7m.wav
4,3,25,1,3.310702,1.8,0,0,,true,0.00735590357,-42.667279,1.18290152e-06,-118.541021,-75.873741,0.117067,4.87424715e-05,profile_04_3/mix_02_input.wav,profile_04_3/mix_02_q1.8m.wav
4,3,25,1,3.310702,1.9,0,0,,true,0.00735590357,-42.667279,1.19370685e-06,-118.462039,-75.794760,0.078982,4.92244144e-05,profile_04_3/mix_02_input.wav,profile_04_3/mix_02_q1.9m.wav
4,3,25,1,3.310702,2.0,0,0,,true,0.00735590357,-42.667279,1.21386358e-06,-118.316595,-75.649316,0.145444,4.8991327e-05,profile_04_3/mix_02_input.wav,profile_04_3/mix_02_q2m.wav
4,3,25,1,3.310702,2.1,0,0,,true,0.00735590357,-42.667279,1.22974305e-06,-118.203705,-75.536426,0.112890,4.91798339e-05,profile_04_3/mix_02_input.wav,profile_04_3/mix_02_q2.1m.wav
4,3,25,1,3.310702,2.2,0,0,,true,0.00735590357,-42.667279,1.24742345e-06,-118.079715,-75.412436,0.123990,4.9319854e-05,profile_04_3/mix_02_input.wav,profile_04_3/mix_02_q2.2m.wav
4,3,25,1,3.310702,2.3,0,0,,true,0.00735590357,-42.667279,1.26770899e-06,-117.939602,-75.272322,0.140113,5.07277091e-05,profile_04_3/mix_02_input.wav,profile_04_3/mix_02_q2.3m.wav
4,3,25,1,3.310702,2.4,0,0,,true,0.00735590357,-42.667279,1.29555524e-06,-117.750875,-75.083595,0.188727,5.03380492e-05,profile_04_3/mix_02_input.wav,profile_04_3/mix_02_q2.4m.wav
4,3,25,1,3.310702,2.5,0,0,,true,0.00735590357,-42.667279,1.3250958e-06,-117.555048,-74.887768,0.195827,5.05370888e-05,profile_04_3/mix_02_input.wav,profile_04_3/mix_02_q2.5m.wav
4,3,25,1,3.310702,2.6,0,0,,true,0.00735590357,-42.667279,1.36671713e-06,-117.286421,-74.619141,0.268627,5.21505867e-05,profile_04_3/mix_02_input.wav,profile_04_3/mix_02_q2.6m.wav
4,3,25,1,3.310702,2.7,0,0,,true,0.00735590357,-42.667279,1.43720919e-06,-116.849594,-74.182315,0.436827,5.49533301e-05,profile_04_3/mix_02_input.wav,profile_04_3/mix_02_q2.7m.wav
4,3,25,1,3.310702,2.8,0,0,,true,0.00735590357,-42.667279,1.55216358e-06,-116.181245,-73.513965,0.668350,5.71943084e-05,profile_04_3/mix_02_input.wav,profile_04_3/mix_02_q2.8m.wav
4,3,25,1,3.310702,2.9,0,0,,true,0.00735590357,-42.667279,1.83956941e-06,-114.705672,-72.038392,1.475573,6.80190878e-05,profile_04_3/mix_02_input.wav,profile_04_3/mix_02_q2.9m.wav
4,3,25,1,3.310702,3.0,0,0,,true,0.00735590357,-42.667279,2.08940219e-06,-113.599555,-70.932275,1.106117,6.65876828e-05,profile_04_3/mix_02_input.wav,profile_04_3/mix_02_q3m.wav
4,3,25,1,3.310702,3.1,0,0,,true,0.00735590357,-42.667279,4.89273848e-06,-106.208958,-63.541679,7.390597,0.000133985805,profile_04_3/mix_02_input.wav,profile_04_3/mix_02_q3.1m.wav
4,3,25,1,3.310702,3.2,0,0,,true,0.00735590357,-42.667279,8.74745336e-05,-81.162367,-38.495088,25.046591,0.00143099751,profile_04_3/mix_02_input.wav,profile_04_3/mix_02_q3.2m.wav
4,3,25,1,3.310702,3.3,0,0,,true,0.00735590357,-42.667279,0.00157227389,-56.069436,-13.402157,25.092931,0.107257653,profile_04_3/mix_02_input.wav,profile_04_3/mix_02_q3.3m.wav
4,3,25,1,3.310702,3.4,1,1,3.310702,false,0.00735590357,-42.667279,0.00729362209,-42.741135,-0.073855,13.328301,0.531808046,profile_04_3/mix_02_input.wav,profile_04_3/mix_02_q3.4m.wav
4,3,25,1,3.310702,3.5,1,0,,true,0.00735590357,-42.667279,0.0072955287,-42.738865,-0.071585,0.002270,0.00269705458,profile_04_3/mix_02_input.wav,profile_04_3/mix_02_q3.5m.wav
4,3,25,1,3.310702,3.6,1,0,,true,0.00735590357,-42.667279,0.00729520945,-42.739245,-0.071965,-0.000380,0.00168854849,profile_04_3/mix_02_input.wav,profile_04_3/mix_02_q3.6m.wav
4,3,25,1,3.310702,3.7,1,0,,true,0.00735590357,-42.667279,0.00731217724,-42.719066,-0.051786,0.020179,0.00349167627,profile_04_3/mix_02_input.wav,profile_04_3/mix_02_q3.7m.wav
4,3,25,1,3.310702,3.8,1,0,,true,0.00735590357,-42.667279,0.00731499152,-42.715723,-0.048444,0.003342,0.00126938426,profile_04_3/mix_02_input.wav,profile_04_3/mix_02_q3.8m.wav
4,3,25,1,3.310702,3.9,1,0,,true,0.00735590357,-42.667279,0.00731363582,-42.717333,-0.050054,-0.001610,0.000832883528,profile_04_3/mix_02_input.wav,profile_04_3/mix_02_q3.9m.wav
4,3,25,1,3.310702,4.0,1,0,,true,0.00735590357,-42.667279,0.00731161314,-42.719736,-0.052456,-0.002403,0.000890676207,profile_04_3/mix_02_input.wav,profile_04_3/mix_02_q4m.wav
5,4,26,1,4.599796,0.0,0,,,,0.00106392449,-59.461784,1.95398276e-07,-134.181541,-74.719757,,,profile_05_4/mix_02_input.wav,profile_05_4/mix_02_q0m.wav
5,4,26,1,4.599796,0.1,0,0,,true,0.00106392449,-59.461784,1.7466045e-07,-135.156059,-75.694275,-0.974518,9.39932223e-05,profile_05_4/mix_02_input.wav,profile_05_4/mix_02_q0.1m.wav
5,4,26,1,4.599796,0.2,0,0,,true,0.00106392449,-59.461784,1.50333708e-07,-136.458815,-76.997031,-1.302756,8.37923213e-05,profile_05_4/mix_02_input.wav,profile_05_4/mix_02_q0.2m.wav
5,4,26,1,4.599796,0.3,0,0,,true,0.00106392449,-59.461784,2.37747736e-07,-132.477636,-73.015852,3.981179,9.78049452e-05,profile_05_4/mix_02_input.wav,profile_05_4/mix_02_q0.3m.wav
5,4,26,1,4.599796,0.4,0,0,,true,0.00106392449,-59.461784,3.44148341e-07,-129.265061,-69.803277,3.212575,0.000107578288,profile_05_4/mix_02_input.wav,profile_05_4/mix_02_q0.4m.wav
5,4,26,1,4.599796,0.5,0,0,,true,0.00106392449,-59.461784,4.1646722e-07,-127.608363,-68.146579,1.656698,9.25585193e-05,profile_05_4/mix_02_input.wav,profile_05_4/mix_02_q0.5m.wav
5,4,26,1,4.599796,0.6,0,0,,true,0.00106392449,-59.461784,4.3332356e-07,-127.263734,-67.801950,0.344629,7.38768595e-05,profile_05_4/mix_02_input.wav,profile_05_4/mix_02_q0.6m.wav
5,4,26,1,4.599796,0.7,0,0,,true,0.00106392449,-59.461784,4.94473022e-07,-126.117130,-66.655346,1.146604,6.47689826e-05,profile_05_4/mix_02_input.wav,profile_05_4/mix_02_q0.7m.wav
5,4,26,1,4.599796,0.8,0,0,,true,0.00106392449,-59.461784,5.95620558e-07,-124.500592,-65.038808,1.616539,7.09114367e-05,profile_05_4/mix_02_input.wav,profile_05_4/mix_02_q0.8m.wav
5,4,26,1,4.599796,0.9,0,0,,true,0.00106392449,-59.461784,6.29191828e-07,-124.024325,-64.562541,0.476267,5.82100369e-05,profile_05_4/mix_02_input.wav,profile_05_4/mix_02_q0.9m.wav
5,4,26,1,4.599796,1.0,0,0,,true,0.00106392449,-59.461784,6.54316579e-07,-123.684228,-64.222444,0.340096,5.55591181e-05,profile_05_4/mix_02_input.wav,profile_05_4/mix_02_q1m.wav
5,4,26,1,4.599796,1.1,0,0,,true,0.00106392449,-59.461784,6.55783411e-07,-123.664778,-64.202994,0.019450,5.703452e-05,profile_05_4/mix_02_input.wav,profile_05_4/mix_02_q1.1m.wav
5,4,26,1,4.599796,1.2,0,0,,true,0.00106392449,-59.461784,6.56902467e-07,-123.649969,-64.188185,0.014809,5.25285932e-05,profile_05_4/mix_02_input.wav,profile_05_4/mix_02_q1.2m.wav
5,4,26,1,4.599796,1.3,0,0,,true,0.00106392449,-59.461784,6.67805157e-07,-123.506992,-64.045208,0.142977,5.20282631e-05,profile_05_4/mix_02_input.wav,profile_05_4/mix_02_q1.3m.wav
5,4,26,1,4.599796,1.4,0,0,,true,0.00106392449,-59.461784,6.83252388e-07,-123.308364,-63.846580,0.198628,5.18332975e-05,profile_05_4/mix_02_input.wav,profile_05_4/mix_02_q1.4m.wav
5,4,26,1,4.599796,1.5,0,0,,true,0.00106392449,-59.461784,6.92434335e-07,-123.192416,-63.730632,0.115949,5.17108939e-05,profile_05_4/mix_02_input.wav,profile_05_4/mix_02_q1.5m.wav
5,4,26,1,4.599796,1.6,0,0,,true,0.00106392449,-59.461784,6.99543462e-07,-123.103694,-63.641910,0.088722,5.06413047e-05,profile_05_4/mix_02_input.wav,profile_05_4/mix_02_q1.6m.wav
5,4,26,1,4.599796,1.7,0,0,,true,0.00106392449,-59.461784,7.00054357e-07,-123.097352,-63.635568,0.006341,5.01995717e-05,profile_05_4/mix_02_input.wav,profile_05_4/mix_02_q1.7m.wav
5,4,26,1,4.599796,1.8,0,0,,true,0.00106392449,-59.461784,7.01973214e-07,-123.073577,-63.611793,0.023776,5.08569503e-05,profile_05_4/mix_02_input.wav,profile_05_4/mix_02_q1.8m.wav
5,4,26,1,4.599796,1.9,0,0,,true,0.00106392449,-59.461784,6.97282361e-07,-123.131814,-63.670030,-0.058237,5.0891979e-05,profile_05_4/mix_02_input.wav,profile_05_4/mix_02_q1.9m.wav
5,4,26,1,4.599796,2.0,0,0,,true,0.00106392449,-59.461784,6.91626684e-07,-123.202553,-63.740769,-0.070739,5.14023403e-05,profile_05_4/mix_02_input.wav,profile_05_4/mix_02_q2m.wav
5,4,26,1,4.599796,2.1,0,0,,true,0.00106392449,-59.461784,6.9537931e-07,-123.155552,-63.693768,0.047000,5.14421008e-05,profile_05_4/mix_02_input.wav,profile_05_4/mix_02_q2.1m.wav
5,4,26,1,4.599796,2.2,0,0,,true,0.00106392449,-59.461784,6.95500762e-07,-123.154035,-63.692251,0.001517,5.14778207e-05,profile_05_4/mix_02_input.wav,profile_05_4/mix_02_q2.2m.wav
5,4,26,1,4.599796,2.3,0,0,,true,0.00106392449,-59.461784,6.88021426e-07,-123.247948,-63.786164,-0.093913,5.15300099e-05,profile_05_4/mix_02_input.wav,profile_05_4/mix_02_q2.3m.wav
5,4,26,1,4.599796,2.4,0,0,,true,0.00106392449,-59.461784,6.81624949e-07,-123.329078,-63.867294,-0.081130,5.27869345e-05,profile_05_4/mix_02_input.wav,profile_05_4/mix_02_q2.4m.wav
5,4,26,1,4.599796,2.5,0,0,,true,0.00106392449,-59.461784,6.81425103e-07,-123.331625,-63.869841,-0.002547,5.58500204e-05,profile_05_4/mix_02_input.wav,profile_05_4/mix_02_q2.5m.wav
5,4,26,1,4.599796,2.6,0,0,,true,0.00106392449,-59.461784,6.75018391e-07,-123.413675,-63.951891,-0.082050,5.55203127e-05,profile_05_4/mix_02_input.wav,profile_05_4/mix_02_q2.6m.wav
5,4,26,1,4.599796,2.7,0,0,,true,0.00106392449,-59.461784,6.63559854e-07,-123.562385,-64.100601,-0.148710,5.44718176e-05,profile_05_4/mix_02_input.wav,profile_05_4/mix_02_q2.7m.wav
5,4,26,1,4.599796,2.8,0,0,,true,0.00106392449,-59.461784,6.59732658e-07,-123.612627,-64.150843,-0.050242,5.50776447e-05,profile_05_4/mix_02_input.wav,profile_05_4/mix_02_q2.8m.wav
5,4,26,1,4.599796,2.9,0,0,,true,0.00106392449,-59.461784,6.57156282e-07,-123.646614,-64.184830,-0.033986,5.54119306e-05,profile_05_4/mix_02_input.wav,profile_05_4/mix_02_q2.9m.wav
5,4,26,1,4.599796,3.0,0,0,,true,0.00106392449,-59.461784,6.59195986e-07,-123.619696,-64.157912,0.026918,5.3411605e-05,profile_05_4/mix_02_input.wav,profile_05_4/mix_02_q3m.wav
5,4,26,1,4.599796,3.1,0,0,,true,0.00106392449,-59.461784,6.68934132e-07,-123.492320,-64.030536,0.127376,5.37666744e-05,profile_05_4/mix_02_input.wav,profile_05_4/mix_02_q3.1m.wav
5,4,26,1,4.599796,3.2,0,0,,true,0.00106392449,-59.461784,6.77587e-07,-123.380686,-63.918902,0.111634,5.30001791e-05,profile_05_4/mix_02_input.wav,profile_05_4/mix_02_q3.2m.wav
5,4,26,1,4.599796,3.3,0,0,,true,0.00106392449,-59.461784,6.75283957e-07,-123.410258,-63.948475,-0.029573,5.4714077e-05,profile_05_4/mix_02_input.wav,profile_05_4/mix_02_q3.3m.wav
5,4,26,1,4.599796,3.4,0,0,,true,0.00106392449,-59.461784,6.81839078e-07,-123.326349,-63.864566,0.083909,5.67624644e-05,profile_05_4/mix_02_input.wav,profile_05_4/mix_02_q3.4m.wav
5,4,26,1,4.599796,3.5,0,0,,true,0.00106392449,-59.461784,6.8674589e-07,-123.264066,-63.802282,0.062284,7.27693498e-05,profile_05_4/mix_02_input.wav,profile_05_4/mix_02_q3.5m.wav
5,4,26,1,4.599796,3.6,0,0,,true,0.00106392449,-59.461784,6.95505336e-07,-123.153978,-63.692194,0.110088,7.41780467e-05,profile_05_4/mix_02_input.wav,profile_05_4/mix_02_q3.6m.wav
5,4,26,1,4.599796,3.7,0,0,,true,0.00106392449,-59.461784,6.90597789e-07,-123.215484,-63.753700,-0.061506,8.88375439e-05,profile_05_4/mix_02_input.wav,profile_05_4/mix_02_q3.7m.wav
5,4,26,1,4.599796,3.8,0,0,,true,0.00106392449,-59.461784,7.13685872e-07,-122.929846,-63.468062,0.285638,8.89237901e-05,profile_05_4/mix_02_input.wav,profile_05_4/mix_02_q3.8m.wav
5,4,26,1,4.599796,3.9,0,0,,true,0.00106392449,-59.461784,7.41019425e-07,-122.603396,-63.141613,0.326449,0.000100723071,profile_05_4/mix_02_input.wav,profile_05_4/mix_02_q3.9m.wav
5,4,26,1,4.599796,4.0,0,0,,true,0.00106392449,-59.461784,8.76148034e-07,-121.148440,-61.686656,1.454956,9.17085661e-05,profile_05_4/mix_02_input.wav,profile_05_4/mix_02_q4m.wav
6,00,27,2,0.474749;0.969854,0.0,0,,,,0.010041367,-39.964143,1.29266264e-06,-117.770289,-77.806146,,,profile_06_00/mix_02_input.wav,profile_06_00/mix_02_q0m.wav
6,00,27,2,0.474749;0.969854,0.1,0,0,,true,0.010041367,-39.964143,9.09088588e-07,-120.827866,-80.863723,-3.057577,9.97729076e-05,profile_06_00/mix_02_input.wav,profile_06_00/mix_02_q0.1m.wav
6,00,27,2,0.474749;0.969854,0.2,0,0,,true,0.010041367,-39.964143,1.01293568e-06,-119.888354,-79.924211,0.939512,8.8962399e-05,profile_06_00/mix_02_input.wav,profile_06_00/mix_02_q0.2m.wav
6,00,27,2,0.474749;0.969854,0.3,0,0,,true,0.010041367,-39.964143,3.27373068e-05,-89.699141,-49.734998,30.189213,0.000539565519,profile_06_00/mix_02_input.wav,profile_06_00/mix_02_q0.3m.wav
6,00,27,2,0.474749;0.969854,0.4,0,0,,true,0.010041367,-39.964143,0.00648025425,-43.768159,-3.804016,45.930982,0.253380783,profile_06_00/mix_02_input.wav,profile_06_00/mix_02_q0.4m.wav
6,00,27,2,0.474749;0.969854,0.5,1,1,0.474749,false,0.010041367,-39.964143,0.0083643903,-41.551314,-1.587171,2.216845,0.171705186,profile_06_00/mix_02_input.wav,profile_06_00/mix_02_q0.5m.wav
6,00,27,2,0.474749;0.969854,0.6,1,0,,true,0.010041367,-39.964143,0.00844228535,-41.470799,-1.506656,0.080515,0.0108312535,profile_06_00/mix_02_input.wav,profile_06_00/mix_02_q0.6m.wav
6,00,27,2,0.474749;0.969854,0.7,1,0,,true,0.010041367,-39.964143,0.00847753941,-41.434604,-1.470460,0.036196,0.0066960695,profile_06_00/mix_02_input.wav,profile_06_00/mix_02_q0.7m.wav
6,00,27,2,0.474749;0.969854,0.8,1,0,,true,0.010041367,-39.964143,0.00851276254,-41.398590,-1.434446,0.036014,0.00633907006,profile_06_00/mix_02_input.wav,profile_06_00/mix_02_q0.8m.wav
6,00,27,2,0.474749;0.969854,0.9,1,0,,true,0.010041367,-39.964143,0.00854645146,-41.364283,-1.400140,0.034306,0.00975352004,profile_06_00/mix_02_input.wav,profile_06_00/mix_02_q0.9m.wav
6,00,27,2,0.474749;0.969854,1.0,2,1,0.969854,false,0.010041367,-39.964143,0.00862920189,-41.280587,-1.316444,0.083696,0.0230850659,profile_06_00/mix_02_input.wav,profile_06_00/mix_02_q1m.wav
6,00,27,2,0.474749;0.969854,1.1,2,0,,true,0.010041367,-39.964143,0.00896088777,-40.952979,-0.988836,0.327608,0.0711888507,profile_06_00/mix_02_input.wav,profile_06_00/mix_02_q1.1m.wav
6,00,27,2,0.474749;0.969854,1.2,2,0,,true,0.010041367,-39.964143,0.0097603762,-40.210669,-0.246526,0.742310,0.112668951,profile_06_00/mix_02_input.wav,profile_06_00/mix_02_q1.2m.wav
6,00,27,2,0.474749;0.969854,1.3,2,0,,true,0.010041367,-39.964143,0.0098975087,-40.089482,-0.125339,0.121187,0.0166018544,profile_06_00/mix_02_input.wav,profile_06_00/mix_02_q1.3m.wav
6,00,27,2,0.474749;0.969854,1.4,2,0,,true,0.010041367,-39.964143,0.00994866575,-40.044703,-0.080560,0.044779,0.00558949376,profile_06_00/mix_02_input.wav,profile_06_00/mix_02_q1.4m.wav
6,00,27,2,0.474749;0.969854,1.5,2,0,,true,0.010041367,-39.964143,0.00996695723,-40.028748,-0.064605,0.015955,0.00241886966,profile_06_00/mix_02_input.wav,profile_06_00/mix_02_q1.5m.wav
6,00,27,2,0.474749;0.969854,1.6,2,0,,true,0.010041367,-39.964143,0.00998007076,-40.017328,-0.053184,0.011421,0.00179033461,profile_06_00/mix_02_input.wav,profile_06_00/mix_02_q1.6m.wav
6,00,27,2,0.474749;0.969854,1.7,2,0,,true,0.010041367,-39.964143,0.00998964515,-40.008999,-0.044856,0.008329,0.00142368315,profile_06_00/mix_02_input.wav,profile_06_00/mix_02_q1.7m.wav
6,00,27,2,0.474749;0.969854,1.8,2,0,,true,0.010041367,-39.964143,0.00999757603,-40.002106,-0.037963,0.006893,0.00125603048,profile_06_00/mix_02_input.wav,profile_06_00/mix_02_q1.8m.wav
6,00,27,2,0.474749;0.969854,1.9,2,0,,true,0.010041367,-39.964143,0.0100033263,-39.997111,-0.032968,0.004994,0.00100108093,profile_06_00/mix_02_input.wav,profile_06_00/mix_02_q1.9m.wav
6,00,27,2,0.474749;0.969854,2.0,2,0,,true,0.010041367,-39.964143,0.0100078983,-39.993142,-0.028999,0.003969,0.000820474984,profile_06_00/mix_02_input.wav,profile_06_00/mix_02_q2m.wav
6,00,27,2,0.474749;0.969854,2.1,2,0,,true,0.010041367,-39.964143,0.0100122114,-39.989400,-0.025257,0.003743,0.000779519057,profile_06_00/mix_02_input.wav,profile_06_00/mix_02_q2.1m.wav
6,00,27,2,0.474749;0.969854,2.2,2,0,,true,0.010041367,-39.964143,0.0100168324,-39.985392,-0.021249,0.004008,0.000798949795,profile_06_00/mix_02_input.wav,profile_06_00/mix_02_q2.2m.wav
6,00,27,2,0.474749;0.969854,2.3,2,0,,true,0.010041367,-39.964143,0.010020776,-39.981973,-0.017830,0.003419,0.000769682635,profile_06_00/mix_02_input.wav,profile_06_00/mix_02_q2.3m.wav
6,00,27,2,0.474749;0.969854,2.4,2,0,,true,0.010041367,-39.964143,0.0100238163,-39.979338,-0.015195,0.002635,0.000708889199,profile_06_00/mix_02_input.wav,profile_06_00/mix_02_q2.4m.wav
6,00,27,2,0.474749;0.969854,2.5,2,0,,true,0.010041367,-39.964143,0.0100256487,-39.977750,-0.013607,0.001588,0.000615245646,profile_06_00/mix_02_input.wav,profile_06_00/mix_02_q2.5m.wav
6,00,27,2,0.474749;0.969854,2.6,2,0,,true,0.010041367,-39.964143,0.0100276994,-39.975974,-0.011831,0.001777,0.000693619105,profile_06_00/mix_02_input.wav,profile_06_00/mix_02_q2.6m.wav
6,00,27,2,0.474749;0.969854,2.7,2,0,,true,0.010041367,-39.964143,0.0100290877,-39.974771,-0.010628,0.001202,0.000602321258,profile_06_00/mix_02_input.wav,profile_06_00/mix_02_q2.7m.wav
6,00,27,2,0.474749;0.969854,2.8,2,0,,true,0.010041367,-39.964143,0.0100296815,-39.974257,-0.010114,0.000514,0.000499508864,profile_06_00/mix_02_input.wav,profile_06_00/mix_02_q2.8m.wav
6,00,27,2,0.474749;0.969854,2.9,2,0,,true,0.010041367,-39.964143,0.0100298822,-39.974083,-0.009940,0.000174,0.0004339252,profile_06_00/mix_02_input.wav,profile_06_00/mix_02_q2.9m.wav
6,00,27,2,0.474749;0.969854,3.0,2,0,,true,0.010041367,-39.964143,0.0100302129,-39.973797,-0.009654,0.000286,0.000417059404,profile_06_00/mix_02_input.wav,profile_06_00/mix_02_q3m.wav
6,00,27,2,0.474749;0.969854,3.1,2,0,,true,0.010041367,-39.964143,0.0100304384,-39.973602,-0.009458,0.000195,0.000435409766,profile_06_00/mix_02_input.wav,profile_06_00/mix_02_q3.1m.wav
6,00,27,2,0.474749;0.969854,3.2,2,0,,true,0.010041367,-39.964143,0.0100305692,-39.973488,-0.009345,0.000113,0.000384428206,profile_06_00/mix_02_input.wav,profile_06_00/mix_02_q3.2m.wav
6,00,27,2,0.474749;0.969854,3.3,2,0,,true,0.010041367,-39.964143,0.0100309903,-39.973124,-0.008981,0.000365,0.000448397602,profile_06_00/mix_02_input.wav,profile_06_00/mix_02_q3.3m.wav
6,00,27,2,0.474749;0.969854,3.4,2,0,,true,0.010041367,-39.964143,0.0100316207,-39.972578,-0.008435,0.000546,0.000564118442,profile_06_00/mix_02_input.wav,profile_06_00/mix_02_q3.4m.wav
6,00,27,2,0.474749;0.969854,3.5,2,0,,true,0.010041367,-39.964143,0.0100325635,-39.971762,-0.007618,0.000816,0.000713176104,profile_06_00/mix_02_input.wav,profile_06_00/mix_02_q3.5m.wav
6,00,27,2,0.474749;0.969854,3.6,2,0,,true,0.010041367,-39.964143,0.0100338396,-39.970657,-0.006514,0.001105,0.000817107414,profile_06_00/mix_02_input.wav,profile_06_00/mix_02_q3.6m.wav
6,00,27,2,0.474749;0.969854,3.7,2,0,,true,0.010041367,-39.964143,0.0100346559,-39.969950,-0.005807,0.000707,0.00089100992,profile_06_00/mix_02_input.wav,profile_06_00/mix_02_q3.7m.wav
6,00,27,2,0.474749;0.969854,3.8,2,0,,true,0.010041367,-39.964143,0.0100352782,-39.969412,-0.005269,0.000539,0.000910653599,profile_06_00/mix_02_input.wav,profile_06_00/mix_02_q3.8m.wav
6,00,27,2,0.474749;0.969854,3.9,2,0,,true,0.010041367,-39.964143,0.010035086,-39.969578,-0.005435,-0.000166,0.000990506144,profile_06_00/mix_02_input.wav,profile_06_00/mix_02_q3.9m.wav
6,00,27,2,0.474749;0.969854,4.0,2,0,,true,0.010041367,-39.964143,0.0100342308,-39.970318,-0.006175,-0.000740,0.00102780928,profile_06_00/mix_02_input.wav,profile_06_00/mix_02_q4m.wav
7,01,28,2,0.779608;1.821379,0.0,0,,,,0.00871005762,-41.199579,1.02405375e-06,-119.793536,-78.593957,,,profile_07_01/mix_02_input.wav,profile_07_01/mix_02_q0m.wav
7,01,28,2,0.779608;1.821379,0.1,0,0,,true,0.00871005762,-41.199579,7.06859535e-07,-123.013325,-81.813746,-3.219789,8.56802161e-05,profile_07_01/mix_02_input.wav,profile_07_01/mix_02_q0.1m.wav
7,01,28,2,0.779608;1.821379,0.2,0,0,,true,0.00871005762,-41.199579,8.29060041e-07,-121.628270,-80.428690,1.385055,7.82115559e-05,profile_07_01/mix_02_input.wav,profile_07_01/mix_02_q0.2m.wav
7,01,28,2,0.779608;1.821379,0.3,0,0,,true,0.00871005762,-41.199579,9.41011285e-07,-120.528094,-79.328515,1.100176,8.84963549e-05,profile_07_01/mix_02_input.wav,profile_07_01/mix_02_q0.3m.wav
7,01,28,2,0.779608;1.821379,0.4,0,0,,true,0.00871005762,-41.199579,1.65440829e-06,-115.627141,-74.427561,4.900953,0.000106231658,profile_07_01/mix_02_input.wav,profile_07_01/mix_02_q0.4m.wav
7,01,28,2,0.779608;1.821379,0.5,0,0,,true,0.00871005762,-41.199579,0.000452108407,-66.895148,-25.695569,48.731992,0.00864579109,profile_07_01/mix_02_input.wav,profile_07_01/mix_02_q0.5m.wav
7,01,28,2,0.779608;1.821379,0.6,0,0,,true,0.00871005762,-41.199579,0.00597910366,-44.467278,-3.267699,22.427870,0.421063972,profile_07_01/mix_02_input.wav,profile_07_01/mix_02_q0.6m.wav
7,01,28,2,0.779608;1.821379,0.7,0,0,,true,0.00871005762,-41.199579,0.00632073723,-43.984645,-2.785066,0.482633,0.0563288445,profile_07_01/mix_02_input.wav,profile_07_01/mix_02_q0.7m.wav
7,01,28,2,0.779608;1.821379,0.8,1,1,0.779608,false,0.00871005762,-41.199579,0.00635555533,-43.936930,-2.737350,0.047715,0.0167054279,profile_07_01/mix_02_input.wav,profile_07_01/mix_02_q0.8m.wav
7,01,28,2,0.779608;1.821379,0.9,1,0,,true,0.00871005762,-41.199579,0.006386624,-43.894573,-2.694994,0.042357,0.0123969367,profile_07_01/mix_02_input.wav,profile_07_01/mix_02_q0.9m.wav
7,01,28,2,0.779608;1.821379,1.0,1,0,,true,0.00871005762,-41.199579,0.00646044272,-43.794754,-2.595175,0.099819,0.0219455496,profile_07_01/mix_02_input.wav,profile_07_01/mix_02_q1m.wav
7,01,28,2,0.779608;1.821379,1.1,1,0,,true,0.00871005762,-41.199579,0.00655944285,-43.662661,-2.463082,0.132093,0.0167097216,profile_07_01/mix_02_input.wav,profile_07_01/mix_02_q1.1m.wav
7,01,28,2,0.779608;1.821379,1.2,1,0,,true,0.00871005762,-41.199579,0.00674973534,-43.414265,-2.214686,0.248396,0.0278734594,profile_07_01/mix_02_input.wav,profile_07_01/mix_02_q1.2m.wav
7,01,28,2,0.779608;1.821379,1.3,1,0,,true,0.00871005762,-41.199579,0.0078315166,-42.123083,-0.923503,1.291183,0.119485102,profile_07_01/mix_02_input.wav,profile_07_01/mix_02_q1.3m.wav
7,01,28,2,0.779608;1.821379,1.4,1,0,,true,0.00871005762,-41.199579,0.00821409139,-41.708809,-0.509230,0.414273,0.061547805,profile_07_01/mix_02_input.wav,profile_07_01/mix_02_q1.4m.wav
7,01,28,2,0.779608;1.821379,1.5,1,0,,true,0.00871005762,-41.199579,0.00836167871,-41.554130,-0.354551,0.154679,0.0263647381,profile_07_01/mix_02_input.wav,profile_07_01/mix_02_q1.5m.wav
7,01,28,2,0.779608;1.821379,1.6,1,0,,true,0.00871005762,-41.199579,0.00840848216,-41.505648,-0.306068,0.048483,0.00612102003,profile_07_01/mix_02_input.wav,profile_07_01/mix_02_q1.6m.wav
7,01,28,2,0.779608;1.821379,1.7,1,0,,true,0.00871005762,-41.199579,0.00844520935,-41.467792,-0.268212,0.037856,0.00397183417,profile_07_01/mix_02_input.wav,profile_07_01/mix_02_q1.7m.wav
7,01,28,2,0.779608;1.821379,1.8,1,0,,true,0.00871005762,-41.199579,0.00848345272,-41.428547,-0.228968,0.039244,0.00364930505,profile_07_01/mix_02_input.wav,profile_07_01/mix_02_q1.8m.wav
7,01,28,2,0.779608;1.821379,1.9,2,1,1.821379,false,0.00871005762,-41.199579,0.00850142306,-41.410167,-0.210588,0.018380,0.00184471683,profile_07_01/mix_02_input.wav,profile_07_01/mix_02_q1.9m.wav
7,01,28,2,0.779608;1.821379,2.0,2,0,,true,0.00871005762,-41.199579,0.00850711385,-41.404355,-0.204776,0.005812,0.000989230892,profile_07_01/mix_02_input.wav,profile_07_01/mix_02_q2m.wav
7,01,28,2,0.779608;1.821379,2.1,2,0,,true,0.00871005762,-41.199579,0.00850774199,-41.403714,-0.204134,0.000641,0.00108797296,profile_07_01/mix_02_input.wav,profile_07_01/mix_02_q2.1m.wav
7,01,28,2,0.779608;1.821379,2.2,2,0,,true,0.00871005762,-41.199579,0.00850556329,-41.405938,-0.206359,-0.002225,0.00106167756,profile_07_01/mix_02_input.wav,profile_07_01/mix_02_q2.2m.wav
7,01,28,2,0.779608;1.821379,2.3,2,0,,true,0.00871005762,-41.199579,0.00850652042,-41.404961,-0.205382,0.000977,0.000805600951,profile_07_01/mix_02_input.wav,profile_07_01/mix_02_q2.3m.wav
7,01,28,2,0.779608;1.821379,2.4,2,0,,true,0.00871005762,-41.199579,0.00850053641,-41.411073,-0.211494,-0.006112,0.00152318365,profile_07_01/mix_02_input.wav,profile_07_01/mix_02_q2.4m.wav
7,01,28,2,0.779608;1.821379,2.5,2,0,,true,0.00871005762,-41.199579,0.00849517253,-41.416556,-0.216976,-0.005483,0.00134997796,profile_07_01/mix_02_input.wav,profile_07_01/mix_02_q2.5m.wav
7,01,28,2,0.779608;1.821379,2.6,2,0,,true,0.00871005762,-41.199579,0.00849059578,-41.421237,-0.221657,-0.004681,0.00160883859,profile_07_01/mix_02_input.wav,profile_07_01/mix_02_q2.6m.wav
7,01,28,2,0.779608;1.821379,2.7,2,0,,true,0.00871005762,-41.199579,0.00848395944,-41.428028,-0.228449,-0.006792,0.00176699345,profile_07_01/mix_02_input.wav,profile_07_01/mix_02_q2.7m.wav
7,01,28,2,0.779608;1.821379,2.8,2,0,,true,0.00871005762,-41.199579,0.00847136832,-41.440929,-0.241349,-0.012900,0.00228255011,profile_07_01/mix_02_input.wav,profile_07_01/mix_02_q2.8m.wav
7,01,28,2,0.779608;1.821379,2.9,2,0,,true,0.00871005762,-41.199579,0.00846284534,-41.449672,-0.250092,-0.008743,0.00168549167,profile_07_01/mix_02_input.wav,profile_07_01/mix_02_q2.9m.wav
7,01,28,2,0.779608;1.821379,3.0,2,0,,true,0.00871005762,-41.199579,0.00845288699,-41.459899,-0.260319,-0.010227,0.00158271329,profile_07_01/mix_02_input.wav,profile_07_01/mix_02_q3m.wav
7,01,28,2,0.779608;1.821379,3.1,2,0,,true,0.00871005762,-41.199579,0.00844289487,-41.470172,-0.270593,-0.010274,0.00182733588,profile_07_01/mix_02_input.wav,profile_07_01/mix_02_q3.1m.wav
7,01,28,2,0.779608;1.821379,3.2,2,0,,true,0.00871005762,-41.199579,0.00843143996,-41.481965,-0.282386,-0.011793,0.00169081244,profile_07_01/mix_02_input.wav,profile_07_01/mix_02_q3.2m.wav
7,01,28,2,0.779608;1.821379,3.3,2,0,,true,0.00871005762,-41.199579,0.00841731172,-41.496532,-0.296952,-0.014567,0.00197784321,profile_07_01/mix_02_input.wav,profile_07_01/mix_02_q3.3m.wav
7,01,28,2,0.779608;1.821379,3.4,2,0,,true,0.00871005762,-41.199579,0.0083922128,-41.522470,-0.322891,-0.025938,0.00327203536,profile_07_01/mix_02_input.wav,profile_07_01/mix_02_q3.4m.wav
7,01,28,2,0.779608;1.821379,3.5,2,0,,true,0.00871005762,-41.199579,0.00837039511,-41.545081,-0.345501,-0.022611,0.00236834695,profile_07_01/mix_02_input.wav,profile_07_01/mix_02_q3.5m.wav
7,01,28,2,0.779608;1.821379,3.6,2,0,,true,0.00871005762,-41.199579,0.00833967301,-41.577020,-0.377440,-0.031939,0.00384474049,profile_07_01/mix_02_input.wav,profile_07_01/mix_02_q3.6m.wav
7,01,28,2,0.779608;1.821379,3.7,2,0,,true,0.00871005762,-41.199579,0.00829284298,-41.625931,-0.426352,-0.048912,0.00572319318,profile_07_01/mix_02_input.wav,profile_07_01/mix_02_q3.7m.wav
7,01,28,2,0.779608;1.821379,3.8,2,0,,true,0.00871005762,-41.199579,0.00824773375,-41.673307,-0.473728,-0.047376,0.00451913793,profile_07_01/mix_02_input.wav,profile_07_01/mix_02_q3.8m.wav
7,01,28,2,0.779608;1.821379,3.9,2,0,,true,0.00871005762,-41.199579,0.00820551008,-41.717888,-0.518309,-0.044581,0.00478674856,profile_07_01/mix_02_input.wav,profile_07_01/mix_02_q3.9m.wav
7,01,28,2,0.779608;1.821379,4.0,2,0,,true,0.00871005762,-41.199579,0.00816683952,-41.758920,-0.559340,-0.041031,0.00451777213,profile_07_01/mix_02_input.wav,profile_07_01/mix_02_q4m.wav
8,02,29,2,0.463252;2.467531,0.0,0,,,,0.0094684359,-40.474435,1.35596535e-06,-117.355022,-76.880587,,,profile_08_02/mix_02_input.wav,profile_08_02/mix_02_q0m.wav
8,02,29,2,0.463252;2.467531,0.1,0,0,,true,0.0094684359,-40.474435,9.40204105e-07,-120.535548,-80.061113,-3.180526,9.41563436e-05,profile_08_02/mix_02_input.wav,profile_08_02/mix_02_q0.1m.wav
8,02,29,2,0.463252;2.467531,0.2,0,0,,true,0.0094684359,-40.474435,1.11362145e-06,-119.065240,-78.590805,1.470307,8.7021034e-05,profile_08_02/mix_02_input.wav,profile_08_02/mix_02_q0.2m.wav
8,02,29,2,0.463252;2.467531,0.3,0,0,,true,0.0094684359,-40.474435,8.17372215e-06,-101.751602,-61.277166,17.313639,0.000199450879,profile_08_02/mix_02_input.wav,profile_08_02/mix_02_q0.3m.wav
8,02,29,2,0.463252;2.467531,0.4,0,0,,true,0.0094684359,-40.474435,0.000811349511,-61.815840,-21.341405,39.935761,0.013202587,profile_08_02/mix_02_input.wav,profile_08_02/mix_02_q0.4m.wav
8,02,29,2,0.463252;2.467531,0.5,1,1,0.463252,false,0.0094684359,-40.474435,0.00562921551,-44.991042,-4.516607,16.824798,0.273122434,profile_08_02/mix_02_input.wav,profile_08_02/mix_02_q0.5m.wav
8,02,29,2,0.463252;2.467531,0.6,1,0,,true,0.0094684359,-40.474435,0.00709326646,-42.983075,-2.508639,2.007968,0.141229603,profile_08_02/mix_02_input.wav,profile_08_02/mix_02_q0.6m.wav
8,02,29,2,0.463252;2.467531,0.7,1,0,,true,0.0094684359,-40.474435,0.00714838591,-42.915840,-2.441405,0.067234,0.0137292781,profile_08_02/mix_02_input.wav,profile_08_02/mix_02_q0.7m.wav
8,02,29,2,0.463252;2.467531,0.8,1,0,,true,0.0094684359,-40.474435,0.00716767307,-42.892436,-2.418001,0.023404,0.00488069712,profile_08_02/mix_02_input.wav,profile_08_02/mix_02_q0.8m.wav
8,02,29,2,0.463252;2.467531,0.9,1,0,,true,0.0094684359,-40.474435,0.00719101386,-42.864197,-2.389762,0.028239,0.00437712268,profile_08_02/mix_02_input.wav,profile_08_02/mix_02_q0.9m.wav
8,02,29,2,0.463252;2.467531,1.0,1,0,,true,0.0094684359,-40.474435,0.00720781526,-42.843927,-2.369492,0.020270,0.0032562872,profile_08_02/mix_02_input.wav,profile_08_02/mix_02_q1m.wav
8,02,29,2,0.463252;2.467531,1.1,1,0,,true,0.0094684359,-40.474435,0.00721772979,-42.831988,-2.357552,0.011939,0.00247991706,profile_08_02/mix_02_input.wav,profile_08_02/mix_02_q1.1m.wav
8,02,29,2,0.463252;2.467531,1.2,1,0,,true,0.0094684359,-40.474435,0.00722573773,-42.822356,-2.347921,0.009631,0.00260225057,profile_08_02/mix_02_input.wav,profile_08_02/mix_02_q1.2m.wav
8,02,29,2,0.463252;2.467531,1.3,1,0,,true,0.0094684359,-40.474435,0.00723263966,-42.814063,-2.339628,0.008293,0.00238956213,profile_08_02/mix_02_input.wav,profile_08_02/mix_02_q1.3m.wav
8,02,29,2,0.463252;2.467531,1.4,1,0,,true,0.0094684359,-40.474435,0.00723927712,-42.806096,-2.331661,0.007967,0.00203211778,profile_08_02/mix_02_input.wav,profile_08_02/mix_02_q1.4m.wav
8,02,29,2,0.463252;2.467531,1.5,1,0,,true,0.0094684359,-40.474435,0.0072473136,-42.796459,-2.322024,0.009637,0.00207062467,profile_08_02/mix_02_input.wav,profile_08_02/mix_02_q1.5m.wav
8,02,29,2,0.463252;2.467531,1.6,1,0,,true,0.0094684359,-40.474435,0.00725723716,-42.784574,-2.310139,0.011885,0.00237210137,profile_08_02/mix_02_input.wav,profile_08_02/mix_02_q1.6m.wav
8,02,29,2,0.463252;2.467531,1.7,1,0,,true,0.0094684359,-40.474435,0.00726761985,-42.772156,-2.297721,0.012418,0.00289898904,profile_08_02/mix_02_input.wav,profile_08_02/mix_02_q1.7m.wav
8,02,29,2,0.463252;2.467531,1.8,1,0,,true,0.0094684359,-40.474435,0.00727882138,-42.758779,-2.284344,0.013377,0.00365539175,profile_08_02/mix_02_input.wav,profile_08_02/mix_02_q1.8m.wav
8,02,29,2,0.463252;2.467531,1.9,1,0,,true,0.0094684359,-40.474435,0.00728994427,-42.745516,-2.271081,0.013263,0.00408182946,profile_08_02/mix_02_input.wav,profile_08_02/mix_02_q1.9m.wav
8,02,29,2,0.463252;2.467531,2.0,1,0,,true,0.0094684359,-40.474435,0.00729857062,-42.735244,-2.260809,0.010272,0.0041894027,profile_08_02/mix_02_input.wav,profile_08_02/mix_02_q2m.wav
8,02,29,2,0.463252;2.467531,2.1,1,0,,true,0.0094684359,-40.474435,0.00730900276,-42.722837,-2.248402,0.012406,0.00401330159,profile_08_02/mix_02_input.wav,profile_08_02/mix_02_q2.1m.wav
8,02,29,2,0.463252;2.467531,2.2,1,0,,true,0.0094684359,-40.474435,0.00731965524,-42.710187,-2.235752,0.012650,0.0040717056,profile_08_02/mix_02_input.wav,profile_08_02/mix_02_q2.2m.wav
8,02,29,2,0.463252;2.467531,2.3,1,0,,true,0.0094684359,-40.474435,0.00733218069,-42.695337,-2.220902,0.014851,0.00450072143,profile_08_02/mix_02_input.wav,profile_08_02/mix_02_q2.3m.wav
8,02,29,2,0.463252;2.467531,2.4,1,0,,true,0.0094684359,-40.474435,0.00734724205,-42.677513,-2.203078,0.017824,0.0048720237,profile_08_02/mix_02_input.wav,profile_08_02/mix_02_q2.4m.wav
8,02,29,2,0.463252;2.467531,2.5,2,1,2.467531,false,0.0094684359,-40.474435,0.00736569404,-42.655726,-2.181291,0.021787,0.00576755464,profile_08_02/mix_02_input.wav,profile_08_02/mix_02_q2.5m.wav
8,02,29,2,0.463252;2.467531,2.6,2,0,,true,0.0094684359,-40.474435,0.00740372653,-42.610993,-2.136557,0.044734,0.00987453371,profile_08_02/mix_02_input.wav,profile_08_02/mix_02_q2.6m.wav
8,02,29,2,0.463252;2.467531,2.7,2,0,,true,0.0094684359,-40.474435,0.00745375567,-42.552497,-2.078062,0.058496,0.011970945,profile_08_02/mix_02_input.wav,profile_08_02/mix_02_q2.7m.wav
8,02,29,2,0.463252;2.467531,2.8,2,0,,true,0.0094684359,-40.474435,0.00752558922,-42.469190,-1.994755,0.083307,0.0161101035,profile_08_02/mix_02_input.wav,profile_08_02/mix_02_q2.8m.wav
8,02,29,2,0.463252;2.467531,2.9,2,0,,true,0.0094684359,-40.474435,0.00763178433,-42.347478,-1.873043,0.121712,0.0231899743,profile_08_02/mix_02_input.wav,profile_08_02/mix_02_q2.9m.wav
8,02,29,2,0.463252;2.467531,3.0,2,0,,true,0.0094684359,-40.474435,0.00776258418,-42.199874,-1.725438,0.147605,0.0268163281,profile_08_02/mix_02_input.wav,profile_08_02/mix_02_q3m.wav
8,02,29,2,0.463252;2.467531,3.1,2,0,,true,0.0094684359,-40.474435,0.00794844177,-41.994360,-1.519925,0.205513,0.0352209909,profile_08_02/mix_02_input.wav,profile_08_02/mix_02_q3.1m.wav
8,02,29,2,0.463252;2.467531,3.2,2,0,,true,0.0094684359,-40.474435,0.00819361991,-41.730484,-1.256049,0.263876,0.0436965257,profile_08_02/mix_02_input.wav,profile_08_02/mix_02_q3.2m.wav
8,02,29,2,0.463252;2.467531,3.3,2,0,,true,0.0094684359,-40.474435,0.00852728013,-41.383789,-0.909354,0.346694,0.0471019259,profile_08_02/mix_02_input.wav,profile_08_02/mix_02_q3.3m.wav
8,02,29,2,0.463252;2.467531,3.4,2,0,,true,0.0094684359,-40.474435,0.0088015692,-41.108798,-0.634363,0.274992,0.0343498803,profile_08_02/mix_02_input.wav,profile_08_02/mix_02_q3.4m.wav
8,02,29,2,0.463252;2.467531,3.5,2,0,,true,0.0094684359,-40.474435,0.00895237468,-40.961235,-0.486800,0.147563,0.0178202467,profile_08_02/mix_02_input.wav,profile_08_02/mix_02_q3.5m.wav
8,02,29,2,0.463252;2.467531,3.6,2,0,,true,0.0094684359,-40.474435,0.00903403611,-40.882364,-0.407928,0.078871,0.00918795177,profile_08_02/mix_02_input.wav,profile_08_02/mix_02_q3.6m.wav
8,02,29,2,0.463252;2.467531,3.7,2,0,,true,0.0094684359,-40.474435,0.00909733369,-40.821718,-0.347282,0.060646,0.0070473634,profile_08_02/mix_02_input.wav,profile_08_02/mix_02_q3.7m.wav
8,02,29,2,0.463252;2.467531,3.8,2,0,,true,0.0094684359,-40.474435,0.00913525461,-40.785587,-0.311152,0.036131,0.00449628482,profile_08_02/mix_02_input.wav,profile_08_02/mix_02_q3.8m.wav
8,02,29,2,0.463252;2.467531,3.9,2,0,,true,0.0094684359,-40.474435,0.00915860436,-40.763414,-0.288979,0.022173,0.00309577742,profile_08_02/mix_02_input.wav,profile_08_02/mix_02_q3.9m.wav
8,02,29,2,0.463252;2.467531,4.0,2,0,,true,0.0094684359,-40.474435,0.00917483486,-40.748035,-0.273600,0.015379,0.00241503584,profile_08_02/mix_02_input.wav,profile_08_02/mix_02_q4m.wav
9,03,30,2,0.290590;3.425986,0.0,0,,,,0.0154263924,-36.234713,2.42105752e-06,-112.319894,-76.085182,,,profile_09_03/mix_02_input.wav,profile_09_03/mix_02_q0m.wav
9,03,30,2,0.290590;3.425986,0.1,0,0,,true,0.0154263924,-36.234713,1.60616595e-06,-115.884186,-79.649474,-3.564292,9.80274202e-05,profile_09_03/mix_02_input.wav,profile_09_03/mix_02_q0.1m.wav
9,03,30,2,0.290590;3.425986,0.2,0,0,,true,0.0154263924,-36.234713,2.00351665e-06,-113.964137,-77.729424,1.920050,8.97737933e-05,profile_09_03/mix_02_input.wav,profile_09_03/mix_02_q0.2m.wav
9,03,30,2,0.290590;3.425986,0.3,1,1,0.290590,false,0.0154263924,-36.234713,0.000156012308,-76.136823,-39.902110,37.827314,0.00151148397,profile_09_03/mix_02_input.wav,profile_09_03/mix_02_q0.3m.wav
9,03,30,2,0.290590;3.425986,0.4,1,0,,true,0.0154263924,-36.234713,0.0132041847,-37.585768,-1.351056,38.551055,0.503402364,profile_09_03/mix_02_input.wav,profile_09_03/mix_02_q0.4m.wav
9,03,30,2,0.290590;3.425986,0.5,1,0,,true,0.0154263924,-36.234713,0.0137567692,-37.229671,-0.994958,0.356097,0.043657167,profile_09_03/mix_02_input.wav,profile_09_03/mix_02_q0.5m.wav
9,03,30,2,0.290590;3.425986,0.6,1,0,,true,0.0154263924,-36.234713,0.0138163713,-37.192120,-0.957408,0.037551,0.00930087576,profile_09_03/mix_02_input.wav,profile_09_03/mix_02_q0.6m.wav
9,03,30,2,0.290590;3.425986,0.7,1,0,,true,0.0154263924,-36.234713,0.0138423481,-37.175805,-0.941092,0.016315,0.00535700614,profile_09_03/mix_02_input.wav,profile_09_03/mix_02_q0.7m.wav
9,03,30,2,0.290590;3.425986,0.8,1,0,,true,0.0154263924,-36.234713,0.0138604667,-37.164443,-0.929730,0.011362,0.0034144685,profile_09_03/mix_02_input.wav,profile_09_03/mix_02_q0.8m.wav
9,03,30,2,0.290590;3.425986,0.9,1,0,,true,0.0154263924,-36.234713,0.013879615,-37.152452,-0.917739,0.011991,0.00281339186,profile_09_03/mix_02_input.wav,profile_09_03/mix_02_q0.9m.wav
9,03,30,2,0.290590;3.425986,1.0,1,0,,true,0.0154263924,-36.234713,0.0138908328,-37.145434,-0.910722,0.007017,0.00250680314,profile_09_03/mix_02_input.wav,profile_09_03/mix_02_q1m.wav
9,03,30,2,0.290590;3.425986,1.1,1,0,,true,0.0154263924,-36.234713,0.0138955288,-37.142498,-0.907786,0.002936,0.00187784453,profile_09_03/mix_02_input.wav,profile_09_03/mix_02_q1.1m.wav
9,03,30,2,0.290590;3.425986,1.2,1,0,,true,0.0154263924,-36.234713,0.0139006714,-37.139284,-0.904572,0.003214,0.00160006305,profile_09_03/mix_02_input.wav,profile_09_03/mix_02_q1.2m.wav
9,03,30,2,0.290590;3.425986,1.3,1,0,,true,0.0154263924,-36.234713,0.0139078559,-37.134796,-0.900084,0.004488,0.0011725389,profile_09_03/mix_02_input.wav,profile_09_03/mix_02_q1.3m.wav
9,03,30,2,0.290590;3.425986,1.4,1,0,,true,0.0154263924,-36.234713,0.013912908,-37.131642,-0.896929,0.003155,0.00104847085,profile_09_03/mix_02_input.wav,profile_09_03/mix_02_q1.4m.wav
9,03,30,2,0.290590;3.425986,1.5,1,0,,true,0.0154263924,-36.234713,0.0139156904,-37.129905,-0.895192,0.001737,0.000814041787,profile_09_03/mix_02_input.wav,profile_09_03/mix_02_q1.5m.wav
9,03,30,2,0.290590;3.425986,1.6,1,0,,true,0.0154263924,-36.234713,0.0139167259,-37.129259,-0.894546,0.000646,0.000909387965,profile_09_03/mix_02_input.wav,profile_09_03/mix_02_q1.6m.wav
9,03,30,2,0.290590;3.425986,1.7,1,0,,true,0.0154263924,-36.234713,0.013918713,-37.128018,-0.893306,0.001240,0.000898954512,profile_09_03/mix_02_input.wav,profile_09_03/mix_02_q1.7m.wav
9,03,30,2,0.290590;3.425986,1.8,1,0,,true,0.0154263924,-36.234713,0.0139206656,-37.126800,-0.892087,0.001218,0.000775941614,profile_09_03/mix_02_input.wav,profile_09_03/mix_02_q1.8m.wav
9,03,30,2,0.290590;3.425986,1.9,1,0,,true,0.0154263924,-36.234713,0.0139230949,-37.125284,-0.890572,0.001516,0.000866825627,profile_09_03/mix_02_input.wav,profile_09_03/mix_02_q1.9m.wav
9,03,30,2,0.290590;3.425986,2.0,1,0,,true,0.0154263924,-36.234713,0.0139257342,-37.123638,-0.888925,0.001646,0.00085360321,profile_09_03/mix_02_input.wav,profile_09_03/mix_02_q2m.wav
9,03,30,2,0.290590;3.425986,2.1,1,0,,true,0.0154263924,-36.234713,0.0139272117,-37.122716,-0.888004,0.000922,0.000814107406,profile_09_03/mix_02_input.wav,profile_09_03/mix_02_q2.1m.wav
9,03,30,2,0.290590;3.425986,2.2,1,0,,true,0.0154263924,-36.234713,0.0139290386,-37.121577,-0.886865,0.001139,0.000880709189,profile_09_03/mix_02_input.wav,profile_09_03/mix_02_q2.2m.wav
9,03,30,2,0.290590;3.425986,2.3,1,0,,true,0.0154263924,-36.234713,0.013931605,-37.119977,-0.885264,0.001600,0.00106860798,profile_09_03/mix_02_input.wav,profile_09_03/mix_02_q2.3m.wav
9,03,30,2,0.290590;3.425986,2.4,1,0,,true,0.0154263924,-36.234713,0.0139340146,-37.118475,-0.883762,0.001502,0.00109237711,profile_09_03/mix_02_input.wav,profile_09_03/mix_02_q2.4m.wav
9,03,30,2,0.290590;3.425986,2.5,1,0,,true,0.0154263924,-36.234713,0.0139364009,-37.116987,-0.882275,0.001487,0.0011438544,profile_09_03/mix_02_input.wav,profile_09_03/mix_02_q2.5m.wav
9,03,30,2,0.290590;3.425986,2.6,1,0,,true,0.0154263924,-36.234713,0.0139383422,-37.115778,-0.881065,0.001210,0.00111970842,profile_09_03/mix_02_input.wav,profile_09_03/mix_02_q2.6m.wav
9,03,30,2,0.290590;3.425986,2.7,1,0,,true,0.0154263924,-36.234713,0.0139397392,-37.114907,-0.880195,0.000870,0.00115058058,profile_09_03/mix_02_input.wav,profile_09_03/mix_02_q2.7m.wav
9,03,30,2,0.290590;3.425986,2.8,1,0,,true,0.0154263924,-36.234713,0.0139417875,-37.113631,-0.878918,0.001276,0.00135073401,profile_09_03/mix_02_input.wav,profile_09_03/mix_02_q2.8m.wav
9,03,30,2,0.290590;3.425986,2.9,1,0,,true,0.0154263924,-36.234713,0.0139449199,-37.111679,-0.876967,0.001951,0.00181122719,profile_09_03/mix_02_input.wav,profile_09_03/mix_02_q2.9m.wav
9,03,30,2,0.290590;3.425986,3.0,1,0,,true,0.0154263924,-36.234713,0.0139504058,-37.108263,-0.873551,0.003416,0.00225515579,profile_09_03/mix_02_input.wav,profile_09_03/mix_02_q3m.wav
9,03,30,2,0.290590;3.425986,3.1,1,0,,true,0.0154263924,-36.234713,0.0139591479,-37.102822,-0.868109,0.005441,0.00296163207,profile_09_03/mix_02_input.wav,profile_09_03/mix_02_q3.1m.wav
9,03,30,2,0.290590;3.425986,3.2,1,0,,true,0.0154263924,-36.234713,0.013970768,-37.095594,-0.860882,0.007227,0.00356917747,profile_09_03/mix_02_input.wav,profile_09_03/mix_02_q3.2m.wav
9,03,30,2,0.290590;3.425986,3.3,1,0,,true,0.0154263924,-36.234713,0.0139880702,-37.084844,-0.850131,0.010750,0.00511931156,profile_09_03/mix_02_input.wav,profile_09_03/mix_02_q3.3m.wav
9,03,30,2,0.290590;3.425986,3.4,1,0,,true,0.0154263924,-36.234713,0.0140215578,-37.064075,-0.829362,0.020769,0.00900006931,profile_09_03/mix_02_input.wav,profile_09_03/mix_02_q3.4m.wav
9,03,30,2,0.290590;3.425986,3.5,2,1,3.425986,false,0.0154263924,-36.234713,0.014072171,-37.032778,-0.798065,0.031297,0.0119427915,profile_09_03/mix_02_input.wav,profile_09_03/mix_02_q3.5m.wav
9,03,30,2,0.290590;3.425986,3.6,2,0,,true,0.0154263924,-36.234713,0.0141867087,-36.962367,-0.727654,0.070411,0.0233423253,profile_09_03/mix_02_input.wav,profile_09_03/mix_02_q3.6m.wav
9,03,30,2,0.290590;3.425986,3.7,2,0,,true,0.0154263924,-36.234713,0.0143532498,-36.860995,-0.626283,0.101372,0.0316220129,profile_09_03/mix_02_input.wav,profile_09_03/mix_02_q3.7m.wav
9,03,30,2,0.290590;3.425986,3.8,2,0,,true,0.0154263924,-36.234713,0.0145255255,-36.757363,-0.522650,0.103632,0.0298011492,profile_09_03/mix_02_input.wav,profile_09_03/mix_02_q3.8m.wav
9,03,30,2,0.290590;3.425986,3.9,2,0,,true,0.0154263924,-36.234713,0.0146756946,-36.668027,-0.433314,0.089336,0.0253267821,profile_09_03/mix_02_input.wav,profile_09_03/mix_02_q3.9m.wav
9,03,30,2,0.290590;3.425986,4.0,2,0,,true,0.0154263924,-36.234713,0.0147847565,-36.603716,-0.369004,0.064310,0.0168795432,profile_09_03/mix_02_input.wav,profile_09_03/mix_02_q4m.wav
10,04,31,2,0.946217;4.587186,0.0,0,,,,0.00363742246,-48.784125,5.00166645e-07,-126.017688,-77.233563,,,profile_10_04/mix_02_input.wav,profile_10_04/mix_02_q0m.wav
10,04,31,2,0.946217;4.587186,0.1,0,0,,true,0.00363742246,-48.784125,3.54209074e-07,-129.014782,-80.230657,-2.997094,0.000102549984,profile_10_04/mix_02_input.wav,profile_10_04/mix_02_q0.1m.wav
10,04,31,2,0.946217;4.587186,0.2,0,0,,true,0.00363742246,-48.784125,4.15813788e-07,-127.622001,-78.837876,1.392780,9.21900793e-05,profile_10_04/mix_02_input.wav,profile_10_04/mix_02_q0.2m.wav
10,04,31,2,0.946217;4.587186,0.3,0,0,,true,0.00363742246,-48.784125,2.99459199e-06,-110.473244,-61.689119,17.148757,0.000167809313,profile_10_04/mix_02_input.wav,profile_10_04/mix_02_q0.3m.wav
10,04,31,2,0.946217;4.587186,0.4,0,0,,true,0.00363742246,-48.784125,0.000349941376,-69.120094,-20.335969,41.353150,0.00882359104,profile_10_04/mix_02_input.wav,profile_10_04/mix_02_q0.4m.wav
10,04,31,2,0.946217;4.587186,0.5,0,0,,true,0.00363742246,-48.784125,0.000397439216,-68.014586,-19.230461,1.105508,0.00333397848,profile_10_04/mix_02_input.wav,profile_10_04/mix_02_q0.5m.wav
10,04,31,2,0.946217;4.587186,0.6,0,0,,true,0.00363742246,-48.784125,0.000524533156,-65.604541,-16.820416,2.410045,0.00653651787,profile_10_04/mix_02_input.wav,profile_10_04/mix_02_q0.6m.wav
10,04,31,2,0.946217;4.587186,0.7,0,0,,true,0.00363742246,-48.784125,0.000718033213,-62.877109,-14.092984,2.727432,0.0211602192,profile_10_04/mix_02_input.wav,profile_10_04/mix_02_q0.7m.wav
10,04,31,2,0.946217;4.587186,0.8,0,0,,true,0.00363742246,-48.784125,0.00104230116,-59.640136,-10.856010,3.236974,0.0591229833,profile_10_04/mix_02_input.wav,profile_10_04/mix_02_q0.8m.wav
10,04,31,2,0.946217;4.587186,0.9,0,0,,true,0.00363742246,-48.784125,0.00166445619,-55.574553,-6.790428,4.065583,0.110829937,profile_10_04/mix_02_input.wav,profile_10_04/mix_02_q0.9m.wav
10,04,31,2,0.946217;4.587186,1.0,1,1,0.946217,false,0.00363742246,-48.784125,0.00314349561,-50.051743,-1.267618,5.522810,0.305626343,profile_10_04/mix_02_input.wav,profile_10_04/mix_02_q1m.wav
10,04,31,2,0.946217;4.587186,1.1,1,0,,true,0.00363742246,-48.784125,0.00318380599,-49.941068,-1.156943,0.110675,0.0228591529,profile_10_04/mix_02_input.wav,profile_10_04/mix_02_q1.1m.wav
10,04,31,2,0.946217;4.587186,1.2,1,0,,true,0.00363742246,-48.784125,0.00319528407,-49.909811,-1.125685,0.031258,0.0138099464,profile_10_04/mix_02_input.wav,profile_10_04/mix_02_q1.2m.wav
10,04,31,2,0.946217;4.587186,1.3,1,0,,true,0.00363742246,-48.784125,0.00319464173,-49.911557,-1.127432,-0.001746,0.00397369654,profile_10_04/mix_02_input.wav,profile_10_04/mix_02_q1.3m.wav
10,04,31,2,0.946217;4.587186,1.4,1,0,,true,0.00363742246,-48.784125,0.0031936936,-49.914135,-1.130010,-0.002578,0.00756648384,profile_10_04/mix_02_input.wav,profile_10_04/mix_02_q1.4m.wav
10,04,31,2,0.946217;4.587186,1.5,1,0,,true,0.00363742246,-48.784125,0.00319580883,-49.908384,-1.124259,0.005751,0.00452280649,profile_10_04/mix_02_input.wav,profile_10_04/mix_02_q1.5m.wav
10,04,31,2,0.946217;4.587186,1.6,1,0,,true,0.00363742246,-48.784125,0.00319823357,-49.901796,-1.117671,0.006588,0.00287936748,profile_10_04/mix_02_input.wav,profile_10_04/mix_02_q1.6m.wav
10,04,31,2,0.946217;4.587186,1.7,1,0,,true,0.00363742246,-48.784125,0.00320234167,-49.890647,-1.106522,0.011150,0.00500666047,profile_10_04/mix_02_input.wav,profile_10_04/mix_02_q1.7m.wav
10,04,31,2,0.946217;4.587186,1.8,1,0,,true,0.00363742246,-48.784125,0.00320640845,-49.879623,-1.095498,0.011024,0.00349393869,profile_10_04/mix_02_input.wav,profile_10_04/mix_02_q1.8m.wav
10,04,31,2,0.946217;4.587186,1.9,1,0,,true,0.00363742246,-48.784125,0.00321210335,-49.864210,-1.080085,0.015413,0.00369554126,profile_10_04/mix_02_input.wav,profile_10_04/mix_02_q1.9m.wav
10,04,31,2,0.946217;4.587186,2.0,1,0,,true,0.00363742246,-48.784125,0.00321545792,-49.855143,-1.071018,0.009066,0.00256312938,profile_10_04/mix_02_input.wav,profile_10_04/mix_02_q2m.wav
10,04,31,2,0.946217;4.587186,2.1,1,0,,true,0.00363742246,-48.784125,0.00321269714,-49.862604,-1.078479,-0.007461,0.00480259877,profile_10_04/mix_02_input.wav,profile_10_04/mix_02_q2.1m.wav
10,04,31,2,0.946217;4.587186,2.2,1,0,,true,0.00363742246,-48.784125,0.00321086738,-49.867553,-1.083428,-0.004948,0.00315564397,profile_10_04/mix_02_input.wav,profile_10_04/mix_02_q2.2m.wav
10,04,31,2,0.946217;4.587186,2.3,1,0,,true,0.00363742246,-48.784125,0.00321116358,-49.866751,-1.082626,0.000801,0.00179174319,profile_10_04/mix_02_input.wav,profile_10_04/mix_02_q2.3m.wav
10,04,31,2,0.946217;4.587186,2.4,1,0,,true,0.00363742246,-48.784125,0.00321144733,-49.865984,-1.081859,0.000767,0.00153522547,profile_10_04/mix_02_input.wav,profile_10_04/mix_02_q2.4m.wav
10,04,31,2,0.946217;4.587186,2.5,1,0,,true,0.00363742246,-48.784125,0.0032109514,-49.867325,-1.083200,-0.001341,0.00150214029,profile_10_04/mix_02_input.wav,profile_10_04/mix_02_q2.5m.wav
10,04,31,2,0.946217;4.587186,2.6,1,0,,true,0.00363742246,-48.784125,0.00321273152,-49.862511,-1.078386,0.004814,0.00291889577,profile_10_04/mix_02_input.wav,profile_10_04/mix_02_q2.6m.wav
10,04,31,2,0.946217;4.587186,2.7,1,0,,true,0.00363742246,-48.784125,0.00321491841,-49.856601,-1.072476,0.005910,0.00350796683,profile_10_04/mix_02_input.wav,profile_10_04/mix_02_q2.7m.wav
10,04,31,2,0.946217;4.587186,2.8,1,0,,true,0.00363742246,-48.784125,0.0032170635,-49.850807,-1.066682,0.005794,0.00331628403,profile_10_04/mix_02_input.wav,profile_10_04/mix_02_q2.8m.wav
10,04,31,2,0.946217;4.587186,2.9,1,0,,true,0.00363742246,-48.784125,0.00321858026,-49.846713,-1.062588,0.004094,0.00302292543,profile_10_04/mix_02_input.wav,profile_10_04/mix_02_q2.9m.wav
10,04,31,2,0.946217;4.587186,3.0,1,0,,true,0.00363742246,-48.784125,0.00322011121,-49.842583,-1.058457,0.004131,0.00277434217,profile_10_04/mix_02_input.wav,profile_10_04/mix_02_q3m.wav
10,04,31,2,0.946217;4.587186,3.1,1,0,,true,0.00363742246,-48.784125,0.0032222735,-49.836752,-1.052627,0.005831,0.00355199532,profile_10_04/mix_02_input.wav,profile_10_04/mix_02_q3.1m.wav
10,04,31,2,0.946217;4.587186,3.2,1,0,,true,0.00363742246,-48.784125,0.00322543168,-49.828243,-1.044118,0.008509,0.00473819292,profile_10_04/mix_02_input.wav,profile_10_04/mix_02_q3.2m.wav
10,04,31,2,0.946217;4.587186,3.3,1,0,,true,0.00363742246,-48.784125,0.00323728508,-49.796381,-1.012256,0.031862,0.0141755283,profile_10_04/mix_02_input.wav,profile_10_04/mix_02_q3.3m.wav
10,04,31,2,0.946217;4.587186,3.4,1,0,,true,0.00363742246,-48.784125,0.00327081396,-49.706883,-0.922758,0.089498,0.0294275652,profile_10_04/mix_02_input.wav,profile_10_04/mix_02_q3.4m.wav
10,04,31,2,0.946217;4.587186,3.5,1,0,,true,0.00363742246,-48.784125,0.00344826811,-49.247979,-0.463854,0.458904,0.0932057862,profile_10_04/mix_02_input.wav,profile_10_04/mix_02_q3.5m.wav
10,04,31,2,0.946217;4.587186,3.6,1,0,,true,0.00363742246,-48.784125,0.00353237578,-49.038662,-0.254537,0.209317,0.0326648601,profile_10_04/mix_02_input.wav,profile_10_04/mix_02_q3.6m.wav
10,04,31,2,0.946217;4.587186,3.7,1,0,,true,0.00363742246,-48.784125,0.00354852585,-48.999041,-0.214915,0.039621,0.00653434204,profile_10_04/mix_02_input.wav,profile_10_04/mix_02_q3.7m.wav
10,04,31,2,0.946217;4.587186,3.8,1,0,,true,0.00363742246,-48.784125,0.00354934815,-48.997028,-0.212903,0.002013,0.00217379335,profile_10_04/mix_02_input.wav,profile_10_04/mix_02_q3.8m.wav
10,04,31,2,0.946217;4.587186,3.9,1,0,,true,0.00363742246,-48.784125,0.00355054076,-48.994110,-0.209985,0.002918,0.00246748325,profile_10_04/mix_02_input.wav,profile_10_04/mix_02_q3.9m.wav
10,04,31,2,0.946217;4.587186,4.0,1,0,,true,0.00363742246,-48.784125,0.00355159857,-48.991523,-0.207397,0.002587,0.00275063329,profile_10_04/mix_02_input.wav,profile_10_04/mix_02_q4m.wav
11,11,32,2,1.748349;1.776134,0.0,0,,,,0.0055361557,-45.135834,1.10002425e-06,-119.171947,-74.036113,,,profile_11_11/mix_02_input.wav,profile_11_11/mix_02_q0m.wav
11,11,32,2,1.748349;1.776134,0.1,0,0,,true,0.0055361557,-45.135834,7.41609882e-07,-122.596478,-77.460644,-3.424531,0.000113438334,profile_11_11/mix_02_input.wav,profile_11_11/mix_02_q0.1m.wav
11,11,32,2,1.748349;1.776134,0.2,0,0,,true,0.0055361557,-45.135834,9.98309636e-07,-120.014686,-74.878852,2.581792,0.000103675731,profile_11_11/mix_02_input.wav,profile_11_11/mix_02_q0.2m.wav
11,11,32,2,1.748349;1.776134,0.3,0,0,,true,0.0055361557,-45.135834,1.02695264e-06,-119.768983,-74.633149,0.245703,0.000115011084,profile_11_11/mix_02_input.wav,profile_11_11/mix_02_q0.3m.wav
11,11,32,2,1.748349;1.776134,0.4,0,0,,true,0.0055361557,-45.135834,1.14883631e-06,-118.794829,-73.658995,0.974154,0.000112868478,profile_11_11/mix_02_input.wav,profile_11_11/mix_02_q0.4m.wav
11,11,32,2,1.748349;1.776134,0.5,0,0,,true,0.0055361557,-45.135834,1.33961826e-06,-117.460372,-72.324538,1.334457,8.8726209e-05,profile_11_11/mix_02_input.wav,profile_11_11/mix_02_q0.5m.wav
11,11,32,2,1.748349;1.776134,0.6,0,0,,true,0.0055361557,-45.135834,2.28161575e-06,-112.835146,-67.699312,4.625226,0.000119926464,profile_11_11/mix_02_input.wav,profile_11_11/mix_02_q0.6m.wav
11,11,32,2,1.748349;1.776134,0.7,0,0,,true,0.0055361557,-45.135834,4.5409416e-06,-106.857080,-61.721246,5.978066,0.000141671632,profile_11_11/mix_02_input.wav,profile_11_11/mix_02_q0.7m.wav
11,11,32,2,1.748349;1.776134,0.8,0,0,,true,0.0055361557,-45.135834,1.28555743e-05,-97.818170,-52.682336,9.038910,0.000311331782,profile_11_11/mix_02_input.wav,profile_11_11/mix_02_q0.8m.wav
11,11,32,2,1.748349;1.776134,0.9,0,0,,true,0.0055361557,-45.135834,1.88947725e-05,-94.473166,-49.337332,3.345003,0.000313633609,profile_11_11/mix_02_input.wav,profile_11_11/mix_02_q0.9m.wav
11,11,32,2,1.748349;1.776134,1.0,0,0,,true,0.0055361557,-45.135834,3.30348882e-05,-89.620543,-44.484709,4.852623,0.000618838694,profile_11_11/mix_02_input.wav,profile_11_11/mix_02_q1m.wav
11,11,32,2,1.748349;1.776134,1.1,0,0,,true,0.0055361557,-45.135834,8.33568267e-05,-81.581176,-36.445342,8.039366,0.00191868723,profile_11_11/mix_02_input.wav,profile_11_11/mix_02_q1.1m.wav
11,11,32,2,1.748349;1.776134,1.2,0,0,,true,0.0055361557,-45.135834,0.000182905014,-74.755488,-29.619654,6.825689,0.00407919599,profile_11_11/mix_02_input.wav,profile_11_11/mix_02_q1.2m.wav
11,11,32,2,1.748349;1.776134,1.3,0,0,,true,0.0055361557,-45.135834,0.000299975854,-70.458274,-25.322440,4.297214,0.00589755626,profile_11_11/mix_02_input.wav,profile_11_11/mix_02_q1.3m.wav
11,11,32,2,1.748349;1.776134,1.4,0,0,,true,0.0055361557,-45.135834,0.00039189182,-68.136676,-23.000842,2.321598,0.00565806295,profile_11_11/mix_02_input.wav,profile_11_11/mix_02_q1.4m.wav
11,11,32,2,1.748349;1.776134,1.5,0,0,,true,0.0055361557,-45.135834,0.000492819316,-66.146246,-21.010411,1.990430,0.00832405467,profile_11_11/mix_02_input.wav,profile_11_11/mix_02_q1.5m.wav
11,11,32,2,1.748349;1.776134,1.6,0,0,,true,0.0055361557,-45.135834,0.000680071035,-63.348914,-18.213080,2.797331,0.0187813703,profile_11_11/mix_02_input.wav,profile_11_11/mix_02_q1.6m.wav
11,11,32,2,1.748349;1.776134,1.7,0,0,,true,0.0055361557,-45.135834,0.000742304025,-62.588364,-17.452530,0.760551,0.0125642119,profile_11_11/mix_02_input.wav,profile_11_11/mix_02_q1.7m.wav
11,11,32,2,1.748349;1.776134,1.8,2,2,1.748349;1.776134,false,0.0055361557,-45.135834,0.0012073622,-58.363248,-13.227414,4.225115,0.0581986,profile_11_11/mix_02_input.wav,profile_11_11/mix_02_q1.8m.wav
11,11,32,2,1.748349;1.776134,1.9,2,0,,true,0.0055361557,-45.135834,0.00336569717,-49.458499,-4.322665,8.904749,0.313887229,profile_11_11/mix_02_input.wav,profile_11_11/mix_02_q1.9m.wav
11,11,32,2,1.748349;1.776134,2.0,2,0,,true,0.0055361557,-45.135834,0.00331029996,-49.602653,-4.466819,-0.144154,0.0322549764,profile_11_11/mix_02_input.wav,profile_11_11/mix_02_q2m.wav
11,11,32,2,1.748349;1.776134,2.1,2,0,,true,0.0055361557,-45.135834,0.00333500917,-49.538059,-4.402225,0.064594,0.00921608878,profile_11_11/mix_02_input.wav,profile_11_11/mix_02_q2.1m.wav
11,11,32,2,1.748349;1.776134,2.2,2,0,,true,0.0055361557,-45.135834,0.00335844209,-49.477243,-4.341409,0.060817,0.0091283375,profile_11_11/mix_02_input.wav,profile_11_11/mix_02_q2.2m.wav
11,11,32,2,1.748349;1.776134,2.3,2,0,,true,0.0055361557,-45.135834,0.00337203522,-49.442158,-4.306324,0.035085,0.00880260036,profile_11_11/mix_02_input.wav,profile_11_11/mix_02_q2.3m.wav
11,11,32,2,1.748349;1.776134,2.4,2,0,,true,0.0055361557,-45.135834,0.00338470414,-49.409586,-4.273752,0.032572,0.00644892914,profile_11_11/mix_02_input.wav,profile_11_11/mix_02_q2.4m.wav
11,11,32,2,1.748349;1.776134,2.5,2,0,,true,0.0055361557,-45.135834,0.00340456065,-49.358778,-4.222944,0.050807,0.0110574713,profile_11_11/mix_02_input.wav,profile_11_11/mix_02_q2.5m.wav
11,11,32,2,1.748349;1.776134,2.6,2,0,,true,0.0055361557,-45.135834,0.00342798679,-49.299217,-4.163383,0.059561,0.0129490264,profile_11_11/mix_02_input.wav,profile_11_11/mix_02_q2.6m.wav
11,11,32,2,1.748349;1.776134,2.7,2,0,,true,0.0055361557,-45.135834,0.0034516182,-49.239545,-4.103711,0.059672,0.0142761692,profile_11_11/mix_02_input.wav,profile_11_11/mix_02_q2.7m.wav
11,11,32,2,1.748349;1.776134,2.8,2,0,,true,0.0055361557,-45.135834,0.00349811138,-49.123327,-3.987493,0.116218,0.021058062,profile_11_11/mix_02_input.wav,profile_11_11/mix_02_q2.8m.wav
11,11,32,2,1.748349;1.776134,2.9,2,0,,true,0.0055361557,-45.135834,0.00360240024,-48.868161,-3.732327,0.255167,0.035250079,profile_11_11/mix_02_input.wav,profile_11_11/mix_02_q2.9m.wav
11,11,32,2,1.748349;1.776134,3.0,2,0,,true,0.0055361557,-45.135834,0.00373471675,-48.554847,-3.419013,0.313314,0.0365733277,profile_11_11/mix_02_input.wav,profile_11_11/mix_02_q3m.wav
11,11,32,2,1.748349;1.776134,3.1,2,0,,true,0.0055361557,-45.135834,0.00384644553,-48.298808,-3.162974,0.256038,0.0286694339,profile_11_11/mix_02_input.wav,profile_11_11/mix_02_q3.1m.wav
11,11,32,2,1.748349;1.776134,3.2,2,0,,true,0.0055361557,-45.135834,0.00390040267,-48.177811,-3.041977,0.120997,0.0123749701,profile_11_11/mix_02_input.wav,profile_11_11/mix_02_q3.2m.wav
11,11,32,2,1.748349;1.776134,3.3,2,0,,true,0.0055361557,-45.135834,0.00412696607,-47.687382,-2.551548,0.490429,0.0492818021,profile_11_11/mix_02_input.wav,profile_11_11/mix_02_q3.3m.wav
11,11,32,2,1.748349;1.776134,3.4,2,0,,true,0.0055361557,-45.135834,0.00479902314,-46.376943,-1.241109,1.310439,0.125710332,profile_11_11/mix_02_input.wav,profile_11_11/mix_02_q3.4m.wav
11,11,32,2,1.748349;1.776134,3.5,2,0,,true,0.0055361557,-45.135834,0.00516700316,-45.735225,-0.599391,0.641718,0.0589844707,profile_11_11/mix_02_input.wav,profile_11_11/mix_02_q3.5m.wav
11,11,32,2,1.748349;1.776134,3.6,2,0,,true,0.0055361557,-45.135834,0.005297489,-45.518599,-0.382765,0.216627,0.0200341943,profile_11_11/mix_02_input.wav,profile_11_11/mix_02_q3.6m.wav
11,11,32,2,1.748349;1.776134,3.7,2,0,,true,0.0055361557,-45.135834,0.00535953465,-45.417458,-0.281624,0.101140,0.0100581014,profile_11_11/mix_02_input.wav,profile_11_11/mix_02_q3.7m.wav
11,11,32,2,1.748349;1.776134,3.8,2,0,,true,0.0055361557,-45.135834,0.00537989235,-45.384528,-0.248694,0.032930,0.00478010162,profile_11_11/mix_02_input.wav,profile_11_11/mix_02_q3.8m.wav
11,11,32,2,1.748349;1.776134,3.9,2,0,,true,0.0055361557,-45.135834,0.00539274057,-45.363809,-0.227975,0.020719,0.00362061788,profile_11_11/mix_02_input.wav,profile_11_11/mix_02_q3.9m.wav
11,11,32,2,1.748349;1.776134,4.0,2,0,,true,0.0055361557,-45.135834,0.00540531327,-45.343583,-0.207749,0.020227,0.00324865881,profile_11_11/mix_02_input.wav,profile_11_11/mix_02_q4m.wav
12,12,33,2,1.643960;2.746062,0.0,0,,,,0.00510792506,-45.835110,6.38939856e-07,-123.890787,-78.055677,,,profile_12_12/mix_02_input.wav,profile_12_12/mix_02_q0m.wav
12,12,33,2,1.643960;2.746062,0.1,0,0,,true,0.00510792506,-45.835110,4.58731485e-07,-126.768810,-80.933700,-2.878023,9.9490049e-05,profile_12_12/mix_02_input.wav,profile_12_12/mix_02_q0.1m.wav
12,12,33,2,1.643960;2.746062,0.2,0,0,,true,0.00510792506,-45.835110,5.34812664e-07,-125.435950,-79.600840,1.332860,9.25574429e-05,profile_12_12/mix_02_input.wav,profile_12_12/mix_02_q0.2m.wav
12,12,33,2,1.643960;2.746062,0.3,0,0,,true,0.00510792506,-45.835110,6.75047612e-07,-123.413299,-77.578189,2.022651,0.000105363681,profile_12_12/mix_02_input.wav,profile_12_12/mix_02_q0.3m.wav
12,12,33,2,1.643960;2.746062,0.4,0,0,,true,0.00510792506,-45.835110,8.06072954e-07,-121.872502,-76.037393,1.540797,0.000116269442,profile_12_12/mix_02_input.wav,profile_12_12/mix_02_q0.4m.wav
12,12,33,2,1.643960;2.746062,0.5,0,0,,true,0.00510792506,-45.835110,9.47964881e-07,-120.464146,-74.629036,1.408356,9.47972266e-05,profile_12_12/mix_02_input.wav,profile_12_12/mix_02_q0.5m.wav
12,12,33,2,1.643960;2.746062,0.6,0,0,,true,0.00510792506,-45.835110,1.04318493e-06,-119.632766,-73.797656,0.831380,7.9502445e-05,profile_12_12/mix_02_input.wav,profile_12_12/mix_02_q0.6m.wav
12,12,33,2,1.643960;2.746062,0.7,0,0,,true,0.00510792506,-45.835110,1.13347216e-06,-118.911775,-73.076666,0.720990,7.63929487e-05,profile_12_12/mix_02_input.wav,profile_12_12/mix_02_q0.7m.wav
12,12,33,2,1.643960;2.746062,0.8,0,0,,true,0.00510792506,-45.835110,1.27872712e-06,-117.864436,-72.029326,1.047340,7.80239714e-05,profile_12_12/mix_02_input.wav,profile_12_12/mix_02_q0.8m.wav
12,12,33,2,1.643960;2.746062,0.9,0,0,,true,0.00510792506,-45.835110,2.00717448e-06,-113.948293,-68.113184,3.916142,9.27056965e-05,profile_12_12/mix_02_input.wav,profile_12_12/mix_02_q0.9m.wav
12,12,33,2,1.643960;2.746062,1.0,0,0,,true,0.00510792506,-45.835110,3.59474973e-06,-108.886624,-63.051515,5.061669,0.000105432199,profile_12_12/mix_02_input.wav,profile_12_12/mix_02_q1m.wav
12,12,33,2,1.643960;2.746062,1.1,0,0,,true,0.00510792506,-45.835110,7.43029634e-06,-102.579876,-56.744766,6.306748,0.000134138201,profile_12_12/mix_02_input.wav,profile_12_12/mix_02_q1.1m.wav
12,12,33,2,1.643960;2.746062,1.2,0,0,,true,0.00510792506,-45.835110,1.72602836e-05,-95.259041,-49.423931,7.320835,0.000295834379,profile_12_12/mix_02_input.wav,profile_12_12/mix_02_q1.2m.wav
12,12,33,2,1.643960;2.746062,1.3,0,0,,true,0.00510792506,-45.835110,3.36350367e-05,-89.464162,-43.629052,5.794879,0.000500523251,profile_12_12/mix_02_input.wav,profile_12_12/mix_02_q1.3m.wav
12,12,33,2,1.643960;2.746062,1.4,0,0,,true,0.00510792506,-45.835110,4.42283652e-05,-87.085982,-41.250872,2.378180,0.000399013039,profile_12_12/mix_02_input.wav,profile_12_12/mix_02_q1.4m.wav
12,12,33,2,1.643960;2.746062,1.5,0,0,,true,0.00510792506,-45.835110,4.92940648e-05,-86.144107,-40.308998,0.941875,0.000277011765,profile_12_12/mix_02_input.wav,profile_12_12/mix_02_q1.5m.wav
12,12,33,2,1.643960;2.746062,1.6,0,0,,true,0.00510792506,-45.835110,4.84734264e-05,-86.289925,-40.454816,-0.145818,0.000233170847,profile_12_12/mix_02_input.wav,profile_12_12/mix_02_q1.6m.wav
12,12,33,2,1.643960;2.746062,1.7,1,1,1.643960,false,0.00510792506,-45.835110,4.9414936e-05,-86.122835,-40.287725,0.167090,0.000286976847,profile_12_12/mix_02_input.wav,profile_12_12/mix_02_q1.7m.wav
12,12,33,2,1.643960;2.746062,1.8,1,0,,true,0.00510792506,-45.835110,5.60997375e-05,-85.020783,-39.185674,1.102052,0.000573203012,profile_12_12/mix_02_input.wav,profile_12_12/mix_02_q1.8m.wav
12,12,33,2,1.643960;2.746062,1.9,1,0,,true,0.00510792506,-45.835110,6.67243372e-05,-83.514315,-37.679205,1.506469,0.000961319893,profile_12_12/mix_02_input.wav,profile_12_12/mix_02_q1.9m.wav
12,12,33,2,1.643960;2.746062,2.0,1,0,,true,0.00510792506,-45.835110,8.91757026e-05,-80.995069,-35.159959,2.519245,0.00159013822,profile_12_12/mix_02_input.wav,profile_12_12/mix_02_q2m.wav
12,12,33,2,1.643960;2.746062,2.1,1,0,,true,0.00510792506,-45.835110,0.00012714064,-77.914312,-32.079202,3.080757,0.00296723931,profile_12_12/mix_02_input.wav,profile_12_12/mix_02_q2.1m.wav
12,12,33,2,1.643960;2.746062,2.2,1,0,,true,0.00510792506,-45.835110,0.000212347189,-73.459070,-27.623960,4.455242,0.00706467233,profile_12_12/mix_02_input.wav,profile_12_12/mix_02_q2.2m.wav
12,12,33,2,1.643960;2.746062,2.3,1,0,,true,0.00510792506,-45.835110,0.000446025495,-67.012806,-21.177697,6.446263,0.0237348049,profile_12_12/mix_02_input.wav,profile_12_12/mix_02_q2.3m.wav
12,12,33,2,1.643960;2.746062,2.4,1,0,,true,0.00510792506,-45.835110,0.000618095066,-64.178894,-18.343785,2.833912,0.0227475279,profile_12_12/mix_02_input.wav,profile_12_12/mix_02_q2.4m.wav
12,12,33,2,1.643960;2.746062,2.5,1,0,,true,0.00510792506,-45.835110,0.000787601998,-62.073864,-16.238754,2.105031,0.0217006749,profile_12_12/mix_02_input.wav,profile_12_12/mix_02_q2.5m.wav
12,12,33,2,1.643960;2.746062,2.6,1,0,,true,0.00510792506,-45.835110,0.00100015308,-59.998670,-14.163561,2.075193,0.0320989783,profile_12_12/mix_02_input.wav,profile_12_12/mix_02_q2.6m.wav
12,12,33,2,1.643960;2.746062,2.7,1,0,,true,0.00510792506,-45.835110,0.00188765094,-54.481566,-8.646457,5.517104,0.145034899,profile_12_12/mix_02_input.wav,profile_12_12/mix_02_q2.7m.wav
12,12,33,2,1.643960;2.746062,2.8,2,1,2.746062,false,0.00510792506,-45.835110,0.00307181162,-50.252108,-4.416999,4.229458,0.189507788,profile_12_12/mix_02_input.wav,profile_12_12/mix_02_q2.8m.wav
12,12,33,2,1.643960;2.746062,2.9,2,0,,true,0.00510792506,-45.835110,0.00333249492,-49.544610,-3.709500,0.707498,0.0558356735,profile_12_12/mix_02_input.wav,profile_12_12/mix_02_q2.9m.wav
12,12,33,2,1.643960;2.746062,3.0,2,0,,true,0.00510792506,-45.835110,0.00368426551,-48.672982,-2.837872,0.871628,0.0628805048,profile_12_12/mix_02_input.wav,profile_12_12/mix_02_q3m.wav
12,12,33,2,1.643960;2.746062,3.1,2,0,,true,0.00510792506,-45.835110,0.00368874685,-48.662423,-2.827313,0.010559,0.00601956214,profile_12_12/mix_02_input.wav,profile_12_12/mix_02_q3.1m.wav
12,12,33,2,1.643960;2.746062,3.2,2,0,,true,0.00510792506,-45.835110,0.00381903282,-48.360932,-2.525823,0.301491,0.0213479895,profile_12_12/mix_02_input.wav,profile_12_12/mix_02_q3.2m.wav
12,12,33,2,1.643960;2.746062,3.3,2,0,,true,0.00510792506,-45.835110,0.00399130265,-47.977707,-2.142597,0.383225,0.0274911415,profile_12_12/mix_02_input.wav,profile_12_12/mix_02_q3.3m.wav
12,12,33,2,1.643960;2.746062,3.4,2,0,,true,0.00510792506,-45.835110,0.00428480246,-47.361384,-1.526274,0.616323,0.0447211664,profile_12_12/mix_02_input.wav,profile_12_12/mix_02_q3.4m.wav
12,12,33,2,1.643960;2.746062,3.5,2,0,,true,0.00510792506,-45.835110,0.00457034789,-46.801015,-0.965905,0.560369,0.0418065357,profile_12_12/mix_02_input.wav,profile_12_12/mix_02_q3.5m.wav
12,12,33,2,1.643960;2.746062,3.6,2,0,,true,0.00510792506,-45.835110,0.00479142036,-46.390715,-0.555605,0.410300,0.0306657874,profile_12_12/mix_02_input.wav,profile_12_12/mix_02_q3.6m.wav
12,12,33,2,1.643960;2.746062,3.7,2,0,,true,0.00510792506,-45.835110,0.00485149584,-46.282487,-0.447377,0.108228,0.00913380808,profile_12_12/mix_02_input.wav,profile_12_12/mix_02_q3.7m.wav
12,12,33,2,1.643960;2.746062,3.8,2,0,,true,0.00510792506,-45.835110,0.00489709805,-46.201224,-0.366114,0.081263,0.00697267385,profile_12_12/mix_02_input.wav,profile_12_12/mix_02_q3.8m.wav
12,12,33,2,1.643960;2.746062,3.9,2,0,,true,0.00510792506,-45.835110,0.00493887185,-46.127445,-0.292335,0.073779,0.00638299784,profile_12_12/mix_02_input.wav,profile_12_12/mix_02_q3.9m.wav
12,12,33,2,1.643960;2.746062,4.0,2,0,,true,0.00510792506,-45.835110,0.00497653105,-46.061466,-0.226356,0.065979,0.00563993869,profile_12_12/mix_02_input.wav,profile_12_12/mix_02_q4m.wav
13,13,34,2,1.374822;3.287958,0.0,0,,,,0.0117360948,-38.609528,1.89054151e-06,-114.468271,-75.858743,,,profile_13_13/mix_02_input.wav,profile_13_13/mix_02_q0m.wav
13,13,34,2,1.374822;3.287958,0.1,0,0,,true,0.0117360948,-38.609528,1.36568047e-06,-117.293012,-78.683484,-2.824741,0.000118214544,profile_13_13/mix_02_input.wav,profile_13_13/mix_02_q0.1m.wav
13,13,34,2,1.374822;3.287958,0.2,0,0,,true,0.0117360948,-38.609528,1.62969626e-06,-115.757861,-77.148333,1.535150,0.000108305057,profile_13_13/mix_02_input.wav,profile_13_13/mix_02_q0.2m.wav
13,13,34,2,1.374822;3.287958,0.3,0,0,,true,0.0117360948,-38.609528,1.86690236e-06,-114.577563,-75.968035,1.180298,0.000122420884,profile_13_13/mix_02_input.wav,profile_13_13/mix_02_q0.3m.wav
13,13,34,2,1.374822;3.287958,0.4,0,0,,true,0.0117360948,-38.609528,2.13519854e-06,-113.411231,-74.801703,1.166333,0.000123995777,profile_13_13/mix_02_input.wav,profile_13_13/mix_02_q0.4m.wav
13,13,34,2,1.374822;3.287958,0.5,0,0,,true,0.0117360948,-38.609528,2.39083991e-06,-112.428986,-73.819459,0.982244,9.68871487e-05,profile_13_13/mix_02_input.wav,profile_13_13/mix_02_q0.5m.wav
13,13,34,2,1.374822;3.287958,0.6,0,0,,true,0.0117360948,-38.609528,2.55778097e-06,-111.842730,-73.233202,0.586257,8.52834451e-05,profile_13_13/mix_02_input.wav,profile_13_13/mix_02_q0.6m.wav
13,13,34,2,1.374822;3.287958,0.7,0,0,,true,0.0117360948,-38.609528,2.69981111e-06,-111.373329,-72.763801,0.469400,8.21396361e-05,profile_13_13/mix_02_input.wav,profile_13_13/mix_02_q0.7m.wav
13,13,34,2,1.374822;3.287958,0.8,0,0,,true,0.0117360948,-38.609528,2.83604086e-06,-110.945747,-72.336219,0.427582,8.16829744e-05,profile_13_13/mix_02_input.wav,profile_13_13/mix_02_q0.8m.wav
13,13,34,2,1.374822;3.287958,0.9,0,0,,true,0.0117360948,-38.609528,2.95999744e-06,-110.574170,-71.964643,0.371577,8.11232001e-05,profile_13_13/mix_02_input.wav,profile_13_13/mix_02_q0.9m.wav
13,13,34,2,1.374822;3.287958,1.0,0,0,,true,0.0117360948,-38.609528,3.06371252e-06,-110.275037,-71.665509,0.299133,8.1016915e-05,profile_13_13/mix_02_input.wav,profile_13_13/mix_02_q1m.wav
13,13,34,2,1.374822;3.287958,1.1,0,0,,true,0.0117360948,-38.609528,3.32548847e-06,-109.562888,-70.953361,0.712148,8.99944264e-05,profile_13_13/mix_02_input.wav,profile_13_13/mix_02_q1.1m.wav
13,13,34,2,1.374822;3.287958,1.2,0,0,,true,0.0117360948,-38.609528,4.15943617e-06,-107.619309,-69.009781,1.943580,0.000119712009,profile_13_13/mix_02_input.wav,profile_13_13/mix_02_q1.2m.wav
13,13,34,2,1.374822;3.287958,1.3,0,0,,true,0.0117360948,-38.609528,1.21084338e-05,-98.338240,-59.728712,9.281069,0.000279446537,profile_13_13/mix_02_input.wav,profile_13_13/mix_02_q1.3m.wav
13,13,34,2,1.374822;3.287958,1.4,1,1,1.374822,false,0.0117360948,-38.609528,0.000242609891,-72.301830,-33.692302,26.036410,0.00522558637,profile_13_13/mix_02_input.wav,profile_13_13/mix_02_q1.4m.wav
13,13,34,2,1.374822;3.287958,1.5,1,0,,true,0.0117360948,-38.609528,0.00599792191,-44.439984,-5.830456,27.861846,0.38500803,profile_13_13/mix_02_input.wav,profile_13_13/mix_02_q1.5m.wav
13,13,34,2,1.374822;3.287958,1.6,1,0,,true,0.0117360948,-38.609528,0.00676915663,-43.389309,-4.779781,1.050675,0.0775801961,profile_13_13/mix_02_input.wav,profile_13_13/mix_02_q1.6m.wav
13,13,34,2,1.374822;3.287958,1.7,1,0,,true,0.0117360948,-38.609528,0.00685281695,-43.282617,-4.673090,0.106691,0.00844127326,profile_13_13/mix_02_input.wav,profile_13_13/mix_02_q1.7m.wav
13,13,34,2,1.374822;3.287958,1.8,1,0,,true,0.0117360948,-38.609528,0.00695008419,-43.160199,-4.550671,0.122419,0.00904710467,profile_13_13/mix_02_input.wav,profile_13_13/mix_02_q1.8m.wav
13,13,34,2,1.374822;3.287958,1.9,1,0,,true,0.0117360948,-38.609528,0.00705943466,-43.024602,-4.415074,0.135597,0.0100567454,profile_13_13/mix_02_input.wav,profile_13_13/mix_02_q1.9m.wav
13,13,34,2,1.374822;3.287958,2.0,1,0,,true,0.0117360948,-38.609528,0.00716187076,-42.899470,-4.289943,0.125131,0.00877043142,profile_13_13/mix_02_input.wav,profile_13_13/mix_02_q2m.wav
13,13,34,2,1.374822;3.287958,2.1,1,0,,true,0.0117360948,-38.609528,0.00724153448,-42.803388,-4.193860,0.096082,0.0071639302,profile_13_13/mix_02_input.wav,profile_13_13/mix_02_q2.1m.wav
13,13,34,2,1.374822;3.287958,2.2,1,0,,true,0.0117360948,-38.609528,0.00729826129,-42.735612,-4.126084,0.067776,0.00505875898,profile_13_13/mix_02_input.wav,profile_13_13/mix_02_q2.2m.wav
13,13,34,2,1.374822;3.287958,2.3,1,0,,true,0.0117360948,-38.609528,0.00735490002,-42.668465,-4.058937,0.067147,0.00483395907,profile_13_13/mix_02_input.wav,profile_13_13/mix_02_q2.3m.wav
13,13,34,2,1.374822;3.287958,2.4,1,0,,true,0.0117360948,-38.609528,0.00740316175,-42.611655,-4.002127,0.056809,0.00451625784,profile_13_13/mix_02_input.wav,profile_13_13/mix_02_q2.4m.wav
13,13,34,2,1.374822;3.287958,2.5,1,0,,true,0.0117360948,-38.609528,0.00744148044,-42.566813,-3.957285,0.044842,0.00456152638,profile_13_13/mix_02_input.wav,profile_13_13/mix_02_q2.5m.wav
13,13,34,2,1.374822;3.287958,2.6,1,0,,true,0.0117360948,-38.609528,0.00744242447,-42.565711,-3.956183,0.001102,0.00347159847,profile_13_13/mix_02_input.wav,profile_13_13/mix_02_q2.6m.wav
13,13,34,2,1.374822;3.287958,2.7,1,0,,true,0.0117360948,-38.609528,0.00745899831,-42.546390,-3.936862,0.019321,0.00293162709,profile_13_13/mix_02_input.wav,profile_13_13/mix_02_q2.7m.wav
13,13,34,2,1.374822;3.287958,2.8,1,0,,true,0.0117360948,-38.609528,0.00748710976,-42.513716,-3.904188,0.032674,0.00360728691,profile_13_13/mix_02_input.wav,profile_13_13/mix_02_q2.8m.wav
13,13,34,2,1.374822;3.287958,2.9,1,0,,true,0.0117360948,-38.609528,0.00751538514,-42.480975,-3.871447,0.032741,0.00376819798,profile_13_13/mix_02_input.wav,profile_13_13/mix_02_q2.9m.wav
13,13,34,2,1.374822;3.287958,3.0,1,0,,true,0.0117360948,-38.609528,0.00754654651,-42.445035,-3.835507,0.035940,0.00445540619,profile_13_13/mix_02_input.wav,profile_13_13/mix_02_q3m.wav
13,13,34,2,1.374822;3.287958,3.1,1,0,,true,0.0117360948,-38.609528,0.007611884,-42.370157,-3.760629,0.074878,0.00955922168,profile_13_13/mix_02_input.wav,profile_13_13/mix_02_q3.1m.wav
13,13,34,2,1.374822;3.287958,3.2,1,0,,true,0.0117360948,-38.609528,0.0077011022,-42.268942,-3.659414,0.101215,0.0122700954,profile_13_13/mix_02_input.wav,profile_13_13/mix_02_q3.2m.wav
13,13,34,2,1.374822;3.287958,3.3,2,1,3.287958,false,0.0117360948,-38.609528,0.00782411408,-42.131297,-3.521769,0.137646,0.0158164537,profile_13_13/mix_02_input.wav,profile_13_13/mix_02_q3.3m.wav
13,13,34,2,1.374822;3.287958,3.4,2,0,,true,0.0117360948,-38.609528,0.00802155263,-41.914831,-3.305303,0.216465,0.0260254288,profile_13_13/mix_02_input.wav,profile_13_13/mix_02_q3.4m.wav
13,13,34,2,1.374822;3.287958,3.5,2,0,,true,0.0117360948,-38.609528,0.008381059,-41.534022,-2.924494,0.380809,0.0450804275,profile_13_13/mix_02_input.wav,profile_13_13/mix_02_q3.5m.wav
13,13,34,2,1.374822;3.287958,3.6,2,0,,true,0.0117360948,-38.609528,0.0091832394,-40.740082,-2.130554,0.793940,0.088998586,profile_13_13/mix_02_input.wav,profile_13_13/mix_02_q3.6m.wav
13,13,34,2,1.374822;3.287958,3.7,2,0,,true,0.0117360948,-38.609528,0.0101697006,-39.853837,-1.244309,0.886245,0.0909880856,profile_13_13/mix_02_input.wav,profile_13_13/mix_02_q3.7m.wav
13,13,34,2,1.374822;3.287958,3.8,2,0,,true,0.0117360948,-38.609528,0.0106234094,-39.474722,-0.865194,0.379115,0.0350984226,profile_13_13/mix_02_input.wav,profile_13_13/mix_02_q3.8m.wav
13,13,34,2,1.374822;3.287958,3.9,2,0,,true,0.0117360948,-38.609528,0.0108314624,-39.306258,-0.696730,0.168464,0.0158117569,profile_13_13/mix_02_input.wav,profile_13_13/mix_02_q3.9m.wav
13,13,34,2,1.374822;3.287958,4.0,2,0,,true,0.0117360948,-38.609528,0.0108921825,-39.257702,-0.648174,0.048556,0.00570951733,profile_13_13/mix_02_input.wav,profile_13_13/mix_02_q4m.wav
14,14,35,2,1.830363;4.675757,0.0,0,,,,0.00394362413,-48.082090,8.35431913e-07,-121.561768,-73.479679,,,profile_14_14/mix_02_input.wav,profile_14_14/mix_02_q0m.wav
14,14,35,2,1.830363;4.675757,0.1,0,0,,true,0.00394362413,-48.082090,6.03633072e-07,-124.384525,-76.302435,-2.822757,0.000119240092,profile_14_14/mix_02_input.wav,profile_14_14/mix_02_q0.1m.wav
14,14,35,2,1.830363;4.675757,0.2,0,0,,true,0.00394362413,-48.082090,7.51261247e-07,-122.484169,-74.402079,1.900356,0.000110529889,profile_14_14/mix_02_input.wav,profile_14_14/mix_02_q0.2m.wav
14,14,35,2,1.830363;4.675757,0.3,0,0,,true,0.00394362413,-48.082090,8.01239499e-07,-121.924742,-73.842652,0.559427,0.000123577418,profile_14_14/mix_02_input.wav,profile_14_14/mix_02_q0.3m.wav
14,14,35,2,1.830363;4.675757,0.4,0,0,,true,0.00394362413,-48.082090,9.30780573e-07,-120.623044,-72.540955,1.301698,0.00012129362,profile_14_14/mix_02_input.wav,profile_14_14/mix_02_q0.4m.wav
14,14,35,2,1.830363;4.675757,0.5,0,0,,true,0.00394362413,-48.082090,1.03651257e-06,-119.688500,-71.606410,0.934544,9.38321441e-05,profile_14_14/mix_02_input.wav,profile_14_14/mix_02_q0.5m.wav
14,14,35,2,1.830363;4.675757,0.6,0,0,,true,0.00394362413,-48.082090,1.11177681e-06,-119.079640,-70.997550,0.608860,8.35052088e-05,profile_14_14/mix_02_input.wav,profile_14_14/mix_02_q0.6m.wav
14,14,35,2,1.830363;4.675757,0.7,0,0,,true,0.00394362413,-48.082090,1.15856018e-06,-118.721621,-70.639531,0.358019,7.93279221e-05,profile_14_14/mix_02_input.wav,profile_14_14/mix_02_q0.7m.wav
14,14,35,2,1.830363;4.675757,0.8,0,0,,true,0.00394362413,-48.082090,1.20077217e-06,-118.410780,-70.328691,0.310840,7.85248819e-05,profile_14_14/mix_02_input.wav,profile_14_14/mix_02_q0.8m.wav
14,14,35,2,1.830363;4.675757,0.9,0,0,,true,0.00394362413,-48.082090,1.24473831e-06,-118.098432,-70.016342,0.312349,7.74796503e-05,profile_14_14/mix_02_input.wav,profile_14_14/mix_02_q0.9m.wav
14,14,35,2,1.830363;4.675757,1.0,0,0,,true,0.00394362413,-48.082090,1.30593102e-06,-117.681589,-69.599499,0.416843,8.06231646e-05,profile_14_14/mix_02_input.wav,profile_14_14/mix_02_q1m.wav
14,14,35,2,1.830363;4.675757,1.1,0,0,,true,0.00394362413,-48.082090,1.35000451e-06,-117.393289,-69.311199,0.288299,7.99456487e-05,profile_14_14/mix_02_input.wav,profile_14_14/mix_02_q1.1m.wav
14,14,35,2,1.830363;4.675757,1.2,0,0,,true,0.00394362413,-48.082090,1.40145678e-06,-117.068400,-68.986310,0.324890,8.37617132e-05,profile_14_14/mix_02_input.wav,profile_14_14/mix_02_q1.2m.wav
14,14,35,2,1.830363;4.675757,1.3,0,0,,true,0.00394362413,-48.082090,1.49700911e-06,-116.495505,-68.413416,0.572894,8.92762664e-05,profile_14_14/mix_02_input.wav,profile_14_14/mix_02_q1.3m.wav
14,14,35,2,1.830363;4.675757,1.4,0,0,,true,0.00394362413,-48.082090,2.19874809e-06,-113.156487,-65.074397,3.339019,0.000138411461,profile_14_14/mix_02_input.wav,profile_14_14/mix_02_q1.4m.wav
14,14,35,2,1.830363;4.675757,1.5,0,0,,true,0.00394362413,-48.082090,3.45025431e-05,-89.242978,-41.160888,23.913509,0.00113571288,profile_14_14/mix_02_input.wav,profile_14_14/mix_02_q1.5m.wav
14,14,35,2,1.830363;4.675757,1.6,0,0,,true,0.00394362413,-48.082090,0.0030976587,-50.179329,-2.097239,39.063649,0.507026582,profile_14_14/mix_02_input.wav,profile_14_14/mix_02_q1.6m.wav
14,14,35,2,1.830363;4.675757,1.7,0,0,,true,0.00394362413,-48.082090,0.0032252625,-49.828699,-1.746609,0.350630,0.0397853284,profile_14_14/mix_02_input.wav,profile_14_14/mix_02_q1.7m.wav
14,14,35,2,1.830363;4.675757,1.8,0,0,,true,0.00394362413,-48.082090,0.00322805181,-49.821190,-1.739100,0.007509,0.0038733904,profile_14_14/mix_02_input.wav,profile_14_14/mix_02_q1.8m.wav
14,14,35,2,1.830363;4.675757,1.9,1,1,1.830363,false,0.00394362413,-48.082090,0.00322870269,-49.819439,-1.737349,0.001751,0.00155540603,profile_14_14/mix_02_input.wav,profile_14_14/mix_02_q1.9m.wav
14,14,35,2,1.830363;4.675757,2.0,1,0,,true,0.00394362413,-48.082090,0.00322908642,-49.818407,-1.736317,0.001032,0.00108293179,profile_14_14/mix_02_input.wav,profile_14_14/mix_02_q2m.wav
14,14,35,2,1.830363;4.675757,2.1,1,0,,true,0.00394362413,-48.082090,0.00322931591,-49.817789,-1.735700,0.000617,0.00101867381,profile_14_14/mix_02_input.wav,profile_14_14/mix_02_q2.1m.wav
14,14,35,2,1.830363;4.675757,2.2,1,0,,true,0.00394362413,-48.082090,0.00322916541,-49.818194,-1.736104,-0.000405,0.00107195408,profile_14_14/mix_02_input.wav,profile_14_14/mix_02_q2.2m.wav
14,14,35,2,1.830363;4.675757,2.3,1,0,,true,0.00394362413,-48.082090,0.00322945201,-49.817423,-1.735334,0.000771,0.00142419488,profile_14_14/mix_02_input.wav,profile_14_14/mix_02_q2.3m.wav
14,14,35,2,1.830363;4.675757,2.4,1,0,,true,0.00394362413,-48.082090,0.00322944617,-49.817439,-1.735349,-0.000016,0.00100309815,profile_14_14/mix_02_input.wav,profile_14_14/mix_02_q2.4m.wav
14,14,35,2,1.830363;4.675757,2.5,1,0,,true,0.00394362413,-48.082090,0.00322934182,-49.817720,-1.735630,-0.000281,0.000816622788,profile_14_14/mix_02_input.wav,profile_14_14/mix_02_q2.5m.wav
14,14,35,2,1.830363;4.675757,2.6,1,0,,true,0.00394362413,-48.082090,0.0032291541,-49.818225,-1.736135,-0.000505,0.000798770236,profile_14_14/mix_02_input.wav,profile_14_14/mix_02_q2.6m.wav
14,14,35,2,1.830363;4.675757,2.7,1,0,,true,0.00394362413,-48.082090,0.00322906008,-49.818477,-1.736388,-0.000253,0.000747044312,profile_14_14/mix_02_input.wav,profile_14_14/mix_02_q2.7m.wav
14,14,35,2,1.830363;4.675757,2.8,1,0,,true,0.00394362413,-48.082090,0.00322911624,-49.818326,-1.736237,0.000151,0.000774572293,profile_14_14/mix_02_input.wav,profile_14_14/mix_02_q2.8m.wav
14,14,35,2,1.830363;4.675757,2.9,1,0,,true,0.00394362413,-48.082090,0.00322936777,-49.817650,-1.735560,0.000677,0.000889377823,profile_14_14/mix_02_input.wav,profile_14_14/mix_02_q2.9m.wav
14,14,35,2,1.830363;4.675757,3.0,1,0,,true,0.00394362413,-48.082090,0.00322958005,-49.817079,-1.734989,0.000571,0.000975238187,profile_14_14/mix_02_input.wav,profile_14_14/mix_02_q3m.wav
14,14,35,2,1.830363;4.675757,3.1,1,0,,true,0.00394362413,-48.082090,0.00322955946,-49.817134,-1.735045,-0.000055,0.000896076357,profile_14_14/mix_02_input.wav,profile_14_14/mix_02_q3.1m.wav
14,14,35,2,1.830363;4.675757,3.2,1,0,,true,0.00394362413,-48.082090,0.00322942415,-49.817498,-1.735409,-0.000364,0.00096886293,profile_14_14/mix_02_input.wav,profile_14_14/mix_02_q3.2m.wav
14,14,35,2,1.830363;4.675757,3.3,1,0,,true,0.00394362413,-48.082090,0.00322956782,-49.817112,-1.735022,0.000386,0.00115056103,profile_14_14/mix_02_input.wav,profile_14_14/mix_02_q3.3m.wav
14,14,35,2,1.830363;4.675757,3.4,1,0,,true,0.00394362413,-48.082090,0.00323006525,-49.815774,-1.733684,0.001338,0.00134995065,profile_14_14/mix_02_input.wav,profile_14_14/mix_02_q3.4m.wav
14,14,35,2,1.830363;4.675757,3.5,1,0,,true,0.00394362413,-48.082090,0.00323068328,-49.814112,-1.732023,0.001662,0.00163966719,profile_14_14/mix_02_input.wav,profile_14_14/mix_02_q3.5m.wav
14,14,35,2,1.830363;4.675757,3.6,1,0,,true,0.00394362413,-48.082090,0.00323165077,-49.811512,-1.729422,0.002601,0.00213366408,profile_14_14/mix_02_input.wav,profile_14_14/mix_02_q3.6m.wav
14,14,35,2,1.830363;4.675757,3.7,1,0,,true,0.00394362413,-48.082090,0.00323305315,-49.807743,-1.725653,0.003768,0.00251712503,profile_14_14/mix_02_input.wav,profile_14_14/mix_02_q3.7m.wav
14,14,35,2,1.830363;4.675757,3.8,1,0,,true,0.00394362413,-48.082090,0.0032350627,-49.802346,-1.720256,0.005397,0.00314736436,profile_14_14/mix_02_input.wav,profile_14_14/mix_02_q3.8m.wav
14,14,35,2,1.830363;4.675757,3.9,1,0,,true,0.00394362413,-48.082090,0.00323915143,-49.791375,-1.709285,0.010971,0.00450091113,profile_14_14/mix_02_input.wav,profile_14_14/mix_02_q3.9m.wav
14,14,35,2,1.830363;4.675757,4.0,1,0,,true,0.00394362413,-48.082090,0.0032453753,-49.774701,-1.692612,0.016673,0.00613375911,profile_14_14/mix_02_input.wav,profile_14_14/mix_02_q4m.wav
15,22,36,2,2.000866;2.275605,0.0,0,,,,0.0102291287,-39.803227,1.27445747e-06,-117.893486,-78.090259,,,profile_15_22/mix_02_input.wav,profile_15_22/mix_02_q0m.wav
15,22,36,2,2.000866;2.275605,0.1,0,0,,true,0.0102291287,-39.803227,9.19578371e-07,-120.728216,-80.924988,-2.834729,9.75921254e-05,profile_15_22/mix_02_input.wav,profile_15_22/mix_02_q0.1m.wav
15,22,36,2,2.000866;2.275605,0.2,0,0,,true,0.0102291287,-39.803227,1.04453562e-06,-119.621527,-79.818299,1.106689,9.10150096e-05,profile_15_22/mix_02_input.wav,profile_15_22/mix_02_q0.2m.wav
15,22,36,2,2.000866;2.275605,0.3,0,0,,true,0.0102291287,-39.803227,1.26107259e-06,-117.985191,-78.181964,1.636335,0.000102300406,profile_15_22/mix_02_input.wav,profile_15_22/mix_02_q0.3m.wav
15,22,36,2,2.000866;2.275605,0.4,0,0,,true,0.0102291287,-39.803227,1.62809853e-06,-115.766381,-75.963154,2.218810,0.000105444265,profile_15_22/mix_02_input.wav,profile_15_22/mix_02_q0.4m.wav
15,22,36,2,2.000866;2.275605,0.5,0,0,,true,0.0102291287,-39.803227,2.11868828e-06,-113.478655,-73.675427,2.287726,8.52302239e-05,profile_15_22/mix_02_input.wav,profile_15_22/mix_02_q0.5m.wav
15,22,36,2,2.000866;2.275605,0.6,0,0,,true,0.0102291287,-39.803227,2.2811795e-06,-112.836807,-73.033580,0.641848,7.24941353e-05,profile_15_22/mix_02_input.wav,profile_15_22/mix_02_q0.6m.wav
15,22,36,2,2.000866;2.275605,0.7,0,0,,true,0.0102291287,-39.803227,2.32983208e-06,-112.653504,-72.850277,0.183303,6.8278445e-05,profile_15_22/mix_02_input.wav,profile_15_22/mix_02_q0.7m.wav
15,22,36,2,2.000866;2.275605,0.8,0,0,,true,0.0102291287,-39.803227,2.40608366e-06,-112.373782,-72.570555,0.279722,6.79240575e-05,profile_15_22/mix_02_input.wav,profile_15_22/mix_02_q0.8m.wav
15,22,36,2,2.000866;2.275605,0.9,0,0,,true,0.0102291287,-39.803227,2.49883373e-06,-112.045249,-72.242022,0.328533,6.77739403e-05,profile_15_22/mix_02_input.wav,profile_15_22/mix_02_q0.9m.wav
15,22,36,2,2.000866;2.275605,1.0,0,0,,true,0.0102291287,-39.803227,2.58673689e-06,-111.744951,-71.941724,0.300298,6.70672881e-05,profile_15_22/mix_02_input.wav,profile_15_22/mix_02_q1m.wav
15,22,36,2,2.000866;2.275605,1.1,0,0,,true,0.0102291287,-39.803227,2.66311106e-06,-111.492211,-71.688984,0.252740,6.71187016e-05,profile_15_22/mix_02_input.wav,profile_15_22/mix_02_q1.1m.wav
15,22,36,2,2.000866;2.275605,1.2,0,0,,true,0.0102291287,-39.803227,2.74188135e-06,-111.239024,-71.435797,0.253188,6.75486923e-05,profile_15_22/mix_02_input.wav,profile_15_22/mix_02_q1.2m.wav
15,22,36,2,2.000866;2.275605,1.3,0,0,,true,0.0102291287,-39.803227,2.82406538e-06,-110.982502,-71.179275,0.256522,6.70005928e-05,profile_15_22/mix_02_input.wav,profile_15_22/mix_02_q1.3m.wav
15,22,36,2,2.000866;2.275605,1.4,0,0,,true,0.0102291287,-39.803227,2.88479118e-06,-110.797709,-70.994482,0.184793,6.6733456e-05,profile_15_22/mix_02_input.wav,profile_15_22/mix_02_q1.4m.wav
15,22,36,2,2.000866;2.275605,1.5,0,0,,true,0.0102291287,-39.803227,2.95783101e-06,-110.580530,-70.777303,0.217179,6.70153967e-05,profile_15_22/mix_02_input.wav,profile_15_22/mix_02_q1.5m.wav
15,22,36,2,2.000866;2.275605,1.6,0,0,,true,0.0102291287,-39.803227,3.02616272e-06,-110.382152,-70.578924,0.198378,6.7011918e-05,profile_15_22/mix_02_input.wav,profile_15_22/mix_02_q1.6m.wav
15,22,36,2,2.000866;2.275605,1.7,0,0,,true,0.0102291287,-39.803227,3.12262774e-06,-110.109593,-70.306366,0.272559,6.77432712e-05,profile_15_22/mix_02_input.wav,profile_15_22/mix_02_q1.7m.wav
15,22,36,2,2.000866;2.275605,1.8,0,0,,true,0.0102291287,-39.803227,3.39123719e-06,-109.392834,-69.589607,0.716759,7.80299389e-05,profile_15_22/mix_02_input.wav,profile_15_22/mix_02_q1.8m.wav
15,22,36,2,2.000866;2.275605,1.9,0,0,,true,0.0102291287,-39.803227,4.9717067e-06,-106.069888,-66.266661,3.322946,0.000105232487,profile_15_22/mix_02_input.wav,profile_15_22/mix_02_q1.9m.wav
15,22,36,2,2.000866;2.275605,2.0,0,0,,true,0.0102291287,-39.803227,7.27025189e-05,-82.769011,-42.965784,23.300878,0.00095883968,profile_15_22/mix_02_input.wav,profile_15_22/mix_02_q2m.wav
15,22,36,2,2.000866;2.275605,2.1,1,1,2.000866,false,0.0102291287,-39.803227,0.00221799981,-53.080770,-13.277543,29.688241,0.11763507,profile_15_22/mix_02_input.wav,profile_15_22/mix_02_q2.1m.wav
15,22,36,2,2.000866;2.275605,2.2,1,0,,true,0.0102291287,-39.803227,0.00789862485,-42.048970,-2.245743,11.031800,0.44036832,profile_15_22/mix_02_input.wav,profile_15_22/mix_02_q2.2m.wav
15,22,36,2,2.000866;2.275605,2.3,2,1,2.275605,false,0.0102291287,-39.803227,0.00850124369,-41.410351,-1.607124,0.638620,0.0576487984,profile_15_22/mix_02_input.wav,profile_15_22/mix_02_q2.3m.wav
15,22,36,2,2.000866;2.275605,2.4,2,0,,true,0.0102291287,-39.803227,0.00867533033,-41.234280,-1.431052,0.176071,0.0130375624,profile_15_22/mix_02_input.wav,profile_15_22/mix_02_q2.4m.wav
15,22,36,2,2.000866;2.275605,2.5,2,0,,true,0.0102291287,-39.803227,0.00878726723,-41.122923,-1.319696,0.111356,0.00826249167,profile_15_22/mix_02_input.wav,profile_15_22/mix_02_q2.5m.wav
15,22,36,2,2.000866;2.275605,2.6,2,0,,true,0.0102291287,-39.803227,0.00883058861,-41.080207,-1.276980,0.042716,0.00476881271,profile_15_22/mix_02_input.wav,profile_15_22/mix_02_q2.6m.wav
15,22,36,2,2.000866;2.275605,2.7,2,0,,true,0.0102291287,-39.803227,0.00889551731,-41.016576,-1.213349,0.063631,0.00511825096,profile_15_22/mix_02_input.wav,profile_15_22/mix_02_q2.7m.wav
15,22,36,2,2.000866;2.275605,2.8,2,0,,true,0.0102291287,-39.803227,0.00892346967,-40.989325,-1.186098,0.027251,0.00354154504,profile_15_22/mix_02_input.wav,profile_15_22/mix_02_q2.8m.wav
15,22,36,2,2.000866;2.275605,2.9,2,0,,true,0.0102291287,-39.803227,0.00894914205,-40.964372,-1.161145,0.024953,0.00506021332,profile_15_22/mix_02_input.wav,profile_15_22/mix_02_q2.9m.wav
15,22,36,2,2.000866;2.275605,3.0,2,0,,true,0.0102291287,-39.803227,0.00897787321,-40.936531,-1.133304,0.027841,0.00301469772,profile_15_22/mix_02_input.wav,profile_15_22/mix_02_q3m.wav
15,22,36,2,2.000866;2.275605,3.1,2,0,,true,0.0102291287,-39.803227,0.00901717238,-40.898593,-1.095365,0.037938,0.0039201625,profile_15_22/mix_02_input.wav,profile_15_22/mix_02_q3.1m.wav
15,22,36,2,2.000866;2.275605,3.2,2,0,,true,0.0102291287,-39.803227,0.00909473352,-40.824200,-1.020973,0.074392,0.006263655,profile_15_22/mix_02_input.wav,profile_15_22/mix_02_q3.2m.wav
15,22,36,2,2.000866;2.275605,3.3,2,0,,true,0.0102291287,-39.803227,0.00918824355,-40.735350,-0.932123,0.088850,0.00783728918,profile_15_22/mix_02_input.wav,profile_15_22/mix_02_q3.3m.wav
15,22,36,2,2.000866;2.275605,3.4,2,0,,true,0.0102291287,-39.803227,0.00925931473,-40.668423,-0.865196,0.066927,0.00752677636,profile_15_22/mix_02_input.wav,profile_15_22/mix_02_q3.4m.wav
15,22,36,2,2.000866;2.275605,3.5,2,0,,true,0.0102291287,-39.803227,0.00926554685,-40.662579,-0.859352,0.005844,0.00291051179,profile_15_22/mix_02_input.wav,profile_15_22/mix_02_q3.5m.wav
15,22,36,2,2.000866;2.275605,3.6,2,0,,true,0.0102291287,-39.803227,0.0093026702,-40.627848,-0.824620,0.034731,0.00445391118,profile_15_22/mix_02_input.wav,profile_15_22/mix_02_q3.6m.wav
15,22,36,2,2.000866;2.275605,3.7,2,0,,true,0.0102291287,-39.803227,0.00938010956,-40.555842,-0.752615,0.072006,0.00778736603,profile_15_22/mix_02_input.wav,profile_15_22/mix_02_q3.7m.wav
15,22,36,2,2.000866;2.275605,3.8,2,0,,true,0.0102291287,-39.803227,0.0094578442,-40.484157,-0.680930,0.071685,0.00853853215,profile_15_22/mix_02_input.wav,profile_15_22/mix_02_q3.8m.wav
15,22,36,2,2.000866;2.275605,3.9,2,0,,true,0.0102291287,-39.803227,0.00954099487,-40.408127,-0.604900,0.076030,0.00850912852,profile_15_22/mix_02_input.wav,profile_15_22/mix_02_q3.9m.wav
15,22,36,2,2.000866;2.275605,4.0,2,0,,true,0.0102291287,-39.803227,0.00964226144,-40.316422,-0.513195,0.091705,0.00851713418,profile_15_22/mix_02_input.wav,profile_15_22/mix_02_q4m.wav
16,23,37,2,2.526813;3.915663,0.0,0,,,,0.00501580456,-45.993188,6.9041458e-07,-123.217788,-77.224600,,,profile_16_23/mix_02_input.wav,profile_16_23/mix_02_q0m.wav
16,23,37,2,2.526813;3.915663,0.1,0,0,,true,0.00501580456,-45.993188,4.83288278e-07,-126.315857,-80.322669,-3.098068,0.000110195282,profile_16_23/mix_02_input.wav,profile_16_23/mix_02_q0.1m.wav
16,23,37,2,2.526813;3.915663,0.2,0,0,,true,0.00501580456,-45.993188,5.6880679e-07,-124.900689,-78.907501,1.415168,0.00010027573,profile_16_23/mix_02_input.wav,profile_16_23/mix_02_q0.2m.wav
16,23,37,2,2.526813;3.915663,0.3,0,0,,true,0.00501580456,-45.993188,6.86926042e-07,-123.261788,-77.268600,1.638902,0.000114088607,profile_16_23/mix_02_input.wav,profile_16_23/mix_02_q0.3m.wav
16,23,37,2,2.526813;3.915663,0.4,0,0,,true,0.00501580456,-45.993188,8.12791948e-07,-121.800401,-75.807214,1.461386,0.00011852753,profile_16_23/mix_02_input.wav,profile_16_23/mix_02_q0.4m.wav
16,23,37,2,2.526813;3.915663,0.5,0,0,,true,0.00501580456,-45.993188,8.61541454e-07,-121.294466,-75.301278,0.505935,8.95242104e-05,profile_16_23/mix_02_input.wav,profile_16_23/mix_02_q0.5m.wav
16,23,37,2,2.526813;3.915663,0.6,0,0,,true,0.00501580456,-45.993188,8.91949727e-07,-120.993183,-74.999995,0.301284,7.93772876e-05,profile_16_23/mix_02_input.wav,profile_16_23/mix_02_q0.6m.wav
16,23,37,2,2.526813;3.915663,0.7,0,0,,true,0.00501580456,-45.993188,9.20574137e-07,-120.718815,-74.725627,0.274368,7.61649824e-05,profile_16_23/mix_02_input.wav,profile_16_23/mix_02_q0.7m.wav
16,23,37,2,2.526813;3.915663,0.8,0,0,,true,0.00501580456,-45.993188,9.66611959e-07,-120.294948,-74.301760,0.423867,7.65152301e-05,profile_16_23/mix_02_input.wav,profile_16_23/mix_02_q0.8m.wav
16,23,37,2,2.526813;3.915663,0.9,0,0,,true,0.00501580456,-45.993188,1.08272348e-06,-119.309641,-73.316453,0.985307,8.24364575e-05,profile_16_23/mix_02_input.wav,profile_16_23/mix_02_q0.9m.wav
16,23,37,2,2.526813;3.915663,1.0,0,0,,true,0.00501580456,-45.993188,1.89840351e-06,-114.432225,-68.439037,4.877416,0.000109743814,profile_16_23/mix_02_input.wav,profile_16_23/mix_02_q1m.wav
16,23,37,2,2.526813;3.915663,1.1,0,0,,true,0.00501580456,-45.993188,2.33601902e-05,-92.630472,-46.637284,21.801753,0.000464516988,profile_16_23/mix_02_input.wav,profile_16_23/mix_02_q1.1m.wav
16,23,37,2,2.526813;3.915663,1.2,0,0,,true,0.00501580456,-45.993188,0.000128474961,-77.823630,-31.830442,14.806842,0.00232703354,profile_16_23/mix_02_input.wav,profile_16_23/mix_02_q1.2m.wav
16,23,37,2,2.526813;3.915663,1.3,0,0,,true,0.00501580456,-45.993188,0.000365167868,-68.750149,-22.756961,9.073481,0.00719969829,profile_16_23/mix_02_input.wav,profile_16_23/mix_02_q1.3m.wav
16,23,37,2,2.526813;3.915663,1.4,0,0,,true,0.00501580456,-45.993188,0.000671462302,-63.459567,-17.466379,5.290582,0.0195905593,profile_16_23/mix_02_input.wav,profile_16_23/mix_02_q1.4m.wav
16,23,37,2,2.526813;3.915663,1.5,0,0,,true,0.00501580456,-45.993188,0.00136671662,-57.286430,-11.293243,6.173137,0.0761979908,profile_16_23/mix_02_input.wav,profile_16_23/mix_02_q1.5m.wav
16,23,37,2,2.526813;3.915663,1.6,0,0,,true,0.00501580456,-45.993188,0.00221452353,-53.094394,-7.101206,4.192036,0.145716891,profile_16_23/mix_02_input.wav,profile_16_23/mix_02_q1.6m.wav
16,23,37,2,2.526813;3.915663,1.7,0,0,,true,0.00501580456,-45.993188,0.00254521786,-51.885501,-5.892313,1.208893,0.0729168935,profile_16_23/mix_02_input.wav,profile_16_23/mix_02_q1.7m.wav
16,23,37,2,2.526813;3.915663,1.8,0,0,,true,0.00501580456,-45.993188,0.00262996157,-51.601012,-5.607824,0.284489,0.0298889876,profile_16_23/mix_02_input.wav,profile_16_23/mix_02_q1.8m.wav
16,23,37,2,2.526813;3.915663,1.9,0,0,,true,0.00501580456,-45.993188,0.00265174712,-51.529358,-5.536170,0.071654,0.0163090022,profile_16_23/mix_02_input.wav,profile_16_23/mix_02_q1.9m.wav
16,23,37,2,2.526813;3.915663,2.0,0,0,,true,0.00501580456,-45.993188,0.00266591624,-51.483070,-5.489882,0.046288,0.0133324191,profile_16_23/mix_02_input.wav,profile_16_23/mix_02_q2m.wav
16,23,37,2,2.526813;3.915663,2.1,0,0,,true,0.00501580456,-45.993188,0.0026776929,-51.444785,-5.451597,0.038285,0.00750351761,profile_16_23/mix_02_input.wav,profile_16_23/mix_02_q2.1m.wav
16,23,37,2,2.526813;3.915663,2.2,0,0,,true,0.00501580456,-45.993188,0.00268369019,-51.425352,-5.432165,0.019432,0.00631244077,profile_16_23/mix_02_input.wav,profile_16_23/mix_02_q2.2m.wav
16,23,37,2,2.526813;3.915663,2.3,0,0,,true,0.00501580456,-45.993188,0.00268815715,-51.410907,-5.417719,0.014446,0.00585469617,profile_16_23/mix_02_input.wav,profile_16_23/mix_02_q2.3m.wav
16,23,37,2,2.526813;3.915663,2.4,0,0,,true,0.00501580456,-45.993188,0.00270032965,-51.371664,-5.378476,0.039243,0.00648234593,profile_16_23/mix_02_input.wav,profile_16_23/mix_02_q2.4m.wav
16,23,37,2,2.526813;3.915663,2.5,0,0,,true,0.00501580456,-45.993188,0.00270445505,-51.358405,-5.365217,0.013260,0.00321688293,profile_16_23/mix_02_input.wav,profile_16_23/mix_02_q2.5m.wav
16,23,37,2,2.526813;3.915663,2.6,1,1,2.526813,false,0.00501580456,-45.993188,0.00270661575,-51.351468,-5.358280,0.006937,0.0019606162,profile_16_23/mix_02_input.wav,profile_16_23/mix_02_q2.6m.wav
16,23,37,2,2.526813;3.915663,2.7,1,0,,true,0.00501580456,-45.993188,0.00270753659,-51.348513,-5.355325,0.002955,0.00131985251,profile_16_23/mix_02_input.wav,profile_16_23/mix_02_q2.7m.wav
16,23,37,2,2.526813;3.915663,2.8,1,0,,true,0.00501580456,-45.993188,0.00270600427,-51.353430,-5.360243,-0.004917,0.00184739584,profile_16_23/mix_02_input.wav,profile_16_23/mix_02_q2.8m.wav
16,23,37,2,2.526813;3.915663,2.9,1,0,,true,0.00501580456,-45.993188,0.0027039081,-51.360161,-5.366974,-0.006731,0.00179956718,profile_16_23/mix_02_input.wav,profile_16_23/mix_02_q2.9m.wav
16,23,37,2,2.526813;3.915663,3.0,1,0,,true,0.00501580456,-45.993188,0.00270409221,-51.359570,-5.366382,0.000591,0.00130054992,profile_16_23/mix_02_input.wav,profile_16_23/mix_02_q3m.wav
16,23,37,2,2.526813;3.915663,3.1,1,0,,true,0.00501580456,-45.993188,0.00270512867,-51.356241,-5.363054,0.003329,0.0014511962,profile_16_23/mix_02_input.wav,profile_16_23/mix_02_q3.1m.wav
16,23,37,2,2.526813;3.915663,3.2,1,0,,true,0.00501580456,-45.993188,0.00270548102,-51.355110,-5.361922,0.001131,0.00184536155,profile_16_23/mix_02_input.wav,profile_16_23/mix_02_q3.2m.wav
16,23,37,2,2.526813;3.915663,3.3,1,0,,true,0.00501580456,-45.993188,0.00270735276,-51.349103,-5.355915,0.006007,0.00186916382,profile_16_23/mix_02_input.wav,profile_16_23/mix_02_q3.3m.wav
16,23,37,2,2.526813;3.915663,3.4,1,0,,true,0.00501580456,-45.993188,0.00270818866,-51.346422,-5.353234,0.002681,0.00197810689,profile_16_23/mix_02_input.wav,profile_16_23/mix_02_q3.4m.wav
16,23,37,2,2.526813;3.915663,3.5,1,0,,true,0.00501580456,-45.993188,0.00271444973,-51.326364,-5.333176,0.020058,0.00530591514,profile_16_23/mix_02_input.wav,profile_16_23/mix_02_q3.5m.wav
16,23,37,2,2.526813;3.915663,3.6,1,0,,true,0.00501580456,-45.993188,0.00271641247,-51.320086,-5.326898,0.006278,0.00576639958,profile_16_23/mix_02_input.wav,profile_16_23/mix_02_q3.6m.wav
16,23,37,2,2.526813;3.915663,3.7,1,0,,true,0.00501580456,-45.993188,0.0027192361,-51.311062,-5.317874,0.009024,0.0160174158,profile_16_23/mix_02_input.wav,profile_16_23/mix_02_q3.7m.wav
16,23,37,2,2.526813;3.915663,3.8,1,0,,true,0.00501580456,-45.993188,0.00297701644,-50.524375,-4.531187,0.786686,0.114899609,profile_16_23/mix_02_input.wav,profile_16_23/mix_02_q3.8m.wav
16,23,37,2,2.526813;3.915663,3.9,1,0,,true,0.00501580456,-45.993188,0.00466269467,-46.627260,-0.634073,3.897115,0.316130714,profile_16_23/mix_02_input.wav,profile_16_23/mix_02_q3.9m.wav
16,23,37,2,2.526813;3.915663,4.0,2,1,3.915663,false,0.00501580456,-45.993188,0.00474893068,-46.468083,-0.474896,0.159177,0.0153737572,profile_16_23/mix_02_input.wav,profile_16_23/mix_02_q4m.wav
17,24,38,2,2.720039;4.236652,0.0,0,,,,0.0138633415,-37.162642,1.90326965e-06,-114.409989,-77.247347,,,profile_17_24/mix_02_input.wav,profile_17_24/mix_02_q0m.wav
17,24,38,2,2.720039;4.236652,0.1,0,0,,true,0.0138633415,-37.162642,1.29979745e-06,-117.722480,-80.559838,-3.312491,0.000100434569,profile_17_24/mix_02_input.wav,profile_17_24/mix_02_q0.1m.wav
17,24,38,2,2.720039;4.236652,0.2,0,0,,true,0.0138633415,-37.162642,1.48726512e-06,-116.552226,-79.389585,1.170253,8.96248108e-05,profile_17_24/mix_02_input.wav,profile_17_24/mix_02_q0.2m.wav
17,24,38,2,2.720039;4.236652,0.3,0,0,,true,0.0138633415,-37.162642,1.84493015e-06,-114.680397,-77.517755,1.871830,0.000100503921,profile_17_24/mix_02_input.wav,profile_17_24/mix_02_q0.3m.wav
17,24,38,2,2.720039;4.236652,0.4,0,0,,true,0.0138633415,-37.162642,2.19282927e-06,-113.179900,-76.017258,1.500497,0.00010725275,profile_17_24/mix_02_input.wav,profile_17_24/mix_02_q0.4m.wav
17,24,38,2,2.720039;4.236652,0.5,0,0,,true,0.0138633415,-37.162642,2.41549616e-06,-112.339869,-75.177228,0.840030,8.48324583e-05,profile_17_24/mix_02_input.wav,profile_17_24/mix_02_q0.5m.wav
17,24,38,2,2.720039;4.236652,0.6,0,0,,true,0.0138633415,-37.162642,2.51913277e-06,-111.974975,-74.812334,0.364894,7.48903083e-05,profile_17_24/mix_02_input.wav,profile_17_24/mix_02_q0.6m.wav
17,24,38,2,2.720039;4.236652,0.7,0,0,,true,0.0138633415,-37.162642,2.71928966e-06,-111.310887,-74.148246,0.664088,7.16173758e-05,profile_17_24/mix_02_input.wav,profile_17_24/mix_02_q0.7m.wav
17,24,38,2,2.720039;4.236652,0.8,0,0,,true,0.0138633415,-37.162642,2.99337048e-06,-110.476788,-73.314146,0.834100,6.86137326e-05,profile_17_24/mix_02_input.wav,profile_17_24/mix_02_q0.8m.wav
17,24,38,2,2.720039;4.236652,0.9,0,0,,true,0.0138633415,-37.162642,3.35049723e-06,-109.497812,-72.335171,0.978976,6.77725215e-05,profile_17_24/mix_02_input.wav,profile_17_24/mix_02_q0.9m.wav
17,24,38,2,2.720039;4.236652,1.0,0,0,,true,0.0138633415,-37.162642,3.67629138e-06,-108.691799,-71.529158,0.806013,6.74053794e-05,profile_17_24/mix_02_input.wav,profile_17_24/mix_02_q1m.wav
17,24,38,2,2.720039;4.236652,1.1,0,0,,true,0.0138633415,-37.162642,4.04616573e-06,-107.859125,-70.696483,0.832675,6.80075284e-05,profile_17_24/mix_02_input.wav,profile_17_24/mix_02_q1.1m.wav
17,24,38,2,2.720039;4.236652,1.2,0,0,,true,0.0138633415,-37.162642,4.498826e-06,-106.938014,-69.775373,0.921110,6.99067932e-05,profile_17_24/mix_02_input.wav,profile_17_24/mix_02_q1.2m.wav
17,24,38,2,2.720039;4.236652,1.3,0,0,,true,0.0138633415,-37.162642,5.08200735e-06,-105.879293,-68.716651,1.058722,7.33683954e-05,profile_17_24/mix_02_input.wav,profile_17_24/mix_02_q1.3m.wav
17,24,38,2,2.720039;4.236652,1.4,0,0,,true,0.0138633415,-37.162642,5.7251881e-06,-104.844203,-67.681562,1.035089,7.297454e-05,profile_17_24/mix_02_input.wav,profile_17_24/mix_02_q1.4m.wav
17,24,38,2,2.720039;4.236652,1.5,0,0,,true,0.0138633415,-37.162642,6.30457571e-06,-104.006881,-66.844240,0.837322,7.11506423e-05,profile_17_24/mix_02_input.wav,profile_17_24/mix_02_q1.5m.wav
17,24,38,2,2.720039;4.236652,1.6,0,0,,true,0.0138633415,-37.162642,6.76464885e-06,-103.395094,-66.232452,0.611788,6.83813007e-05,profile_17_24/mix_02_input.wav,profile_17_24/mix_02_q1.6m.wav
17,24,38,2,2.720039;4.236652,1.7,0,0,,true,0.0138633415,-37.162642,7.22066526e-06,-102.828455,-65.665813,0.566639,6.80577936e-05,profile_17_24/mix_02_input.wav,profile_17_24/mix_02_q1.7m.wav
17,24,38,2,2.720039;4.236652,1.8,0,0,,true,0.0138633415,-37.162642,7.56485037e-06,-102.423992,-65.261350,0.404463,6.76633273e-05,profile_17_24/mix_02_input.wav,profile_17_24/mix_02_q1.8m.wav
17,24,38,2,2.720039;4.236652,1.9,0,0,,true,0.0138633415,-37.162642,7.89861277e-06,-102.048982,-64.886341,0.375010,6.77943842e-05,profile_17_24/mix_02_input.wav,profile_17_24/mix_02_q1.9m.wav
17,24,38,2,2.720039;4.236652,2.0,0,0,,true,0.0138633415,-37.162642,8.32240598e-06,-101.595021,-64.432379,0.453961,6.96367741e-05,profile_17_24/mix_02_input.wav,profile_17_24/mix_02_q2m.wav
17,24,38,2,2.720039;4.236652,2.1,0,0,,true,0.0138633415,-37.162642,8.88525651e-06,-101.026600,-63.863958,0.568421,7.44415914e-05,profile_17_24/mix_02_input.wav,profile_17_24/mix_02_q2.1m.wav
17,24,38,2,2.720039;4.236652,2.2,0,0,,true,0.0138633415,-37.162642,9.67397299e-06,-100.287902,-63.125260,0.738698,8.17064794e-05,profile_17_24/mix_02_input.wav,profile_17_24/mix_02_q2.2m.wav
17,24,38,2,2.720039;4.236652,2.3,0,0,,true,0.0138633415,-37.162642,1.07806731e-05,-99.347082,-62.184440,0.940820,9.10189184e-05,profile_17_24/mix_02_input.wav,profile_17_24/mix_02_q2.3m.wav
17,24,38,2,2.720039;4.236652,2.4,0,0,,true,0.0138633415,-37.162642,1.36638002e-05,-97.288569,-60.125928,2.058512,0.000119975373,profile_17_24/mix_02_input.wav,profile_17_24/mix_02_q2.4m.wav
17,24,38,2,2.720039;4.236652,2.5,0,0,,true,0.0138633415,-37.162642,7.02416459e-05,-83.068106,-45.905465,14.220463,0.000603153391,profile_17_24/mix_02_input.wav,profile_17_24/mix_02_q2.5m.wav
17,24,38,2,2.720039;4.236652,2.6,0,0,,true,0.0138633415,-37.162642,0.00103158416,-59.729907,-22.567265,23.338200,0.0178216609,profile_17_24/mix_02_input.wav,profile_17_24/mix_02_q2.6m.wav
17,24,38,2,2.720039;4.236652,2.7,0,0,,true,0.0138633415,-37.162642,0.00631312547,-43.995112,-6.832470,15.734795,0.289782045,profile_17_24/mix_02_input.wav,profile_17_24/mix_02_q2.7m.wav
17,24,38,2,2.720039;4.236652,2.8,1,1,2.720039,false,0.0138633415,-37.162642,0.00676231963,-43.398086,-6.235445,0.597025,0.0577346022,profile_17_24/mix_02_input.wav,profile_17_24/mix_02_q2.8m.wav
17,24,38,2,2.720039;4.236652,2.9,1,0,,true,0.0138633415,-37.162642,0.0066891891,-43.492531,-6.329889,-0.094444,0.0134027132,profile_17_24/mix_02_input.wav,profile_17_24/mix_02_q2.9m.wav
17,24,38,2,2.720039;4.236652,3.0,1,0,,true,0.0138633415,-37.162642,0.0067448923,-43.420500,-6.257858,0.072031,0.00744099514,profile_17_24/mix_02_input.wav,profile_17_24/mix_02_q3m.wav
17,24,38,2,2.720039;4.236652,3.1,1,0,,true,0.0138633415,-37.162642,0.00673675717,-43.430982,-6.268341,-0.010483,0.0109214025,profile_17_24/mix_02_input.wav,profile_17_24/mix_02_q3.1m.wav
17,24,38,2,2.720039;4.236652,3.2,1,0,,true,0.0138633415,-37.162642,0.00674808994,-43.416383,-6.253741,0.014599,0.00449094755,profile_17_24/mix_02_input.wav,profile_17_24/mix_02_q3.2m.wav
17,24,38,2,2.720039;4.236652,3.3,1,0,,true,0.0138633415,-37.162642,0.00656134005,-43.660149,-6.497508,-0.243766,0.0142536492,profile_17_24/mix_02_input.wav,profile_17_24/mix_02_q3.3m.wav
17,24,38,2,2.720039;4.236652,3.4,1,0,,true,0.0138633415,-37.162642,0.00665104992,-43.542196,-6.379554,0.117953,0.00756183562,profile_17_24/mix_02_input.wav,profile_17_24/mix_02_q3.4m.wav
17,24,38,2,2.720039;4.236652,3.5,1,0,,true,0.0138633415,-37.162642,0.00664653554,-43.548093,-6.385452,-0.005898,0.00648290272,profile_17_24/mix_02_input.wav,profile_17_24/mix_02_q3.5m.wav
17,24,38,2,2.720039;4.236652,3.6,1,0,,true,0.0138633415,-37.162642,0.00693181401,-43.183062,-6.020420,0.365031,0.0183321063,profile_17_24/mix_02_input.wav,profile_17_24/mix_02_q3.6m.wav
17,24,38,2,2.720039;4.236652,3.7,1,0,,true,0.0138633415,-37.162642,0.00731505818,-42.715644,-5.553003,0.467418,0.0216251835,profile_17_24/mix_02_input.wav,profile_17_24/mix_02_q3.7m.wav
17,24,38,2,2.720039;4.236652,3.8,1,0,,true,0.0138633415,-37.162642,0.0076614507,-42.313780,-5.151138,0.401865,0.0213262022,profile_17_24/mix_02_input.wav,profile_17_24/mix_02_q3.8m.wav
17,24,38,2,2.720039;4.236652,3.9,1,0,,true,0.0138633415,-37.162642,0.00828602822,-41.633072,-4.470430,0.680708,0.0364461167,profile_17_24/mix_02_input.wav,profile_17_24/mix_02_q3.9m.wav
17,24,38,2,2.720039;4.236652,4.0,1,0,,true,0.0138633415,-37.162642,0.00909444822,-40.824473,-3.661831,0.808599,0.0449952691,profile_17_24/mix_02_input.wav,profile_17_24/mix_02_q4m.wav
18,33,39,2,3.258713;3.802901,0.0,0,,,,0.0102082982,-39.820933,1.34086954e-06,-117.452263,-77.631330,,,profile_18_33/mix_02_input.wav,profile_18_33/mix_02_q0m.wav
18,33,39,2,3.258713;3.802901,0.1,0,0,,true,0.0102082982,-39.820933,9.17443126e-07,-120.748408,-80.927474,-3.296144,0.000100463442,profile_18_33/mix_02_input.wav,profile_18_33/mix_02_q0.1m.wav
18,33,39,2,3.258713;3.802901,0.2,0,0,,true,0.0102082982,-39.820933,1.03438567e-06,-119.706342,-79.885409,1.042066,9.02899924e-05,profile_18_33/mix_02_input.wav,profile_18_33/mix_02_q0.2m.wav
18,33,39,2,3.258713;3.802901,0.3,0,0,,true,0.0102082982,-39.820933,1.28518218e-06,-117.820699,-77.999766,1.885642,0.000103126218,profile_18_33/mix_02_input.wav,profile_18_33/mix_02_q0.3m.wav
18,33,39,2,3.258713;3.802901,0.4,0,0,,true,0.0102082982,-39.820933,1.47209618e-06,-116.641270,-76.820337,1.179429,0.000106368269,profile_18_33/mix_02_input.wav,profile_18_33/mix_02_q0.4m.wav
18,33,39,2,3.258713;3.802901,0.5,0,0,,true,0.0102082982,-39.820933,1.56276976e-06,-116.122094,-76.301161,0.519176,7.86016274e-05,profile_18_33/mix_02_input.wav,profile_18_33/mix_02_q0.5m.wav
18,33,39,2,3.258713;3.802901,0.6,0,0,,true,0.0102082982,-39.820933,1.59040402e-06,-115.969845,-76.148912,0.152249,6.91603495e-05,profile_18_33/mix_02_input.wav,profile_18_33/mix_02_q0.6m.wav
18,33,39,2,3.258713;3.802901,0.7,0,0,,true,0.0102082982,-39.820933,1.60328915e-06,-115.899758,-76.078824,0.070088,6.67745102e-05,profile_18_33/mix_02_input.wav,profile_18_33/mix_02_q0.7m.wav
18,33,39,2,3.258713;3.802901,0.8,0,0,,true,0.0102082982,-39.820933,1.62831745e-06,-115.765213,-75.944280,0.134544,6.52924371e-05,profile_18_33/mix_02_input.wav,profile_18_33/mix_02_q0.8m.wav
18,33,39,2,3.258713;3.802901,0.9,0,0,,true,0.0102082982,-39.820933,1.65685262e-06,-115.614317,-75.793384,0.150896,6.43821894e-05,profile_18_33/mix_02_input.wav,profile_18_33/mix_02_q0.9m.wav
18,33,39,2,3.258713;3.802901,1.0,0,0,,true,0.0102082982,-39.820933,1.68478457e-06,-115.469107,-75.648174,0.145210,6.46235831e-05,profile_18_33/mix_02_input.wav,profile_18_33/mix_02_q1m.wav
18,33,39,2,3.258713;3.802901,1.1,0,0,,true,0.0102082982,-39.820933,1.70634911e-06,-115.358637,-75.537704,0.110470,6.43044274e-05,profile_18_33/mix_02_input.wav,profile_18_33/mix_02_q1.1m.wav
18,33,39,2,3.258713;3.802901,1.2,0,0,,true,0.0102082982,-39.820933,1.72975007e-06,-115.240328,-75.419395,0.118309,6.29060188e-05,profile_18_33/mix_02_input.wav,profile_18_33/mix_02_q1.2m.wav
18,33,39,2,3.258713;3.802901,1.3,0,0,,true,0.0102082982,-39.820933,1.75472539e-06,-115.115812,-75.294879,0.124516,6.31653092e-05,profile_18_33/mix_02_input.wav,profile_18_33/mix_02_q1.3m.wav
18,33,39,2,3.258713;3.802901,1.4,0,0,,true,0.0102082982,-39.820933,1.77498266e-06,-115.016113,-75.195180,0.099699,6.28256785e-05,profile_18_33/mix_02_input.wav,profile_18_33/mix_02_q1.4m.wav
18,33,39,2,3.258713;3.802901,1.5,0,0,,true,0.0102082982,-39.820933,1.78815432e-06,-114.951895,-75.130962,0.064218,6.31801377e-05,profile_18_33/mix_02_input.wav,profile_18_33/mix_02_q1.5m.wav
18,33,39,2,3.258713;3.802901,1.6,0,0,,true,0.0102082982,-39.820933,1.81279702e-06,-114.833012,-75.012079,0.118884,6.27681018e-05,profile_18_33/mix_02_input.wav,profile_18_33/mix_02_q1.6m.wav
18,33,39,2,3.258713;3.802901,1.7,0,0,,true,0.0102082982,-39.820933,1.82474696e-06,-114.775942,-74.955009,0.057069,6.25576291e-05,profile_18_33/mix_02_input.wav,profile_18_33/mix_02_q1.7m.wav
18,33,39,2,3.258713;3.802901,1.8,0,0,,true,0.0102082982,-39.820933,1.85018812e-06,-114.655678,-74.834744,0.120265,6.36192748e-05,profile_18_33/mix_02_input.wav,profile_18_33/mix_02_q1.8m.wav
18,33,39,2,3.258713;3.802901,1.9,0,0,,true,0.0102082982,-39.820933,1.87428754e-06,-114.543271,-74.722338,0.112407,6.30690156e-05,profile_18_33/mix_02_input.wav,profile_18_33/mix_02_q1.9m.wav
18,33,39,2,3.258713;3.802901,2.0,0,0,,true,0.0102082982,-39.820933,1.89766854e-06,-114.435588,-74.614655,0.107683,6.34018306e-05,profile_18_33/mix_02_input.wav,profile_18_33/mix_02_q2m.wav
18,33,39,2,3.258713;3.802901,2.1,0,0,,true,0.0102082982,-39.820933,1.94101764e-06,-114.239406,-74.418473,0.196182,6.51049618e-05,profile_18_33/mix_02_input.wav,profile_18_33/mix_02_q2.1m.wav
18,33,39,2,3.258713;3.802901,2.2,0,0,,true,0.0102082982,-39.820933,1.98580711e-06,-114.041254,-74.220321,0.198152,6.44965411e-05,profile_18_33/mix_02_input.wav,profile_18_33/mix_02_q2.2m.wav
18,33,39,2,3.258713;3.802901,2.3,0,0,,true,0.0102082982,-39.820933,2.02282236e-06,-113.880841,-74.059908,0.160414,6.5307054e-05,profile_18_33/mix_02_input.wav,profile_18_33/mix_02_q2.3m.wav
18,33,39,2,3.258713;3.802901,2.4,0,0,,true,0.0102082982,-39.820933,2.09164682e-06,-113.590229,-73.769296,0.290612,6.64461778e-05,profile_18_33/mix_02_input.wav,profile_18_33/mix_02_q2.4m.wav
18,33,39,2,3.258713;3.802901,2.5,0,0,,true,0.0102082982,-39.820933,2.16145919e-06,-113.305055,-73.484122,0.285174,6.50348284e-05,profile_18_33/mix_02_input.wav,profile_18_33/mix_02_q2.5m.wav
18,33,39,2,3.258713;3.802901,2.6,0,0,,true,0.0102082982,-39.820933,2.24234781e-06,-112.985937,-73.165004,0.319119,6.64669979e-05,profile_18_33/mix_02_input.wav,profile_18_33/mix_02_q2.6m.wav
18,33,39,2,3.258713;3.802901,2.7,0,0,,true,0.0102082982,-39.820933,2.37685769e-06,-112.479933,-72.659000,0.506004,6.92181713e-05,profile_18_33/mix_02_input.wav,profile_18_33/mix_02_q2.7m.wav
18,33,39,2,3.258713;3.802901,2.8,0,0,,true,0.0102082982,-39.820933,2.5385975e-06,-111.908120,-72.087187,0.571813,7.03875034e-05,profile_18_33/mix_02_input.wav,profile_18_33/mix_02_q2.8m.wav
18,33,39,2,3.258713;3.802901,2.9,0,0,,true,0.0102082982,-39.820933,2.78028115e-06,-111.118223,-71.297290,0.789897,7.41912349e-05,profile_18_33/mix_02_input.wav,profile_18_33/mix_02_q2.9m.wav
18,33,39,2,3.258713;3.802901,3.0,0,0,,true,0.0102082982,-39.820933,3.16579288e-06,-109.990347,-70.169414,1.127875,8.03635326e-05,profile_18_33/mix_02_input.wav,profile_18_33/mix_02_q3m.wav
18,33,39,2,3.258713;3.802901,3.1,0,0,,true,0.0102082982,-39.820933,4.06658771e-06,-107.815395,-67.994462,2.174952,0.000105854544,profile_18_33/mix_02_input.wav,profile_18_33/mix_02_q3.1m.wav
18,33,39,2,3.258713;3.802901,3.2,0,0,,true,0.0102082982,-39.820933,1.24247181e-05,-98.114268,-58.293335,9.701127,0.000266359031,profile_18_33/mix_02_input.wav,profile_18_33/mix_02_q3.2m.wav
18,33,39,2,3.258713;3.802901,3.3,1,1,3.258713,false,0.0102082982,-39.820933,0.000136723411,-77.283142,-37.462209,20.831126,0.00287788592,profile_18_33/mix_02_input.wav,profile_18_33/mix_02_q3.3m.wav
18,33,39,2,3.258713;3.802901,3.4,1,0,,true,0.0102082982,-39.820933,0.00102868795,-59.754327,-19.933394,17.528815,0.0506049223,profile_18_33/mix_02_input.wav,profile_18_33/mix_02_q3.4m.wav
18,33,39,2,3.258713;3.802901,3.5,1,0,,true,0.0102082982,-39.820933,0.00483159065,-46.318197,-6.497264,13.436130,0.276010406,profile_18_33/mix_02_input.wav,profile_18_33/mix_02_q3.5m.wav
18,33,39,2,3.258713;3.802901,3.6,1,0,,true,0.0102082982,-39.820933,0.00602465365,-44.401358,-4.580425,1.916839,0.136736646,profile_18_33/mix_02_input.wav,profile_18_33/mix_02_q3.6m.wav
18,33,39,2,3.258713;3.802901,3.7,1,0,,true,0.0102082982,-39.820933,0.0061378764,-44.239637,-4.418704,0.161721,0.0211787245,profile_18_33/mix_02_input.wav,profile_18_33/mix_02_q3.7m.wav
18,33,39,2,3.258713;3.802901,3.8,1,0,,true,0.0102082982,-39.820933,0.00834699854,-41.569393,-1.748460,2.670244,0.212637048,profile_18_33/mix_02_input.wav,profile_18_33/mix_02_q3.8m.wav
18,33,39,2,3.258713;3.802901,3.9,2,1,3.802901,false,0.0102082982,-39.820933,0.00975708222,-40.213601,-0.392668,1.355793,0.111768844,profile_18_33/mix_02_input.wav,profile_18_33/mix_02_q3.9m.wav
18,33,39,2,3.258713;3.802901,4.0,2,0,,true,0.0102082982,-39.820933,0.00984836024,-40.132721,-0.311788,0.080879,0.00835009206,profile_18_33/mix_02_input.wav,profile_18_33/mix_02_q4m.wav
19,34,40,2,3.699614;4.837109,0.0,0,,,,0.0069484231,-43.162275,8.44153849e-07,-121.471558,-78.309283,,,profile_19_34/mix_02_input.wav,profile_19_34/mix_02_q0m.wav
19,34,40,2,3.699614;4.837109,0.1,0,0,,true,0.0069484231,-43.162275,5.97842097e-07,-124.468256,-81.305981,-2.996698,9.54058679e-05,profile_19_34/mix_02_input.wav,profile_19_34/mix_02_q0.1m.wav
19,34,40,2,3.699614;4.837109,0.2,0,0,,true,0.0069484231,-43.162275,6.78066461e-07,-123.374542,-80.212267,1.093714,8.70711651e-05,profile_19_34/mix_02_input.wav,profile_19_34/mix_02_q0.2m.wav
19,34,40,2,3.699614;4.837109,0.3,0,0,,true,0.0069484231,-43.162275,7.96700628e-07,-121.974086,-78.811811,1.400456,9.77590732e-05,profile_19_34/mix_02_input.wav,profile_19_34/mix_02_q0.3m.wav
19,34,40,2,3.699614;4.837109,0.4,0,0,,true,0.0069484231,-43.162275,9.20407934e-07,-120.720383,-77.558109,1.253702,9.81352247e-05,profile_19_34/mix_02_input.wav,profile_19_34/mix_02_q0.4m.wav
19,34,40,2,3.699614;4.837109,0.5,0,0,,true,0.0069484231,-43.162275,1.00371022e-06,-119.967824,-76.805550,0.752559,7.2086531e-05,profile_19_34/mix_02_input.wav,profile_19_34/mix_02_q0.5m.wav
19,34,40,2,3.699614;4.837109,0.6,0,0,,true,0.0069484231,-43.162275,1.01930512e-06,-119.833907,-76.671632,0.133917,6.59411729e-05,profile_19_34/mix_02_input.wav,profile_19_34/mix_02_q0.6m.wav
19,34,40,2,3.699614;4.837109,0.7,0,0,,true,0.0069484231,-43.162275,1.02884258e-06,-119.753013,-76.590738,0.080894,6.41700945e-05,profile_19_34/mix_02_input.wav,profile_19_34/mix_02_q0.7m.wav
19,34,40,2,3.699614;4.837109,0.8,0,0,,true,0.0069484231,-43.162275,1.04451241e-06,-119.621720,-76.459445,0.131293,6.28957726e-05,profile_19_34/mix_02_input.wav,profile_19_34/mix_02_q0.8m.wav
19,34,40,2,3.699614;4.837109,0.9,0,0,,true,0.0069484231,-43.162275,1.0626241e-06,-119.472399,-76.310124,0.149321,6.24964326e-05,profile_19_34/mix_02_input.wav,profile_19_34/mix_02_q0.9m.wav
19,34,40,2,3.699614;4.837109,1.0,0,0,,true,0.0069484231,-43.162275,1.08030497e-06,-119.329065,-76.166790,0.143334,6.18526882e-05,profile_19_34/mix_02_input.wav,profile_19_34/mix_02_q1m.wav
19,34,40,2,3.699614;4.837109,1.1,0,0,,true,0.0069484231,-43.162275,1.0966461e-06,-119.198662,-76.036387,0.130402,6.11430845e-05,profile_19_34/mix_02_input.wav,profile_19_34/mix_02_q1.1m.wav
19,34,40,2,3.699614;4.837109,1.2,0,0,,true,0.0069484231,-43.162275,1.11147277e-06,-119.082016,-75.919741,0.116646,6.08478407e-05,profile_19_34/mix_02_input.wav,profile_19_34/mix_02_q1.2m.wav
19,34,40,2,3.699614;4.837109,1.3,0,0,,true,0.0069484231,-43.162275,1.1249789e-06,-118.977105,-75.814830,0.104911,6.07199508e-05,profile_19_34/mix_02_input.wav,profile_19_34/mix_02_q1.3m.wav
19,34,40,2,3.699614;4.837109,1.4,0,0,,true,0.0069484231,-43.162275,1.14009062e-06,-118.861205,-75.698930,0.115900,6.02393963e-05,profile_19_34/mix_02_input.wav,profile_19_34/mix_02_q1.4m.wav
19,34,40,2,3.699614;4.837109,1.5,0,0,,true,0.0069484231,-43.162275,1.15119011e-06,-118.777051,-75.614777,0.084153,6.04057685e-05,profile_19_34/mix_02_input.wav,profile_19_34/mix_02_q1.5m.wav
19,34,40,2,3.699614;4.837109,1.6,0,0,,true,0.0069484231,-43.162275,1.16598885e-06,-118.666105,-75.503830,0.110947,5.9805284e-05,profile_19_34/mix_02_input.wav,profile_19_34/mix_02_q1.6m.wav
19,34,40,2,3.699614;4.837109,1.7,0,0,,true,0.0069484231,-43.162275,1.18047612e-06,-118.558849,-75.396574,0.107256,6.03413573e-05,profile_19_34/mix_02_input.wav,profile_19_34/mix_02_q1.7m.wav
19,34,40,2,3.699614;4.837109,1.8,0,0,,true,0.0069484231,-43.162275,1.19792582e-06,-118.431394,-75.269119,0.127454,6.03255029e-05,profile_19_34/mix_02_input.wav,profile_19_34/mix_02_q1.8m.wav
19,34,40,2,3.699614;4.837109,1.9,0,0,,true,0.0069484231,-43.162275,1.21547031e-06,-118.305106,-75.142831,0.126288,6.03378968e-05,profile_19_34/mix_02_input.wav,profile_19_34/mix_02_q1.9m.wav
19,34,40,2,3.699614;4.837109,2.0,0,0,,true,0.0069484231,-43.162275,1.23225108e-06,-118.186009,-75.023734,0.119097,6.10083146e-05,profile_19_34/mix_02_input.wav,profile_19_34/mix_02_q2m.wav
19,34,40,2,3.699614;4.837109,2.1,0,0,,true,0.0069484231,-43.162275,1.25356524e-06,-118.037054,-74.874779,0.148955,6.09484069e-05,profile_19_34/mix_02_input.wav,profile_19_34/mix_02_q2.1m.wav
19,34,40,2,3.699614;4.837109,2.2,0,0,,true,0.0069484231,-43.162275,1.27417345e-06,-117.895422,-74.733147,0.141632,6.14799521e-05,profile_19_34/mix_02_input.wav,profile_19_34/mix_02_q2.2m.wav
19,34,40,2,3.699614;4.837109,2.3,0,0,,true,0.0069484231,-43.162275,1.29752562e-06,-117.737674,-74.575400,0.157748,6.16791128e-05,profile_19_34/mix_02_input.wav,profile_19_34/mix_02_q2.3m.wav
19,34,40,2,3.699614;4.837109,2.4,0,0,,true,0.0069484231,-43.162275,1.33176469e-06,-117.511444,-74.349169,0.226231,6.29061376e-05,profile_19_34/mix_02_input.wav,profile_19_34/mix_02_q2.4m.wav
19,34,40,2,3.699614;4.837109,2.5,0,0,,true,0.0069484231,-43.162275,1.37443356e-06,-117.237519,-74.075244,0.273925,6.33899072e-05,profile_19_34/mix_02_input.wav,profile_19_34/mix_02_q2.5m.wav
19,34,40,2,3.699614;4.837109,2.6,0,0,,true,0.0069484231,-43.162275,1.42616855e-06,-116.916577,-73.754302,0.320942,6.48298037e-05,profile_19_34/mix_02_input.wav,profile_19_34/mix_02_q2.6m.wav
19,34,40,2,3.699614;4.837109,2.7,0,0,,true,0.0069484231,-43.162275,1.47718132e-06,-116.611318,-73.449043,0.305259,6.49352251e-05,profile_19_34/mix_02_input.wav,profile_19_34/mix_02_q2.7m.wav
19,34,40,2,3.699614;4.837109,2.8,0,0,,true,0.0069484231,-43.162275,1.54481119e-06,-116.222486,-73.060211,0.388832,6.62168401e-05,profile_19_34/mix_02_input.wav,profile_19_34/mix_02_q2.8m.wav
19,34,40,2,3.699614;4.837109,2.9,0,0,,true,0.0069484231,-43.162275,1.68249921e-06,-115.480897,-72.318623,0.741589,7.43403891e-05,profile_19_34/mix_02_input.wav,profile_19_34/mix_02_q2.9m.wav
19,34,40,2,3.699614;4.837109,3.0,0,0,,true,0.0069484231,-43.162275,2.87267862e-06,-110.834256,-67.671981,4.646641,9.78461738e-05,profile_19_34/mix_02_input.wav,profile_19_34/mix_02_q3m.wav
19,34,40,2,3.699614;4.837109,3.1,0,0,,true,0.0069484231,-43.162275,1.78899095e-05,-94.947837,-51.785562,15.886420,0.000279686064,profile_19_34/mix_02_input.wav,profile_19_34/mix_02_q3.1m.wav
19,34,40,2,3.699614;4.837109,3.2,0,0,,true,0.0069484231,-43.162275,6.4852861e-05,-83.761417,-40.599142,11.186420,0.00104143936,profile_19_34/mix_02_input.wav,profile_19_34/mix_02_q3.2m.wav
19,34,40,2,3.699614;4.837109,3.3,0,0,,true,0.0069484231,-43.162275,0.00025440302,-71.889555,-28.727280,11.871862,0.0059113948,profile_19_34/mix_02_input.wav,profile_19_34/mix_02_q3.3m.wav
19,34,40,2,3.699614;4.837109,3.4,0,0,,true,0.0069484231,-43.162275,0.000491942176,-66.161719,-22.999444,5.727836,0.0103492005,profile_19_34/mix_02_input.wav,profile_19_34/mix_02_q3.4m.wav
19,34,40,2,3.699614;4.837109,3.5,0,0,,true,0.0069484231,-43.162275,0.00138719863,-57.157227,-13.994952,9.004492,0.0497183823,profile_19_34/mix_02_input.wav,profile_19_34/mix_02_q3.5m.wav
19,34,40,2,3.699614;4.837109,3.6,0,0,,true,0.0069484231,-43.162275,0.00253612488,-51.916587,-8.754312,5.240640,0.118974382,profile_19_34/mix_02_input.wav,profile_19_34/mix_02_q3.6m.wav
19,34,40,2,3.699614;4.837109,3.7,1,1,3.699614,false,0.0069484231,-43.162275,0.00297261105,-50.537238,-7.374963,1.379349,0.0645332314,profile_19_34/mix_02_input.wav,profile_19_34/mix_02_q3.7m.wav
19,34,40,2,3.699614;4.837109,3.8,1,0,,true,0.0069484231,-43.162275,0.00311532794,-50.129925,-6.967650,0.407314,0.0368903266,profile_19_34/mix_02_input.wav,profile_19_34/mix_02_q3.8m.wav
19,34,40,2,3.699614;4.837109,3.9,1,0,,true,0.0069484231,-43.162275,0.00312006863,-50.116717,-6.954442,0.013208,0.0151122007,profile_19_34/mix_02_input.wav,profile_19_34/mix_02_q3.9m.wav
19,34,40,2,3.699614;4.837109,4.0,1,0,,true,0.0069484231,-43.162275,0.00318291796,-49.943491,-6.781216,0.173226,0.021907636,profile_19_34/mix_02_input.wav,profile_19_34/mix_02_q4m.wav
20,44,41,2,4.054161;4.201300,0.0,0,,,,0.00219761686,-53.160960,2.14680626e-07,-133.364102,-80.203142,,,profile_20_44/mix_02_input.wav,profile_20_44/mix_02_q0m.wav
20,44,41,2,4.054161;4.201300,0.1,0,0,,true,0.00219761686,-53.160960,1.46999587e-07,-136.653619,-83.492658,-3.289516,7.47668536e-05,profile_20_44/mix_02_input.wav,profile_20_44/mix_02_q0.1m.wav
20,44,41,2,4.054161;4.201300,0.2,0,0,,true,0.00219761686,-53.160960,1.71418755e-07,-135.318783,-82.157822,1.334836,6.75911908e-05,profile_20_44/mix_02_input.wav,profile_20_44/mix_02_q0.2m.wav
20,44,41,2,4.054161;4.201300,0.3,0,0,,true,0.00219761686,-53.160960,2.16142087e-07,-133.305173,-80.144213,2.013610,7.94543234e-05,profile_20_44/mix_02_input.wav,profile_20_44/mix_02_q0.3m.wav
20,44,41,2,4.054161;4.201300,0.4,0,0,,true,0.00219761686,-53.160960,2.49338216e-07,-132.064188,-78.903228,1.240985,7.90912433e-05,profile_20_44/mix_02_input.wav,profile_20_44/mix_02_q0.4m.wav
20,44,41,2,4.054161;4.201300,0.5,0,0,,true,0.00219761686,-53.160960,2.73705475e-07,-131.254299,-78.093338,0.809890,5.66021457e-05,profile_20_44/mix_02_input.wav,profile_20_44/mix_02_q0.5m.wav
20,44,41,2,4.054161;4.201300,0.6,0,0,,true,0.00219761686,-53.160960,2.80131565e-07,-131.052728,-77.891768,0.201571,5.01553105e-05,profile_20_44/mix_02_input.wav,profile_20_44/mix_02_q0.6m.wav
20,44,41,2,4.054161;4.201300,0.7,0,0,,true,0.00219761686,-53.160960,2.84135327e-07,-130.929465,-77.768504,0.123263,4.82325598e-05,profile_20_44/mix_02_input.wav,profile_20_44/mix_02_q0.7m.wav
20,44,41,2,4.054161;4.201300,0.8,0,0,,true,0.00219761686,-53.160960,2.88462085e-07,-130.798195,-77.637235,0.131270,4.74970103e-05,profile_20_44/mix_02_input.wav,profile_20_44/mix_02_q0.8m.wav
20,44,41,2,4.054161;4.201300,0.9,0,0,,true,0.00219761686,-53.160960,2.93368384e-07,-130.651704,-77.490744,0.146491,4.68868976e-05,profile_20_44/mix_02_input.wav,profile_20_44/mix_02_q0.9m.wav
20,44,41,2,4.054161;4.201300,1.0,0,0,,true,0.00219761686,-53.160960,2.98488079e-07,-130.501431,-77.340471,0.150273,4.63568464e-05,profile_20_44/mix_02_input.wav,profile_20_44/mix_02_q1m.wav
20,44,41,2,4.054161;4.201300,1.1,0,0,,true,0.00219761686,-53.160960,3.02406598e-07,-130.388146,-77.227186,0.113285,4.58782296e-05,profile_20_44/mix_02_input.wav,profile_20_44/mix_02_q1.1m.wav
20,44,41,2,4.054161;4.201300,1.2,0,0,,true,0.00219761686,-53.160960,3.06580919e-07,-130.269069,-77.108109,0.119077,4.63389568e-05,profile_20_44/mix_02_input.wav,profile_20_44/mix_02_q1.2m.wav
20,44,41,2,4.054161;4.201300,1.3,0,0,,true,0.00219761686,-53.160960,3.11216611e-07,-130.138717,-76.977756,0.130353,4.50514735e-05,profile_20_44/mix_02_input.wav,profile_20_44/mix_02_q1.3m.wav
20,44,41,2,4.054161;4.201300,1.4,0,0,,true,0.00219761686,-53.160960,3.13037097e-07,-130.088056,-76.927096,0.050661,4.50595631e-05,profile_20_44/mix_02_input.wav,profile_20_44/mix_02_q1.4m.wav
20,44,41,2,4.054161;4.201300,1.5,0,0,,true,0.00219761686,-53.160960,3.16593195e-07,-129.989941,-76.828981,0.098115,4.46579459e-05,profile_20_44/mix_02_input.wav,profile_20_44/mix_02_q1.5m.wav
20,44,41,2,4.054161;4.201300,1.6,0,0,,true,0.00219761686,-53.160960,3.19939344e-07,-129.898620,-76.737659,0.091321,4.45822105e-05,profile_20_44/mix_02_input.wav,profile_20_44/mix_02_q1.6m.wav
20,44,41,2,4.054161;4.201300,1.7,0,0,,true,0.00219761686,-53.160960,3.2332759e-07,-129.807118,-76.646157,0.091502,4.46228847e-05,profile_20_44/mix_02_input.wav,profile_20_44/mix_02_q1.7m.wav
20,44,41,2,4.054161;4.201300,1.8,0,0,,true,0.00219761686,-53.160960,3.26917627e-07,-129.711207,-76.550246,0.095911,4.3975095e-05,profile_20_44/mix_02_input.wav,profile_20_44/mix_02_q1.8m.wav
20,44,41,2,4.054161;4.201300,1.9,0,0,,true,0.00219761686,-53.160960,3.2825042e-07,-129.675868,-76.514907,0.035339,4.37965877e-05,profile_20_44/mix_02_input.wav,profile_20_44/mix_02_q1.9m.wav
20,44,41,2,4.054161;4.201300,2.0,0,0,,true,0.00219761686,-53.160960,3.32609717e-07,-129.561275,-76.400315,0.114592,4.43151383e-05,profile_20_44/mix_02_input.wav,profile_20_44/mix_02_q2m.wav
20,44,41,2,4.054161;4.201300,2.1,0,0,,true,0.00219761686,-53.160960,3.36197426e-07,-129.468086,-76.307126,0.093189,4.5144995e-05,profile_20_44/mix_02_input.wav,profile_20_44/mix_02_q2.1m.wav
20,44,41,2,4.054161;4.201300,2.2,0,0,,true,0.00219761686,-53.160960,3.40487576e-07,-129.357949,-76.196989,0.110137,4.45610651e-05,profile_20_44/mix_02_input.wav,profile_20_44/mix_02_q2.2m.wav
20,44,41,2,4.054161;4.201300,2.3,0,0,,true,0.00219761686,-53.160960,3.45359152e-07,-129.234555,-76.073595,0.123394,4.4797719e-05,profile_20_44/mix_02_input.wav,profile_20_44/mix_02_q2.3m.wav
20,44,41,2,4.054161;4.201300,2.4,0,0,,true,0.00219761686,-53.160960,3.50520914e-07,-129.105696,-75.944736,0.128859,4.51236395e-05,profile_20_44/mix_02_input.wav,profile_20_44/mix_02_q2.4m.wav
20,44,41,2,4.054161;4.201300,2.5,0,0,,true,0.00219761686,-53.160960,3.5571543e-07,-128.977921,-75.816961,0.127775,4.52942382e-05,profile_20_44/mix_02_input.wav,profile_20_44/mix_02_q2.5m.wav
20,44,41,2,4.054161;4.201300,2.6,0,0,,true,0.00219761686,-53.160960,3.60765523e-07,-128.855475,-75.694515,0.122446,4.56140705e-05,profile_20_44/mix_02_input.wav,profile_20_44/mix_02_q2.6m.wav
20,44,41,2,4.054161;4.201300,2.7,0,0,,true,0.00219761686,-53.160960,3.65510684e-07,-128.741975,-75.581014,0.113501,4.54122322e-05,profile_20_44/mix_02_input.wav,profile_20_44/mix_02_q2.7m.wav
20,44,41,2,4.054161;4.201300,2.8,0,0,,true,0.00219761686,-53.160960,3.72378051e-07,-128.580295,-75.419335,0.161680,4.5471158e-05,profile_20_44/mix_02_input.wav,profile_20_44/mix_02_q2.8m.wav
20,44,41,2,4.054161;4.201300,2.9,0,0,,true,0.00219761686,-53.160960,3.77575971e-07,-128.459890,-75.298930,0.120405,4.57377226e-05,profile_20_44/mix_02_input.wav,profile_20_44/mix_02_q2.9m.wav
20,44,41,2,4.054161;4.201300,3.0,0,0,,true,0.00219761686,-53.160960,3.83747425e-07,-128.319068,-75.158107,0.140822,4.64319546e-05,profile_20_44/mix_02_input.wav,profile_20_44/mix_02_q3m.wav
20,44,41,2,4.054161;4.201300,3.1,0,0,,true,0.00219761686,-53.160960,3.88918596e-07,-128.202803,-75.041843,0.116264,4.64912684e-05,profile_20_44/mix_02_input.wav,profile_20_44/mix_02_q3.1m.wav
20,44,41,2,4.054161;4.201300,3.2,0,0,,true,0.00219761686,-53.160960,3.95784884e-07,-128.050794,-74.889834,0.152009,4.76673601e-05,profile_20_44/mix_02_input.wav,profile_20_44/mix_02_q3.2m.wav
20,44,41,2,4.054161;4.201300,3.3,0,0,,true,0.00219761686,-53.160960,4.03775852e-07,-127.877172,-74.716211,0.173622,4.92971952e-05,profile_20_44/mix_02_input.wav,profile_20_44/mix_02_q3.3m.wav
20,44,41,2,4.054161;4.201300,3.4,0,0,,true,0.00219761686,-53.160960,4.14680074e-07,-127.645716,-74.484755,0.231456,5.1797293e-05,profile_20_44/mix_02_input.wav,profile_20_44/mix_02_q3.4m.wav
20,44,41,2,4.054161;4.201300,3.5,0,0,,true,0.00219761686,-53.160960,4.33384601e-07,-127.262510,-74.101550,0.383205,5.56206305e-05,profile_20_44/mix_02_input.wav,profile_20_44/mix_02_q3.5m.wav
20,44,41,2,4.054161;4.201300,3.6,0,0,,true,0.00219761686,-53.160960,4.64985362e-07,-126.651196,-73.490235,0.611315,6.45737679e-05,profile_20_44/mix_02_input.wav,profile_20_44/mix_02_q3.6m.wav
20,44,41,2,4.054161;4.201300,3.7,0,0,,true,0.00219761686,-53.160960,5.41391702e-07,-125.329752,-72.168792,1.321444,8.25221784e-05,profile_20_44/mix_02_input.wav,profile_20_44/mix_02_q3.7m.wav
20,44,41,2,4.054161;4.201300,3.8,0,0,,true,0.00219761686,-53.160960,1.29745532e-06,-117.738145,-64.577185,7.591607,0.00012922309,profile_20_44/mix_02_input.wav,profile_20_44/mix_02_q3.8m.wav
20,44,41,2,4.054161;4.201300,3.9,0,0,,true,0.00219761686,-53.160960,3.53600062e-06,-109.029751,-55.868790,8.708394,0.00019776982,profile_20_44/mix_02_input.wav,profile_20_44/mix_02_q3.9m.wav
20,44,41,2,4.054161;4.201300,4.0,0,0,,true,0.00219761686,-53.160960,7.48644718e-06,-102.514484,-49.353523,6.515267,0.000324962758,profile_20_44/mix_02_input.wav,profile_20_44/mix_02_q4m.wav
0,none,42,0,none,0.0,0,,,,0.0499999979,-26.020600,2.29512963e-06,-112.783852,-86.763252,,,profile_00_none/mix_03_input.wav,profile_00_none/mix_03_q0m.wav
0,none,42,0,none,0.1,0,0,,true,0.0499999979,-26.020600,1.48086227e-06,-116.589701,-90.569100,-3.805849,2.66928111e-05,profile_00_none/mix_03_input.wav,profile_00_none/mix_03_q0.1m.wav
0,none,42,0,none,0.2,0,0,,true,0.0499999979,-26.020600,1.55842676e-06,-116.146267,-90.125666,0.443434,2.27659448e-05,profile_00_none/mix_03_input.wav,profile_00_none/mix_03_q0.2m.wav
0,none,42,0,none,0.3,0,0,,true,0.0499999979,-26.020600,9.35838727e-06,-100.575979,-74.555379,15.570288,4.54720449e-05,profile_00_none/mix_03_input.wav,profile_00_none/mix_03_q0.3m.wav
0,none,42,0,none,0.4,0,0,,true,0.0499999979,-26.020600,7.56652828e-05,-82.422067,-56.401466,18.153912,0.00018559317,profile_00_none/mix_03_input.wav,profile_00_none/mix_03_q0.4m.wav
0,none,42,0,none,0.5,0,0,,true,0.0499999979,-26.020600,7.10125251e-05,-82.973301,-56.952700,-0.551234,0.000161273935,profile_00_none/mix_03_input.wav,profile_00_none/mix_03_q0.5m.wav
0,none,42,0,none,0.6,0,0,,true,0.0499999979,-26.020600,5.07923287e-05,-85.884037,-59.863437,-2.910737,0.00010580447,profile_00_none/mix_03_input.wav,profile_00_none/mix_03_q0.6m.wav
0,none,42,0,none,0.7,0,0,,true,0.0499999979,-26.020600,9.92065271e-05,-80.069195,-54.048595,5.814842,0.000131190733,profile_00_none/mix_03_input.wav,profile_00_none/mix_03_q0.7m.wav
0,none,42,0,none,0.8,0,0,,true,0.0499999979,-26.020600,4.50587241e-05,-86.924422,-60.903822,-6.855227,0.000134987673,profile_00_none/mix_03_input.wav,profile_00_none/mix_03_q0.8m.wav
0,none,42,0,none,0.9,0,0,,true,0.0499999979,-26.020600,3.977022e-05,-88.008840,-61.988240,-1.084418,4.67323181e-05,profile_00_none/mix_03_input.wav,profile_00_none/mix_03_q0.9m.wav
0,none,42,0,none,1.0,0,0,,true,0.0499999979,-26.020600,3.92833133e-05,-88.115838,-62.095237,-0.106998,3.13472323e-05,profile_00_none/mix_03_input.wav,profile_00_none/mix_03_q1m.wav
0,none,42,0,none,1.1,0,0,,true,0.0499999979,-26.020600,3.87923342e-05,-88.225082,-62.204481,-0.109244,2.44896374e-05,profile_00_none/mix_03_input.wav,profile_00_none/mix_03_q1.1m.wav
0,none,42,0,none,1.2,0,0,,true,0.0499999979,-26.020600,3.94483833e-05,-88.079416,-62.058815,0.145666,2.38487551e-05,profile_00_none/mix_03_input.wav,profile_00_none/mix_03_q1.2m.wav
0,none,42,0,none,1.3,0,0,,true,0.0499999979,-26.020600,3.96630478e-05,-88.032278,-62.011678,0.047137,2.39555753e-05,profile_00_none/mix_03_input.wav,profile_00_none/mix_03_q1.3m.wav
0,none,42,0,none,1.4,0,0,,true,0.0499999979,-26.020600,3.91062899e-05,-88.155067,-62.134467,-0.122789,2.09444019e-05,profile_00_none/mix_03_input.wav,profile_00_none/mix_03_q1.4m.wav
0,none,42,0,none,1.5,0,0,,true,0.0499999979,-26.020600,3.82593754e-05,-88.345242,-62.324642,-0.190175,2.13449116e-05,profile_00_none/mix_03_input.wav,profile_00_none/mix_03_q1.5m.wav
0,none,42,0,none,1.6,0,0,,true,0.0499999979,-26.020600,3.77093294e-05,-88.471024,-62.450423,-0.125781,2.12897189e-05,profile_00_none/mix_03_input.wav,profile_00_none/mix_03_q1.6m.wav
0,none,42,0,none,1.7,0,0,,true,0.0499999979,-26.020600,3.64601284e-05,-88.763636,-62.743036,-0.292612,2.42418251e-05,profile_00_none/mix_03_input.wav,profile_00_none/mix_03_q1.7m.wav
0,none,42,0,none,1.8,0,0,,true,0.0499999979,-26.020600,3.60949995e-05,-88.851059,-62.830459,-0.087423,1.92838646e-05,profile_00_none/mix_03_input.wav,profile_00_none/mix_03_q1.8m.wav
0,none,42,0,none,1.9,0,0,,true,0.0499999979,-26.020600,3.60489575e-05,-88.862146,-62.841545,-0.011087,1.95502124e-05,profile_00_none/mix_03_input.wav,profile_00_none/mix_03_q1.9m.wav
0,none,42,0,none,2.0,0,0,,true,0.0499999979,-26.020600,3.63803691e-05,-88.782658,-62.762057,0.079488,2.04659145e-05,profile_00_none/mix_03_input.wav,profile_00_none/mix_03_q2m.wav
0,none,42,0,none,2.1,0,0,,true,0.0499999979,-26.020600,3.66512045e-05,-88.718235,-62.697634,0.064423,2.11644837e-05,profile_00_none/mix_03_input.wav,profile_00_none/mix_03_q2.1m.wav
0,none,42,0,none,2.2,0,0,,true,0.0499999979,-26.020600,3.72310676e-05,-88.581890,-62.561290,0.136345,2.4999964e-05,profile_00_none/mix_03_input.wav,profile_00_none/mix_03_q2.2m.wav
0,none,42,0,none,2.3,0,0,,true,0.0499999979,-26.020600,3.77156482e-05,-88.469568,-62.448968,0.112322,2.49853234e-05,profile_00_none/mix_03_input.wav,profile_00_none/mix_03_q2.3m.wav
0,none,42,0,none,2.4,0,0,,true,0.0499999979,-26.020600,3.78283666e-05,-88.443648,-62.423048,0.025920,2.75641662e-05,profile_00_none/mix_03_input.wav,profile_00_none/mix_03_q2.4m.wav
0,none,42,0,none,2.5,0,0,,true,0.0499999979,-26.020600,3.85601677e-05,-88.277221,-62.256621,0.166426,3.08504663e-05,profile_00_none/mix_03_input.wav,profile_00_none/mix_03_q2.5m.wav
0,none,42,0,none,2.6,0,0,,true,0.0499999979,-26.020600,4.07364615e-05,-87.800334,-61.779733,0.476888,3.76985456e-05,profile_00_none/mix_03_input.wav,profile_00_none/mix_03_q2.6m.wav
0,none,42,0,none,2.7,0,0,,true,0.0499999979,-26.020600,4.40234895e-05,-87.126311,-61.105710,0.674023,4.12720937e-05,profile_00_none/mix_03_input.wav,profile_00_none/mix_03_q2.7m.wav
0,none,42,0,none,2.8,0,0,,true,0.0499999979,-26.020600,4.89054038e-05,-86.212863,-60.192263,0.913448,4.41185166e-05,profile_00_none/mix_03_input.wav,profile_00_none/mix_03_q2.8m.wav
0,none,42,0,none,2.9,0,0,,true,0.0499999979,-26.020600,5.34384512e-05,-85.442923,-59.422322,0.769940,4.20055557e-05,profile_00_none/mix_03_input.wav,profile_00_none/mix_03_q2.9m.wav
0,none,42,0,none,3.0,0,0,,true,0.0499999979,-26.020600,5.77690686e-05,-84.766093,-58.745492,0.676830,4.01079904e-05,profile_00_none/mix_03_input.wav,profile_00_none/mix_03_q3m.wav
0,none,42,0,none,3.1,0,0,,true,0.0499999979,-26.020600,6.16876702e-05,-84.196032,-58.175432,0.570060,3.55617423e-05,profile_00_none/mix_03_input.wav,profile_00_none/mix_03_q3.1m.wav
0,none,42,0,none,3.2,0,0,,true,0.0499999979,-26.020600,6.4020445e-05,-83.873626,-57.853026,0.322406,3.12746296e-05,profile_00_none/mix_03_input.wav,profile_00_none/mix_03_q3.2m.wav
0,none,42,0,none,3.3,0,0,,true,0.0499999979,-26.020600,6.49231824e-05,-83.752004,-57.731404,0.121622,2.78295704e-05,profile_00_none/mix_03_input.wav,profile_00_none/mix_03_q3.3m.wav
0,none,42,0,none,3.4,0,0,,true,0.0499999979,-26.020600,6.36239249e-05,-83.927591,-57.906990,-0.175587,2.55679753e-05,profile_00_none/mix_03_input.wav,profile_00_none/mix_03_q3.4m.wav
0,none,42,0,none,3.5,0,0,,true,0.0499999979,-26.020600,5.93318088e-05,-84.534248,-58.513648,-0.606657,4.01951882e-05,profile_00_none/mix_03_input.wav,profile_00_none/mix_03_q3.5m.wav
0,none,42,0,none,3.6,0,0,,true,0.0499999979,-26.020600,5.20018796e-05,-85.679619,-59.659019,-1.145371,5.60945114e-05,profile_00_none/mix_03_input.wav,profile_00_none/mix_03_q3.6m.wav
0,none,42,0,none,3.7,0,0,,true,0.0499999979,-26.020600,4.44269682e-05,-87.047066,-61.026466,-1.367447,6.15226716e-05,profile_00_none/mix_03_input.wav,profile_00_none/mix_03_q3.7m.wav
0,none,42,0,none,3.8,0,0,,true,0.0499999979,-26.020600,3.933874e-05,-88.103591,-62.082991,-1.056525,5.89888647e-05,profile_00_none/mix_03_input.wav,profile_00_none/mix_03_q3.8m.wav
0,none,42,0,none,3.9,0,0,,true,0.0499999979,-26.020600,3.85018204e-05,-88.290374,-62.269774,-0.186784,4.68725713e-05,profile_00_none/mix_03_input.wav,profile_00_none/mix_03_q3.9m.wav
0,none,42,0,none,4.0,0,0,,true,0.0499999979,-26.020600,3.88819882e-05,-88.205030,-62.184430,0.085344,3.17412186e-05,profile_00_none/mix_03_input.wav,profile_00_none/mix_03_q4m.wav
1,0,43,1,0.295712,0.0,0,,,,0.0140367796,-37.054650,1.41509108e-06,-116.984306,-79.929656,,,profile_01_0/mix_03_input.wav,profile_01_0/mix_03_q0m.wav
1,0,43,1,0.295712,0.1,0,0,,true,0.0140367796,-37.054650,1.00792827e-06,-119.931399,-82.876748,-2.947093,7.95241346e-05,profile_01_0/mix_03_input.wav,profile_01_0/mix_03_q0.1m.wav
1,0,43,1,0.295712,0.2,0,0,,true,0.0140367796,-37.054650,1.21011143e-06,-118.343486,-81.288835,1.587913,7.40335662e-05,profile_01_0/mix_03_input.wav,profile_01_0/mix_03_q0.2m.wav
1,0,43,1,0.295712,0.3,1,1,0.295712,false,0.0140367796,-37.054650,0.000243385781,-72.274096,-35.219446,46.069390,0.00131042886,profile_01_0/mix_03_input.wav,profile_01_0/mix_03_q0.3m.wav
1,0,43,1,0.295712,0.4,1,0,,true,0.0140367796,-37.054650,0.00475931658,-46.449108,-9.394458,25.824988,0.0814704082,profile_01_0/mix_03_input.wav,profile_01_0/mix_03_q0.4m.wav
1,0,43,1,0.295712,0.5,1,0,,true,0.0140367796,-37.054650,0.00818630563,-41.738241,-4.683591,4.710867,0.199693007,profile_01_0/mix_03_input.wav,profile_01_0/mix_03_q0.5m.wav
1,0,43,1,0.295712,0.6,1,0,,true,0.0140367796,-37.054650,0.0138348243,-37.180527,-0.125877,4.557714,0.338414279,profile_01_0/mix_03_input.wav,profile_01_0/mix_03_q0.6m.wav
1,0,43,1,0.295712,0.7,1,0,,true,0.0140367796,-37.054650,0.0139777957,-37.091226,-0.036576,0.089301,0.010895808,profile_01_0/mix_03_input.wav,profile_01_0/mix_03_q0.7m.wav
1,0,43,1,0.295712,0.8,1,0,,true,0.0140367796,-37.054650,0.0140111284,-37.070538,-0.015887,0.020688,0.00443647091,profile_01_0/mix_03_input.wav,profile_01_0/mix_03_q0.8m.wav
1,0,43,1,0.295712,0.9,1,0,,true,0.0140367796,-37.054650,0.0140300397,-37.058822,-0.004172,0.011716,0.00251751231,profile_01_0/mix_03_input.wav,profile_01_0/mix_03_q0.9m.wav
1,0,43,1,0.295712,1.0,1,0,,true,0.0140367796,-37.054650,0.0140408741,-37.052117,0.002533,0.006705,0.00161170033,profile_01_0/mix_03_input.wav,profile_01_0/mix_03_q1m.wav
1,0,43,1,0.295712,1.1,1,0,,true,0.0140367796,-37.054650,0.0140474678,-37.048039,0.006611,0.004078,0.00125681442,profile_01_0/mix_03_input.wav,profile_01_0/mix_03_q1.1m.wav
1,0,43,1,0.295712,1.2,1,0,,true,0.0140367796,-37.054650,0.0140515428,-37.045520,0.009131,0.002519,0.000937872936,profile_01_0/mix_03_input.wav,profile_01_0/mix_03_q1.2m.wav
1,0,43,1,0.295712,1.3,1,0,,true,0.0140367796,-37.054650,0.0140535563,-37.044275,0.010375,0.001245,0.000624656172,profile_01_0/mix_03_input.wav,profile_01_0/mix_03_q1.3m.wav
1,0,43,1,0.295712,1.4,1,0,,true,0.0140367796,-37.054650,0.0140551749,-37.043275,0.011375,0.001000,0.000576446559,profile_01_0/mix_03_input.wav,profile_01_0/mix_03_q1.4m.wav
1,0,43,1,0.295712,1.5,1,0,,true,0.0140367796,-37.054650,0.0140560343,-37.042744,0.011907,0.000531,0.000507051646,profile_01_0/mix_03_input.wav,profile_01_0/mix_03_q1.5m.wav
1,0,43,1,0.295712,1.6,1,0,,true,0.0140367796,-37.054650,0.0140567093,-37.042327,0.012324,0.000417,0.000455029767,profile_01_0/mix_03_input.wav,profile_01_0/mix_03_q1.6m.wav
1,0,43,1,0.295712,1.7,1,0,,true,0.0140367796,-37.054650,0.0140577954,-37.041656,0.012995,0.000671,0.00038768593,profile_01_0/mix_03_input.wav,profile_01_0/mix_03_q1.7m.wav
1,0,43,1,0.295712,1.8,1,0,,true,0.0140367796,-37.054650,0.0140588284,-37.041017,0.013633,0.000638,0.0003848203,profile_01_0/mix_03_input.wav,profile_01_0/mix_03_q1.8m.wav
1,0,43,1,0.295712,1.9,1,0,,true,0.0140367796,-37.054650,0.0140601693,-37.040189,0.014461,0.000828,0.000403317213,profile_01_0/mix_03_input.wav,profile_01_0/mix_03_q1.9m.wav
1,0,43,1,0.295712,2.0,1,0,,true,0.0140367796,-37.054650,0.0140609284,-37.039720,0.014930,0.000469,0.000384672149,profile_01_0/mix_03_input.wav,profile_01_0/mix_03_q2m.wav
1,0,43,1,0.295712,2.1,1,0,,true,0.0140367796,-37.054650,0.0140617213,-37.039230,0.015420,0.000490,0.000344265348,profile_01_0/mix_03_input.wav,profile_01_0/mix_03_q2.1m.wav
1,0,43,1,0.295712,2.2,1,0,,true,0.0140367796,-37.054650,0.0140623641,-37.038833,0.015817,0.000397,0.000343610835,profile_01_0/mix_03_input.wav,profile_01_0/mix_03_q2.2m.wav
1,0,43,1,0.295712,2.3,1,0,,true,0.0140367796,-37.054650,0.0140630276,-37.038423,0.016227,0.000410,0.000358466375,profile_01_0/mix_03_input.wav,profile_01_0/mix_03_q2.3m.wav
1,0,43,1,0.295712,2.4,1,0,,true,0.0140367796,-37.054650,0.0140634108,-37.038187,0.016464,0.000237,0.000357380821,profile_01_0/mix_03_input.wav,profile_01_0/mix_03_q2.4m.wav
1,0,43,1,0.295712,2.5,1,0,,true,0.0140367796,-37.054650,0.014063895,-37.037888,0.016763,0.000299,0.000353561557,profile_01_0/mix_03_input.wav,profile_01_0/mix_03_q2.5m.wav
1,0,43,1,0.295712,2.6,1,0,,true,0.0140367796,-37.054650,0.0140643891,-37.037583,0.017068,0.000305,0.000349043785,profile_01_0/mix_03_input.wav,profile_01_0/mix_03_q2.6m.wav
1,0,43,1,0.295712,2.7,1,0,,true,0.0140367796,-37.054650,0.0140646097,-37.037446,0.017204,0.000136,0.000314879176,profile_01_0/mix_03_input.wav,profile_01_0/mix_03_q2.7m.wav
1,0,43,1,0.295712,2.8,1,0,,true,0.0140367796,-37.054650,0.0140648084,-37.037324,0.017327,0.000123,0.000287685719,profile_01_0/mix_03_input.wav,profile_01_0/mix_03_q2.8m.wav
1,0,43,1,0.295712,2.9,1,0,,true,0.0140367796,-37.054650,0.0140648619,-37.037291,0.017360,0.000033,0.000265428828,profile_01_0/mix_03_input.wav,profile_01_0/mix_03_q2.9m.wav
1,0,43,1,0.295712,3.0,1,0,,true,0.0140367796,-37.054650,0.0140647908,-37.037334,0.017316,-0.000044,0.000249663569,profile_01_0/mix_03_input.wav,profile_01_0/mix_03_q3m.wav
1,0,43,1,0.295712,3.1,1,0,,true,0.0140367796,-37.054650,0.0140649049,-37.037264,0.017386,0.000070,0.000249575336,profile_01_0/mix_03_input.wav,profile_01_0/mix_03_q3.1m.wav
1,0,43,1,0.295712,3.2,1,0,,true,0.0140367796,-37.054650,0.0140652108,-37.037075,0.017575,0.000189,0.000273771145,profile_01_0/mix_03_input.wav,profile_01_0/mix_03_q3.2m.wav
1,0,43,1,0.295712,3.3,1,0,,true,0.0140367796,-37.054650,0.0140658946,-37.036653,0.017998,0.000422,0.000314011815,profile_01_0/mix_03_input.wav,profile_01_0/mix_03_q3.3m.wav
1,0,43,1,0.295712,3.4,1,0,,true,0.0140367796,-37.054650,0.0140657642,-37.036733,0.017917,-0.000081,0.000515137477,profile_01_0/mix_03_input.wav,profile_01_0/mix_03_q3.4m.wav
1,0,43,1,0.295712,3.5,1,0,,true,0.0140367796,-37.054650,0.0140662819,-37.036414,0.018237,0.000320,0.000514348258,profile_01_0/mix_03_input.wav,profile_01_0/mix_03_q3.5m.wav
1,0,43,1,0.295712,3.6,1,0,,true,0.0140367796,-37.054650,0.0140670542,-37.035937,0.018714,0.000477,0.000618069635,profile_01_0/mix_03_input.wav,profile_01_0/mix_03_q3.6m.wav
1,0,43,1,0.295712,3.7,1,0,,true,0.0140367796,-37.054650,0.0140688322,-37.034839,0.019811,0.001098,0.000665542349,profile_01_0/mix_03_input.wav,profile_01_0/mix_03_q3.7m.wav
1,0,43,1,0.295712,3.8,1,0,,true,0.0140367796,-37.054650,0.0140698509,-37.034210,0.020440,0.000629,0.000781586871,profile_01_0/mix_03_input.wav,profile_01_0/mix_03_q3.8m.wav
1,0,43,1,0.295712,3.9,1,0,,true,0.0140367796,-37.054650,0.0140706312,-37.033728,0.020922,0.000482,0.000906900193,profile_01_0/mix_03_input.wav,profile_01_0/mix_03_q3.9m.wav
1,0,43,1,0.295712,4.0,1,0,,true,0.0140367796,-37.054650,0.0140712548,-37.033343,0.021307,0.000385,0.00103807177,profile_01_0/mix_03_input.wav,profile_01_0/mix_03_q4m.wav
2,1,44,1,1.066653,0.0,0,,,,0.00673840079,-43.428863,6.42785631e-07,-123.838663,-80.409800,,,profile_02_1/mix_03_input.wav,profile_02_1/mix_03_q0m.wav
2,1,44,1,1.066653,0.1,0,0,,true,0.00673840079,-43.428863,4.51152856e-07,-126.913507,-83.484643,-3.074843,6.92433339e-05,profile_02_1/mix_03_input.wav,profile_02_1/mix_03_q0.1m.wav
2,1,44,1,1.066653,0.2,0,0,,true,0.00673840079,-43.428863,5.33443972e-07,-125.458207,-82.029344,1.455299,6.34692154e-05,profile_02_1/mix_03_input.wav,profile_02_1/mix_03_q0.2m.wav
2,1,44,1,1.066653,0.3,0,0,,true,0.00673840079,-43.428863,6.56994625e-07,-123.648750,-80.219887,1.809457,7.33027021e-05,profile_02_1/mix_03_input.wav,profile_02_1/mix_03_q0.3m.wav
2,1,44,1,1.066653,0.4,0,0,,true,0.00673840079,-43.428863,4.12511245e-06,-107.691282,-64.262419,15.957468,0.000122038875,profile_02_1/mix_03_input.wav,profile_02_1/mix_03_q0.4m.wav
2,1,44,1,1.066653,0.5,0,0,,true,0.00673840079,-43.428863,5.73408371e-06,-104.830718,-61.401855,2.860564,8.75591417e-05,profile_02_1/mix_03_input.wav,profile_02_1/mix_03_q0.5m.wav
2,1,44,1,1.066653,0.6,0,0,,true,0.00673840079,-43.428863,6.28174717e-06,-104.038390,-60.609526,0.792328,6.72606897e-05,profile_02_1/mix_03_input.wav,profile_02_1/mix_03_q0.6m.wav
2,1,44,1,1.066653,0.7,0,0,,true,0.00673840079,-43.428863,6.80350319e-06,-103.345347,-59.916484,0.693043,6.40030883e-05,profile_02_1/mix_03_input.wav,profile_02_1/mix_03_q0.7m.wav
2,1,44,1,1.066653,0.8,0,0,,true,0.00673840079,-43.428863,7.78024881e-06,-102.180129,-58.751266,1.165218,7.8995015e-05,profile_02_1/mix_03_input.wav,profile_02_1/mix_03_q0.8m.wav
2,1,44,1,1.066653,0.9,0,0,,true,0.00673840079,-43.428863,1.02690978e-05,-99.769353,-56.340490,2.410776,0.000126061156,profile_02_1/mix_03_input.wav,profile_02_1/mix_03_q0.9m.wav
2,1,44,1,1.066653,1.0,0,0,,true,0.00673840079,-43.428863,5.16245524e-05,-85.742874,-42.314011,14.026480,0.000904467827,profile_02_1/mix_03_input.wav,profile_02_1/mix_03_q1m.wav
2,1,44,1,1.066653,1.1,1,1,1.066653,false,0.00673840079,-43.428863,0.000300620869,-70.439617,-27.010754,15.303256,0.0056165993,profile_02_1/mix_03_input.wav,profile_02_1/mix_03_q1.1m.wav
2,1,44,1,1.066653,1.2,1,0,,true,0.00673840079,-43.428863,0.00102447121,-59.790005,-16.361142,10.649613,0.0309863606,profile_02_1/mix_03_input.wav,profile_02_1/mix_03_q1.2m.wav
2,1,44,1,1.066653,1.3,1,0,,true,0.00673840079,-43.428863,0.00501513278,-45.994351,-2.565488,13.795654,0.381307156,profile_02_1/mix_03_input.wav,profile_02_1/mix_03_q1.3m.wav
2,1,44,1,1.066653,1.4,1,0,,true,0.00673840079,-43.428863,0.00669224543,-43.488563,-0.059700,2.505788,0.168228515,profile_02_1/mix_03_input.wav,profile_02_1/mix_03_q1.4m.wav
2,1,44,1,1.066653,1.5,1,0,,true,0.00673840079,-43.428863,0.00669575366,-43.484011,-0.055147,0.004552,0.00152783888,profile_02_1/mix_03_input.wav,profile_02_1/mix_03_q1.5m.wav
2,1,44,1,1.066653,1.6,1,0,,true,0.00673840079,-43.428863,0.00669800001,-43.481097,-0.052234,0.002914,0.0010696828,profile_02_1/mix_03_input.wav,profile_02_1/mix_03_q1.6m.wav
2,1,44,1,1.066653,1.7,1,0,,true,0.00673840079,-43.428863,0.00669770202,-43.481484,-0.052620,-0.000386,0.000547041712,profile_02_1/mix_03_input.wav,profile_02_1/mix_03_q1.7m.wav
2,1,44,1,1.066653,1.8,1,0,,true,0.00673840079,-43.428863,0.00669741028,-43.481862,-0.052999,-0.000378,0.000360225128,profile_02_1/mix_03_input.wav,profile_02_1/mix_03_q1.8m.wav
2,1,44,1,1.066653,1.9,1,0,,true,0.00673840079,-43.428863,0.00669731691,-43.481983,-0.053120,-0.000121,0.000323217725,profile_02_1/mix_03_input.wav,profile_02_1/mix_03_q1.9m.wav
2,1,44,1,1.066653,2.0,1,0,,true,0.00673840079,-43.428863,0.00669664102,-43.482860,-0.053996,-0.000877,0.000393257271,profile_02_1/mix_03_input.wav,profile_02_1/mix_03_q2m.wav
2,1,44,1,1.066653,2.1,1,0,,true,0.00673840079,-43.428863,0.00669602351,-43.483661,-0.054797,-0.000801,0.000306092357,profile_02_1/mix_03_input.wav,profile_02_1/mix_03_q2.1m.wav
2,1,44,1,1.066653,2.2,1,0,,true,0.00673840079,-43.428863,0.00669553967,-43.484288,-0.055425,-0.000628,0.000248313337,profile_02_1/mix_03_input.wav,profile_02_1/mix_03_q2.2m.wav
2,1,44,1,1.066653,2.3,1,0,,true,0.00673840079,-43.428863,0.00669551554,-43.484320,-0.055456,-0.000031,0.000261184729,profile_02_1/mix_03_input.wav,profile_02_1/mix_03_q2.3m.wav
2,1,44,1,1.066653,2.4,1,0,,true,0.00673840079,-43.428863,0.00669553768,-43.484291,-0.055428,0.000029,0.000235337696,profile_02_1/mix_03_input.wav,profile_02_1/mix_03_q2.4m.wav
2,1,44,1,1.066653,2.5,1,0,,true,0.00673840079,-43.428863,0.00669539227,-43.484479,-0.055616,-0.000189,0.000228135326,profile_02_1/mix_03_input.wav,profile_02_1/mix_03_q2.5m.wav
2,1,44,1,1.066653,2.6,1,0,,true,0.00673840079,-43.428863,0.00669527505,-43.484632,-0.055768,-0.000152,0.000210754456,profile_02_1/mix_03_input.wav,profile_02_1/mix_03_q2.6m.wav
2,1,44,1,1.066653,2.7,1,0,,true,0.00673840079,-43.428863,0.00669498802,-43.485004,-0.056141,-0.000372,0.000192612969,profile_02_1/mix_03_input.wav,profile_02_1/mix_03_q2.7m.wav
2,1,44,1,1.066653,2.8,1,0,,true,0.00673840079,-43.428863,0.00669457667,-43.485538,-0.056674,-0.000534,0.000184918829,profile_02_1/mix_03_input.wav,profile_02_1/mix_03_q2.8m.wav
2,1,44,1,1.066653,2.9,1,0,,true,0.00673840079,-43.428863,0.00669414656,-43.486096,-0.057232,-0.000558,0.000183780189,profile_02_1/mix_03_input.wav,profile_02_1/mix_03_q2.9m.wav
2,1,44,1,1.066653,3.0,1,0,,true,0.00673840079,-43.428863,0.00669357052,-43.486843,-0.057980,-0.000747,0.000186066697,profile_02_1/mix_03_input.wav,profile_02_1/mix_03_q3m.wav
2,1,44,1,1.066653,3.1,1,0,,true,0.00673840079,-43.428863,0.00669300869,-43.487572,-0.058709,-0.000729,0.000190120544,profile_02_1/mix_03_input.wav,profile_02_1/mix_03_q3.1m.wav
2,1,44,1,1.066653,3.2,1,0,,true,0.00673840079,-43.428863,0.00669240962,-43.488350,-0.059486,-0.000777,0.000208594653,profile_02_1/mix_03_input.wav,profile_02_1/mix_03_q3.2m.wav
2,1,44,1,1.066653,3.3,1,0,,true,0.00673840079,-43.428863,0.00669208003,-43.488777,-0.059914,-0.000428,0.000237747619,profile_02_1/mix_03_input.wav,profile_02_1/mix_03_q3.3m.wav
2,1,44,1,1.066653,3.4,1,0,,true,0.00673840079,-43.428863,0.00669204087,-43.488828,-0.059965,-0.000051,0.000310954449,profile_02_1/mix_03_input.wav,profile_02_1/mix_03_q3.4m.wav
2,1,44,1,1.066653,3.5,1,0,,true,0.00673840079,-43.428863,0.00669212817,-43.488715,-0.059852,0.000113,0.000354570076,profile_02_1/mix_03_input.wav,profile_02_1/mix_03_q3.5m.wav
2,1,44,1,1.066653,3.6,1,0,,true,0.00673840079,-43.428863,0.00669199047,-43.488894,-0.060031,-0.000179,0.000410936328,profile_02_1/mix_03_input.wav,profile_02_1/mix_03_q3.6m.wav
2,1,44,1,1.066653,3.7,1,0,,true,0.00673840079,-43.428863,0.0066915957,-43.489406,-0.060543,-0.000512,0.00046493406,profile_02_1/mix_03_input.wav,profile_02_1/mix_03_q3.7m.wav
2,1,44,1,1.066653,3.8,1,0,,true,0.00673840079,-43.428863,0.00669073485,-43.490524,-0.061660,-0.001117,0.000515519668,profile_02_1/mix_03_input.wav,profile_02_1/mix_03_q3.8m.wav
2,1,44,1,1.066653,3.9,1,0,,true,0.00673840079,-43.428863,0.00668968403,-43.491888,-0.063025,-0.001364,0.000562533516,profile_02_1/mix_03_input.wav,profile_02_1/mix_03_q3.9m.wav
2,1,44,1,1.066653,4.0,1,0,,true,0.00673840079,-43.428863,0.00668861664,-43.493274,-0.064411,-0.001386,0.000602283851,profile_02_1/mix_03_input.wav,profile_02_1/mix_03_q4m.wav
3,2,45,1,2.278806,0.0,0,,,,0.00304903508,-50.316752,3.48318092e-07,-129.160454,-78.843703,,,profile_03_2/mix_03_input.wav,profile_03_2/mix_03_q0m.wav
3,2,45,1,2.278806,0.1,0,0,,true,0.00304903508,-50.316752,2.51203342e-07,-131.999457,-81.682706,-2.839003,8.84315188e-05,profile_03_2/mix_03_input.wav,profile_03_2/mix_03_q0.1m.wav
3,2,45,1,2.278806,0.2,0,0,,true,0.00304903508,-50.316752,2.87063367e-07,-130.840414,-80.523663,1.159043,8.20984167e-05,profile_03_2/mix_03_input.wav,profile_03_2/mix_03_q0.2m.wav
3,2,45,1,2.278806,0.3,0,0,,true,0.00304903508,-50.316752,3.64390881e-07,-128.768626,-78.451875,2.071788,9.27276683e-05,profile_03_2/mix_03_input.wav,profile_03_2/mix_03_q0.3m.wav
3,2,45,1,2.278806,0.4,0,0,,true,0.00304903508,-50.316752,4.34317748e-07,-127.243828,-76.927077,1.524798,9.29224698e-05,profile_03_2/mix_03_input.wav,profile_03_2/mix_03_q0.4m.wav
3,2,45,1,2.278806,0.5,0,0,,true,0.00304903508,-50.316752,7.20765128e-07,-122.844113,-72.527361,4.399716,8.10677991e-05,profile_03_2/mix_03_input.wav,profile_03_2/mix_03_q0.5m.wav
3,2,45,1,2.278806,0.6,0,0,,true,0.00304903508,-50.316752,8.06253516e-07,-121.870557,-71.553805,0.973556,6.67470725e-05,profile_03_2/mix_03_input.wav,profile_03_2/mix_03_q0.6m.wav
3,2,45,1,2.278806,0.7,0,0,,true,0.00304903508,-50.316752,8.53149364e-07,-121.379488,-71.062737,0.491068,6.39587989e-05,profile_03_2/mix_03_input.wav,profile_03_2/mix_03_q0.7m.wav
3,2,45,1,2.278806,0.8,0,0,,true,0.00304903508,-50.316752,9.30981681e-07,-120.621168,-70.304416,0.758320,6.58333563e-05,profile_03_2/mix_03_input.wav,profile_03_2/mix_03_q0.8m.wav
3,2,45,1,2.278806,0.9,0,0,,true,0.00304903508,-50.316752,1.0003531e-06,-119.996925,-69.680173,0.624243,6.60028499e-05,profile_03_2/mix_03_input.wav,profile_03_2/mix_03_q0.9m.wav
3,2,45,1,2.278806,1.0,0,0,,true,0.00304903508,-50.316752,1.07712008e-06,-119.354710,-69.037958,0.642215,6.9189871e-05,profile_03_2/mix_03_input.wav,profile_03_2/mix_03_q1m.wav
3,2,45,1,2.278806,1.1,0,0,,true,0.00304903508,-50.316752,1.2001628e-06,-118.415190,-68.098438,0.939520,7.41351168e-05,profile_03_2/mix_03_input.wav,profile_03_2/mix_03_q1.1m.wav
3,2,45,1,2.278806,1.2,0,0,,true,0.00304903508,-50.316752,1.42124824e-06,-116.946595,-66.629844,1.468594,7.9693664e-05,profile_03_2/mix_03_input.wav,profile_03_2/mix_03_q1.2m.wav
3,2,45,1,2.278806,1.3,0,0,,true,0.00304903508,-50.316752,1.65850028e-06,-115.605684,-65.288932,1.340911,8.85851844e-05,profile_03_2/mix_03_input.wav,profile_03_2/mix_03_q1.3m.wav
3,2,45,1,2.278806,1.4,0,0,,true,0.00304903508,-50.316752,1.96592973e-06,-114.128636,-63.811884,1.477048,0.000106809675,profile_03_2/mix_03_input.wav,profile_03_2/mix_03_q1.4m.wav
3,2,45,1,2.278806,1.5,0,0,,true,0.00304903508,-50.316752,2.49363841e-06,-112.063327,-61.746575,2.065309,0.000118665884,profile_03_2/mix_03_input.wav,profile_03_2/mix_03_q1.5m.wav
3,2,45,1,2.278806,1.6,0,0,,true,0.00304903508,-50.316752,3.44127326e-06,-109.265614,-58.948863,2.797713,0.000134341091,profile_03_2/mix_03_input.wav,profile_03_2/mix_03_q1.6m.wav
3,2,45,1,2.278806,1.7,0,0,,true,0.00304903508,-50.316752,4.84166054e-06,-106.300111,-55.983360,2.965503,0.000152422524,profile_03_2/mix_03_input.wav,profile_03_2/mix_03_q1.7m.wav
3,2,45,1,2.278806,1.8,0,0,,true,0.00304903508,-50.316752,5.44165894e-06,-105.285372,-54.968620,1.014739,0.000156774593,profile_03_2/mix_03_input.wav,profile_03_2/mix_03_q1.8m.wav
3,2,45,1,2.278806,1.9,0,0,,true,0.00304903508,-50.316752,6.76623523e-06,-103.393057,-53.076305,1.892315,0.000190916809,profile_03_2/mix_03_input.wav,profile_03_2/mix_03_q1.9m.wav
3,2,45,1,2.278806,2.0,0,0,,true,0.00304903508,-50.316752,1.04856048e-05,-99.588129,-49.271378,3.804927,0.000423573618,profile_03_2/mix_03_input.wav,profile_03_2/mix_03_q2m.wav
3,2,45,1,2.278806,2.1,0,0,,true,0.00304903508,-50.316752,1.63140915e-05,-95.748742,-45.431990,3.839388,0.000635548685,profile_03_2/mix_03_input.wav,profile_03_2/mix_03_q2.1m.wav
3,2,45,1,2.278806,2.2,0,0,,true,0.00304903508,-50.316752,9.2675424e-05,-80.660708,-30.343957,15.088033,0.00834265462,profile_03_2/mix_03_input.wav,profile_03_2/mix_03_q2.2m.wav
3,2,45,1,2.278806,2.3,1,1,2.278806,false,0.00304903508,-50.316752,0.00304323173,-50.333300,-0.016548,30.327409,0.625389397,profile_03_2/mix_03_input.wav,profile_03_2/mix_03_q2.3m.wav
3,2,45,1,2.278806,2.4,1,0,,true,0.00304903508,-50.316752,0.00305220327,-50.307731,0.009021,0.025569,0.00640232842,profile_03_2/mix_03_input.wav,profile_03_2/mix_03_q2.4m.wav
3,2,45,1,2.278806,2.5,1,0,,true,0.00304903508,-50.316752,0.00305686737,-50.294468,0.022284,0.013263,0.00334754254,profile_03_2/mix_03_input.wav,profile_03_2/mix_03_q2.5m.wav
3,2,45,1,2.278806,2.6,1,0,,true,0.00304903508,-50.316752,0.00305694613,-50.294244,0.022507,0.000224,0.000588402415,profile_03_2/mix_03_input.wav,profile_03_2/mix_03_q2.6m.wav
3,2,45,1,2.278806,2.7,1,0,,true,0.00304903508,-50.316752,0.00305687503,-50.294446,0.022305,-0.000202,0.000397115727,profile_03_2/mix_03_input.wav,profile_03_2/mix_03_q2.7m.wav
3,2,45,1,2.278806,2.8,1,0,,true,0.00304903508,-50.316752,0.00305681592,-50.294614,0.022137,-0.000168,0.000389661215,profile_03_2/mix_03_input.wav,profile_03_2/mix_03_q2.8m.wav
3,2,45,1,2.278806,2.9,1,0,,true,0.00304903508,-50.316752,0.00305633062,-50.295993,0.020758,-0.001379,0.000622911881,profile_03_2/mix_03_input.wav,profile_03_2/mix_03_q2.9m.wav
3,2,45,1,2.278806,3.0,1,0,,true,0.00304903508,-50.316752,0.00305571002,-50.297757,0.018994,-0.001764,0.000521837956,profile_03_2/mix_03_input.wav,profile_03_2/mix_03_q3m.wav
3,2,45,1,2.278806,3.1,1,0,,true,0.00304903508,-50.316752,0.00305559546,-50.298083,0.018669,-0.000326,0.000414127392,profile_03_2/mix_03_input.wav,profile_03_2/mix_03_q3.1m.wav
3,2,45,1,2.278806,3.2,1,0,,true,0.00304903508,-50.316752,0.00305559575,-50.298082,0.018670,0.000001,0.000437880619,profile_03_2/mix_03_input.wav,profile_03_2/mix_03_q3.2m.wav
3,2,45,1,2.278806,3.3,1,0,,true,0.00304903508,-50.316752,0.00305556831,-50.298160,0.018592,-0.000078,0.000528966102,profile_03_2/mix_03_input.wav,profile_03_2/mix_03_q3.3m.wav
3,2,45,1,2.278806,3.4,1,0,,true,0.00304903508,-50.316752,0.00305561157,-50.298037,0.018715,0.000123,0.000533308822,profile_03_2/mix_03_input.wav,profile_03_2/mix_03_q3.4m.wav
3,2,45,1,2.278806,3.5,1,0,,true,0.00304903508,-50.316752,0.00305559609,-50.298081,0.018670,-0.000044,0.000664435099,profile_03_2/mix_03_input.wav,profile_03_2/mix_03_q3.5m.wav
3,2,45,1,2.278806,3.6,1,0,,true,0.00304903508,-50.316752,0.00305537837,-50.298700,0.018052,-0.000619,0.000913973892,profile_03_2/mix_03_input.wav,profile_03_2/mix_03_q3.6m.wav
3,2,45,1,2.278806,3.7,1,0,,true,0.00304903508,-50.316752,0.00305509242,-50.299513,0.017239,-0.000813,0.000896473331,profile_03_2/mix_03_input.wav,profile_03_2/mix_03_q3.7m.wav
3,2,45,1,2.278806,3.8,1,0,,true,0.00304903508,-50.316752,0.00305475965,-50.300459,0.016292,-0.000946,0.00130923963,profile_03_2/mix_03_input.wav,profile_03_2/mix_03_q3.8m.wav
3,2,45,1,2.278806,3.9,1,0,,true,0.00304903508,-50.316752,0.00305438102,-50.301536,0.015216,-0.001077,0.00125030921,profile_03_2/mix_03_input.wav,profile_03_2/mix_03_q3.9m.wav
3,2,45,1,2.278806,4.0,1,0,,true,0.00304903508,-50.316752,0.00305428506,-50.301809,0.014943,-0.000273,0.00137501988,profile_03_2/mix_03_input.wav,profile_03_2/mix_03_q4m.wav
4,3,46,1,3.348651,0.0,0,,,,0.00299073724,-50.484435,3.97329571e-07,-128.016960,-77.532526,,,profile_04_3/mix_03_input.wav,profile_04_3/mix_03_q0m.wav
4,3,46,1,3.348651,0.1,0,0,,true,0.00299073724,-50.484435,2.70762219e-07,-131.348207,-80.863772,-3.331246,9.76677727e-05,profile_04_3/mix_03_input.wav,profile_04_3/mix_03_q0.1m.wav
4,3,46,1,3.348651,0.2,0,0,,true,0.00299073724,-50.484435,3.07329359e-07,-130.247891,-79.763456,1.100316,8.66960961e-05,profile_04_3/mix_03_input.wav,profile_04_3/mix_03_q0.2m.wav
4,3,46,1,3.348651,0.3,0,0,,true,0.00299073724,-50.484435,3.74498141e-07,-128.530983,-78.046549,1.716907,9.77277096e-05,profile_04_3/mix_03_input.wav,profile_04_3/mix_03_q0.3m.wav
4,3,46,1,3.348651,0.4,0,0,,true,0.00299073724,-50.484435,4.74970333e-07,-126.466652,-75.982217,2.064331,0.000108550062,profile_04_3/mix_03_input.wav,profile_04_3/mix_03_q0.4m.wav
4,3,46,1,3.348651,0.5,0,0,,true,0.00299073724,-50.484435,5.22406875e-07,-125.639806,-75.155371,0.826846,8.18122741e-05,profile_04_3/mix_03_input.wav,profile_04_3/mix_03_q0.5m.wav
4,3,46,1,3.348651,0.6,0,0,,true,0.00299073724,-50.484435,5.37730219e-07,-125.388695,-74.904260,0.251111,7.0190913e-05,profile_04_3/mix_03_input.wav,profile_04_3/mix_03_q0.6m.wav
4,3,46,1,3.348651,0.7,0,0,,true,0.00299073724,-50.484435,5.470971e-07,-125.238696,-74.754261,0.149999,6.69113005e-05,profile_04_3/mix_03_input.wav,profile_04_3/mix_03_q0.7m.wav
4,3,46,1,3.348651,0.8,0,0,,true,0.00299073724,-50.484435,5.61603089e-07,-125.011395,-74.526960,0.227301,6.45208591e-05,profile_04_3/mix_03_input.wav,profile_04_3/mix_03_q0.8m.wav
4,3,46,1,3.348651,0.9,0,0,,true,0.00299073724,-50.484435,5.79493643e-07,-124.739011,-74.254577,0.272383,6.31439387e-05,profile_04_3/mix_03_input.wav,profile_04_3/mix_03_q0.9m.wav
4,3,46,1,3.348651,1.0,0,0,,true,0.00299073724,-50.484435,6.04209142e-07,-124.376240,-73.891805,0.362772,6.27498011e-05,profile_04_3/mix_03_input.wav,profile_04_3/mix_03_q1m.wav
4,3,46,1,3.348651,1.1,0,0,,true,0.00299073724,-50.484435,6.22697299e-07,-124.114446,-73.630012,0.261793,6.21090734e-05,profile_04_3/mix_03_input.wav,profile_04_3/mix_03_q1.1m.wav
4,3,46,1,3.348651,1.2,0,0,,true,0.00299073724,-50.484435,6.31667063e-07,-123.990222,-73.505787,0.124225,6.15869794e-05,profile_04_3/mix_03_input.wav,profile_04_3/mix_03_q1.2m.wav
4,3,46,1,3.348651,1.3,0,0,,true,0.00299073724,-50.484435,6.42951491e-07,-123.836422,-73.351988,0.153799,6.07632714e-05,profile_04_3/mix_03_input.wav,profile_04_3/mix_03_q1.3m.wav
4,3,46,1,3.348651,1.4,0,0,,true,0.00299073724,-50.484435,6.5532182e-07,-123.670894,-73.186459,0.165528,6.07353699e-05,profile_04_3/mix_03_input.wav,profile_04_3/mix_03_q1.4m.wav
4,3,46,1,3.348651,1.5,0,0,,true,0.00299073724,-50.484435,6.65640728e-07,-123.535189,-73.050754,0.135705,6.02413342e-05,profile_04_3/mix_03_input.wav,profile_04_3/mix_03_q1.5m.wav
4,3,46,1,3.348651,1.6,0,0,,true,0.00299073724,-50.484435,6.76609873e-07,-123.393221,-72.908786,0.141969,6.03699321e-05,profile_04_3/mix_03_input.wav,profile_04_3/mix_03_q1.6m.wav
4,3,46,1,3.348651,1.7,0,0,,true,0.00299073724,-50.484435,6.82590931e-07,-123.316777,-72.832342,0.076444,6.07870343e-05,profile_04_3/mix_03_input.wav,profile_04_3/mix_03_q1.7m.wav
4,3,46,1,3.348651,1.8,0,0,,true,0.00299073724,-50.484435,6.93221773e-07,-123.182544,-72.698109,0.134233,6.11209212e-05,profile_04_3/mix_03_input.wav,profile_04_3/mix_03_q1.8m.wav
4,3,46,1,3.348651,1.9,0,0,,true,0.00299073724,-50.484435,7.0603634e-07,-123.023447,-72.539012,0.159097,6.21238794e-05,profile_04_3/mix_03_input.wav,profile_04_3/mix_03_q1.9m.wav
4,3,46,1,3.348651,2.0,0,0,,true,0.00299073724,-50.484435,7.23533059e-07,-122.810820,-72.326386,0.212626,6.21614505e-05,profile_04_3/mix_03_input.wav,profile_04_3/mix_03_q2m.wav
4,3,46,1,3.348651,2.1,0,0,,true,0.00299073724,-50.484435,7.35085243e-07,-122.673234,-72.188799,0.137586,6.15427608e-05,profile_04_3/mix_03_input.wav,profile_04_3/mix_03_q2.1m.wav
4,3,46,1,3.348651,2.2,0,0,,true,0.00299073724,-50.484435,7.52252769e-07,-122.472713,-71.988278,0.200522,6.13205084e-05,profile_04_3/mix_03_input.wav,profile_04_3/mix_03_q2.2m.wav
4,3,46,1,3.348651,2.3,0,0,,true,0.00299073724,-50.484435,7.62944985e-07,-122.350124,-71.865689,0.122588,6.41779678e-05,profile_04_3/mix_03_input.wav,profile_04_3/mix_03_q2.3m.wav
4,3,46,1,3.348651,2.4,0,0,,true,0.00299073724,-50.484435,7.76140833e-07,-122.201178,-71.716743,0.148946,6.2821983e-05,profile_04_3/mix_03_input.wav,profile_04_3/mix_03_q2.4m.wav
4,3,46,1,3.348651,2.5,0,0,,true,0.00299073724,-50.484435,8.04936271e-07,-121.884759,-71.400324,0.316419,6.34342723e-05,profile_04_3/mix_03_input.wav,profile_04_3/mix_03_q2.5m.wav
4,3,46,1,3.348651,2.6,0,0,,true,0.00299073724,-50.484435,8.36055128e-07,-121.555291,-71.070856,0.329468,6.7402661e-05,profile_04_3/mix_03_input.wav,profile_04_3/mix_03_q2.6m.wav
4,3,46,1,3.348651,2.7,0,0,,true,0.00299073724,-50.484435,8.79287968e-07,-121.117368,-70.632933,0.437924,6.76386979e-05,profile_04_3/mix_03_input.wav,profile_04_3/mix_03_q2.7m.wav
4,3,46,1,3.348651,2.8,0,0,,true,0.00299073724,-50.484435,9.42923099e-07,-120.510465,-70.026030,0.606902,7.0308853e-05,profile_04_3/mix_03_input.wav,profile_04_3/mix_03_q2.8m.wav
4,3,46,1,3.348651,2.9,0,0,,true,0.00299073724,-50.484435,1.00217552e-06,-119.981116,-69.496681,0.529350,6.84672668e-05,profile_04_3/mix_03_input.wav,profile_04_3/mix_03_q2.9m.wav
4,3,46,1,3.348651,3.0,0,0,,true,0.00299073724,-50.484435,1.10451884e-06,-119.136530,-68.652095,0.844586,7.52895891e-05,profile_04_3/mix_03_input.wav,profile_04_3/mix_03_q3m.wav
4,3,46,1,3.348651,3.1,0,0,,true,0.00299073724,-50.484435,1.25584571e-06,-118.021267,-67.536833,1.115262,8.2093019e-05,profile_04_3/mix_03_input.wav,profile_04_3/mix_03_q3.1m.wav
4,3,46,1,3.348651,3.2,0,0,,true,0.00299073724,-50.484435,1.94757935e-06,-114.210092,-63.725658,3.811175,0.00011493207,profile_04_3/mix_03_input.wav,profile_04_3/mix_03_q3.2m.wav
4,3,46,1,3.348651,3.3,0,0,,true,0.00299073724,-50.484435,2.99082932e-05,-90.484167,-39.999732,23.725925,0.00135442722,profile_04_3/mix_03_input.wav,profile_04_3/mix_03_q3.3m.wav
4,3,46,1,3.348651,3.4,1,1,3.348651,false,0.00299073724,-50.484435,0.00259288951,-51.724320,-1.239885,38.759847,0.492442173,profile_04_3/mix_03_input.wav,profile_04_3/mix_03_q3.4m.wav
4,3,46,1,3.348651,3.5,1,0,,true,0.00299073724,-50.484435,0.00296336848,-50.564287,-0.079852,1.160033,0.0975080954,profile_04_3/mix_03_input.wav,profile_04_3/mix_03_q3.5m.wav
4,3,46,1,3.348651,3.6,1,0,,true,0.00299073724,-50.484435,0.00298461965,-50.502220,-0.017785,0.062067,0.00711141333,profile_04_3/mix_03_input.wav,profile_04_3/mix_03_q3.6m.wav
4,3,46,1,3.348651,3.7,1,0,,true,0.00299073724,-50.484435,0.00298719031,-50.494742,-0.010307,0.007478,0.00210857978,profile_04_3/mix_03_input.wav,profile_04_3/mix_03_q3.7m.wav
4,3,46,1,3.348651,3.8,1,0,,true,0.00299073724,-50.484435,0.00298707454,-50.495079,-0.010644,-0.000337,0.001604051,profile_04_3/mix_03_input.wav,profile_04_3/mix_03_q3.8m.wav
4,3,46,1,3.348651,3.9,1,0,,true,0.00299073724,-50.484435,0.00298608454,-50.497958,-0.013523,-0.002879,0.00165752842,profile_04_3/mix_03_input.wav,profile_04_3/mix_03_q3.9m.wav
4,3,46,1,3.348651,4.0,1,0,,true,0.00299073724,-50.484435,0.00298620104,-50.497619,-0.013184,0.000339,0.0016368746,profile_04_3/mix_03_input.wav,profile_04_3/mix_03_q4m.wav
5,4,47,1,4.776277,0.0,0,,,,0.00248075973,-52.108306,4.90557588e-07,-126.186182,-74.077876,,,profile_05_4/mix_03_input.wav,profile_05_4/mix_03_q0m.wav
5,4,47,1,4.776277,0.1,0,0,,true,0.00248075973,-52.108306,2.22313558e-07,-133.060642,-80.952336,-6.874460,8.72980925e-05,profile_05_4/mix_03_input.wav,profile_05_4/mix_03_q0.1m.wav
5,4,47,1,4.776277,0.2,0,0,,true,0.00248075973,-52.108306,1.89747364e-07,-134.436439,-82.328133,-1.375797,7.03811509e-05,profile_05_4/mix_03_input.wav,profile_05_4/mix_03_q0.2m.wav
5,4,47,1,4.776277,0.3,0,0,,true,0.00248075973,-52.108306,2.43566768e-07,-132.267604,-80.159298,2.168836,7.42028889e-05,profile_05_4/mix_03_input.wav,profile_05_4/mix_03_q0.3m.wav
5,4,47,1,4.776277,0.4,0,0,,true,0.00248075973,-52.108306,4.8378669e-07,-126.306904,-74.198598,5.960700,9.20621282e-05,profile_05_4/mix_03_input.wav,profile_05_4/mix_03_q0.4m.wav
5,4,47,1,4.776277,0.5,0,0,,true,0.00248075973,-52.108306,1.232213e-06,-118.186277,-66.077971,8.120627,8.91787068e-05,profile_05_4/mix_03_input.wav,profile_05_4/mix_03_q0.5m.wav
5,4,47,1,4.776277,0.6,0,0,,true,0.00248075973,-52.108306,1.18856759e-06,-118.499515,-66.391209,-0.313238,5.57621797e-05,profile_05_4/mix_03_input.wav,profile_05_4/mix_03_q0.6m.wav
5,4,47,1,4.776277,0.7,0,0,,true,0.00248075973,-52.108306,1.12596359e-06,-118.969505,-66.861199,-0.469990,5.13147828e-05,profile_05_4/mix_03_input.wav,profile_05_4/mix_03_q0.7m.wav
5,4,47,1,4.776277,0.8,0,0,,true,0.00248075973,-52.108306,1.11412591e-06,-119.061307,-66.953001,-0.091801,4.93056627e-05,profile_05_4/mix_03_input.wav,profile_05_4/mix_03_q0.8m.wav
5,4,47,1,4.776277,0.9,0,0,,true,0.00248075973,-52.108306,1.12501165e-06,-118.976852,-66.868546,0.084455,4.83444554e-05,profile_05_4/mix_03_input.wav,profile_05_4/mix_03_q0.9m.wav
5,4,47,1,4.776277,1.0,0,0,,true,0.00248075973,-52.108306,1.14999301e-06,-118.786088,-66.677783,0.190763,4.90516413e-05,profile_05_4/mix_03_input.wav,profile_05_4/mix_03_q1m.wav
5,4,47,1,4.776277,1.1,0,0,,true,0.00248075973,-52.108306,1.17424532e-06,-118.604816,-66.496510,0.181273,4.75042268e-05,profile_05_4/mix_03_input.wav,profile_05_4/mix_03_q1.1m.wav
5,4,47,1,4.776277,1.2,0,0,,true,0.00248075973,-52.108306,1.21646207e-06,-118.298021,-66.189715,0.306794,4.71289746e-05,profile_05_4/mix_03_input.wav,profile_05_4/mix_03_q1.2m.wav
5,4,47,1,4.776277,1.3,0,0,,true,0.00248075973,-52.108306,1.27908011e-06,-117.862038,-65.753732,0.435983,4.77000445e-05,profile_05_4/mix_03_input.wav,profile_05_4/mix_03_q1.3m.wav
5,4,47,1,4.776277,1.4,0,0,,true,0.00248075973,-52.108306,1.31293177e-06,-117.635150,-65.526844,0.226888,4.70237176e-05,profile_05_4/mix_03_input.wav,profile_05_4/mix_03_q1.4m.wav
5,4,47,1,4.776277,1.5,0,0,,true,0.00248075973,-52.108306,1.34145692e-06,-117.448459,-65.340153,0.186691,4.6811044e-05,profile_05_4/mix_03_input.wav,profile_05_4/mix_03_q1.5m.wav
5,4,47,1,4.776277,1.6,0,0,,true,0.00248075973,-52.108306,1.37266845e-06,-117.248681,-65.140375,0.199778,4.68402275e-05,profile_05_4/mix_03_input.wav,profile_05_4/mix_03_q1.6m.wav
5,4,47,1,4.776277,1.7,0,0,,true,0.00248075973,-52.108306,1.40095473e-06,-117.071512,-64.963206,0.177169,4.76291581e-05,profile_05_4/mix_03_input.wav,profile_05_4/mix_03_q1.7m.wav
5,4,47,1,4.776277,1.8,0,0,,true,0.00248075973,-52.108306,1.44043253e-06,-116.830136,-64.721830,0.241376,4.89031547e-05,profile_05_4/mix_03_input.wav,profile_05_4/mix_03_q1.8m.wav
5,4,47,1,4.776277,1.9,0,0,,true,0.00248075973,-52.108306,1.48645284e-06,-116.556971,-64.448666,0.273164,5.10423961e-05,profile_05_4/mix_03_input.wav,profile_05_4/mix_03_q1.9m.wav
5,4,47,1,4.776277,2.0,0,0,,true,0.00248075973,-52.108306,1.54833926e-06,-116.202672,-64.094366,0.354300,5.15386269e-05,profile_05_4/mix_03_input.wav,profile_05_4/mix_03_q2m.wav
5,4,47,1,4.776277,2.1,0,0,,true,0.00248075973,-52.108306,1.62345421e-06,-115.791194,-63.682888,0.411478,5.2411731e-05,profile_05_4/mix_03_input.wav,profile_05_4/mix_03_q2.1m.wav
5,4,47,1,4.776277,2.2,0,0,,true,0.00248075973,-52.108306,1.74193245e-06,-115.179369,-63.071063,0.611825,5.67521437e-05,profile_05_4/mix_03_input.wav,profile_05_4/mix_03_q2.2m.wav
5,4,47,1,4.776277,2.3,0,0,,true,0.00248075973,-52.108306,1.87055994e-06,-114.560563,-62.452257,0.618806,5.60837965e-05,profile_05_4/mix_03_input.wav,profile_05_4/mix_03_q2.3m.wav
5,4,47,1,4.776277,2.4,0,0,,true,0.00248075973,-52.108306,1.90247824e-06,-114.413601,-62.305296,0.146961,5.35553028e-05,profile_05_4/mix_03_input.wav,profile_05_4/mix_03_q2.4m.wav
5,4,47,1,4.776277,2.5,0,0,,true,0.00248075973,-52.108306,1.98212669e-06,-114.057367,-61.949062,0.356234,5.24760899e-05,profile_05_4/mix_03_input.wav,profile_05_4/mix_03_q2.5m.wav
5,4,47,1,4.776277,2.6,0,0,,true,0.00248075973,-52.108306,2.0387885e-06,-113.812552,-61.704246,0.244815,5.14809645e-05,profile_05_4/mix_03_input.wav,profile_05_4/mix_03_q2.6m.wav
5,4,47,1,4.776277,2.7,0,0,,true,0.00248075973,-52.108306,2.03951515e-06,-113.809457,-61.701151,0.003095,4.78487316e-05,profile_05_4/mix_03_input.wav,profile_05_4/mix_03_q2.7m.wav
5,4,47,1,4.776277,2.8,0,0,,true,0.00248075973,-52.108306,2.07879212e-06,-113.643775,-61.535469,0.165682,4.86283105e-05,profile_05_4/mix_03_input.wav,profile_05_4/mix_03_q2.8m.wav
5,4,47,1,4.776277,2.9,0,0,,true,0.00248075973,-52.108306,2.07917452e-06,-113.642177,-61.533871,0.001598,4.77993783e-05,profile_05_4/mix_03_input.wav,profile_05_4/mix_03_q2.9m.wav
5,4,47,1,4.776277,3.0,0,0,,true,0.00248075973,-52.108306,2.07998539e-06,-113.638790,-61.530484,0.003387,4.85028579e-05,profile_05_4/mix_03_input.wav,profile_05_4/mix_03_q3m.wav
5,4,47,1,4.776277,3.1,0,0,,true,0.00248075973,-52.108306,2.0834395e-06,-113.624378,-61.516072,0.014412,4.73802464e-05,profile_05_4/mix_03_input.wav,profile_05_4/mix_03_q3.1m.wav
5,4,47,1,4.776277,3.2,0,0,,true,0.00248075973,-52.108306,2.0918562e-06,-113.589359,-61.481053,0.035019,4.84507865e-05,profile_05_4/mix_03_input.wav,profile_05_4/mix_03_q3.2m.wav
5,4,47,1,4.776277,3.3,0,0,,true,0.00248075973,-52.108306,2.03509305e-06,-113.828310,-61.720004,-0.238951,5.41219131e-05,profile_05_4/mix_03_input.wav,profile_05_4/mix_03_q3.3m.wav
5,4,47,1,4.776277,3.4,0,0,,true,0.00248075973,-52.108306,1.98895855e-06,-114.027481,-61.919175,-0.199171,5.3680973e-05,profile_05_4/mix_03_input.wav,profile_05_4/mix_03_q3.4m.wav
5,4,47,1,4.776277,3.5,0,0,,true,0.00248075973,-52.108306,2.05132775e-06,-113.759295,-61.650989,0.268186,5.61093797e-05,profile_05_4/mix_03_input.wav,profile_05_4/mix_03_q3.5m.wav
5,4,47,1,4.776277,3.6,0,0,,true,0.00248075973,-52.108306,2.14331156e-06,-113.378290,-61.269984,0.381005,5.81351237e-05,profile_05_4/mix_03_input.wav,profile_05_4/mix_03_q3.6m.wav
5,4,47,1,4.776277,3.7,0,0,,true,0.00248075973,-52.108306,2.21710258e-06,-113.084280,-60.975974,0.294009,5.92539716e-05,profile_05_4/mix_03_input.wav,profile_05_4/mix_03_q3.7m.wav
5,4,47,1,4.776277,3.8,0,0,,true,0.00248075973,-52.108306,2.35811315e-06,-112.548704,-60.440398,0.535577,6.53738862e-05,profile_05_4/mix_03_input.wav,profile_05_4/mix_03_q3.8m.wav
5,4,47,1,4.776277,3.9,0,0,,true,0.00248075973,-52.108306,2.52920458e-06,-111.940317,-59.832011,0.608386,6.88775646e-05,profile_05_4/mix_03_input.wav,profile_05_4/mix_03_q3.9m.wav
5,4,47,1,4.776277,4.0,0,0,,true,0.00248075973,-52.108306,2.68588322e-06,-111.418254,-59.309948,0.522063,6.62325202e-05,profile_05_4/mix_03_input.wav,profile_05_4/mix_03_q4m.wav
6,00,48,2,0.401846;0.527586,0.0,0,,,,0.0136457378,-37.300060,2.11085898e-06,-113.510811,-76.210752,,,profile_06_00/mix_03_input.wav,profile_06_00/mix_03_q0m.wav
6,00,48,2,0.401846;0.527586,0.1,0,0,,true,0.0136457378,-37.300060,1.45841852e-06,-116.722351,-79.422291,-3.211539,9.91266797e-05,profile_06_00/mix_03_input.wav,profile_06_00/mix_03_q0.1m.wav
6,00,48,2,0.401846;0.527586,0.2,0,0,,true,0.0136457378,-37.300060,1.89942001e-06,-114.427575,-77.127516,2.294775,9.14534955e-05,profile_06_00/mix_03_input.wav,profile_06_00/mix_03_q0.2m.wav
6,00,48,2,0.401846;0.527586,0.3,0,0,,true,0.0136457378,-37.300060,1.00361812e-05,-99.968629,-62.668570,14.458946,0.000208436667,profile_06_00/mix_03_input.wav,profile_06_00/mix_03_q0.3m.wav
6,00,48,2,0.401846;0.527586,0.4,0,0,,true,0.0136457378,-37.300060,0.0102150897,-39.815156,-2.515097,60.153473,0.476968215,profile_06_00/mix_03_input.wav,profile_06_00/mix_03_q0.4m.wav
6,00,48,2,0.401846;0.527586,0.5,1,1,0.401846,false,0.0136457378,-37.300060,0.0122698273,-38.223231,-0.923171,1.591925,0.153704603,profile_06_00/mix_03_input.wav,profile_06_00/mix_03_q0.5m.wav
6,00,48,2,0.401846;0.527586,0.6,2,1,0.527586,false,0.0136457378,-37.300060,0.0131455261,-37.624441,-0.324381,0.598790,0.0663479628,profile_06_00/mix_03_input.wav,profile_06_00/mix_03_q0.6m.wav
6,00,48,2,0.401846;0.527586,0.7,2,0,,true,0.0136457378,-37.300060,0.0133293729,-37.503806,-0.203746,0.120635,0.0124738852,profile_06_00/mix_03_input.wav,profile_06_00/mix_03_q0.7m.wav
6,00,48,2,0.401846;0.527586,0.8,2,0,,true,0.0136457378,-37.300060,0.0134732119,-37.410577,-0.110518,0.093228,0.00995945559,profile_06_00/mix_03_input.wav,profile_06_00/mix_03_q0.8m.wav
6,00,48,2,0.401846;0.527586,0.9,2,0,,true,0.0136457378,-37.300060,0.0135439293,-37.365106,-0.065047,0.045471,0.0057244955,profile_06_00/mix_03_input.wav,profile_06_00/mix_03_q0.9m.wav
6,00,48,2,0.401846;0.527586,1.0,2,0,,true,0.0136457378,-37.300060,0.0135737066,-37.346031,-0.045971,0.019076,0.00261292277,profile_06_00/mix_03_input.wav,profile_06_00/mix_03_q1m.wav
6,00,48,2,0.401846;0.527586,1.1,2,0,,true,0.0136457378,-37.300060,0.0135933632,-37.333462,-0.033402,0.012569,0.00172919126,profile_06_00/mix_03_input.wav,profile_06_00/mix_03_q1.1m.wav
6,00,48,2,0.401846;0.527586,1.2,2,0,,true,0.0136457378,-37.300060,0.0136047382,-37.326196,-0.026137,0.007265,0.00110824792,profile_06_00/mix_03_input.wav,profile_06_00/mix_03_q1.2m.wav
6,00,48,2,0.401846;0.527586,1.3,2,0,,true,0.0136457378,-37.300060,0.0136126427,-37.321151,-0.021092,0.005045,0.000847037501,profile_06_00/mix_03_input.wav,profile_06_00/mix_03_q1.3m.wav
6,00,48,2,0.401846;0.527586,1.4,2,0,,true,0.0136457378,-37.300060,0.0136183613,-37.317503,-0.017443,0.003648,0.000663259655,profile_06_00/mix_03_input.wav,profile_06_00/mix_03_q1.4m.wav
6,00,48,2,0.401846;0.527586,1.5,2,0,,true,0.0136457378,-37.300060,0.0136223957,-37.314930,-0.014871,0.002573,0.000541310175,profile_06_00/mix_03_input.wav,profile_06_00/mix_03_q1.5m.wav
6,00,48,2,0.401846;0.527586,1.6,2,0,,true,0.0136457378,-37.300060,0.0136254252,-37.312999,-0.012939,0.001931,0.00047333627,profile_06_00/mix_03_input.wav,profile_06_00/mix_03_q1.6m.wav
6,00,48,2,0.401846;0.527586,1.7,2,0,,true,0.0136457378,-37.300060,0.013627449,-37.311709,-0.011649,0.001290,0.000400864259,profile_06_00/mix_03_input.wav,profile_06_00/mix_03_q1.7m.wav
6,00,48,2,0.401846;0.527586,1.8,2,0,,true,0.0136457378,-37.300060,0.0136289276,-37.310766,-0.010707,0.000942,0.000378239694,profile_06_00/mix_03_input.wav,profile_06_00/mix_03_q1.8m.wav
6,00,48,2,0.401846;0.527586,1.9,2,0,,true,0.0136457378,-37.300060,0.0136300313,-37.310063,-0.010003,0.000703,0.000341116587,profile_06_00/mix_03_input.wav,profile_06_00/mix_03_q1.9m.wav
6,00,48,2,0.401846;0.527586,2.0,2,0,,true,0.0136457378,-37.300060,0.01363106,-37.309407,-0.009348,0.000656,0.000375792856,profile_06_00/mix_03_input.wav,profile_06_00/mix_03_q2m.wav
6,00,48,2,0.401846;0.527586,2.1,2,0,,true,0.0136457378,-37.300060,0.0136316501,-37.309031,-0.008972,0.000376,0.000301968573,profile_06_00/mix_03_input.wav,profile_06_00/mix_03_q2.1m.wav
6,00,48,2,0.401846;0.527586,2.2,2,0,,true,0.0136457378,-37.300060,0.0136323509,-37.308585,-0.008525,0.000447,0.000307761965,profile_06_00/mix_03_input.wav,profile_06_00/mix_03_q2.2m.wav
6,00,48,2,0.401846;0.527586,2.3,2,0,,true,0.0136457378,-37.300060,0.0136324757,-37.308505,-0.008446,0.000080,0.000278331254,profile_06_00/mix_03_input.wav,profile_06_00/mix_03_q2.3m.wav
6,00,48,2,0.401846;0.527586,2.4,2,0,,true,0.0136457378,-37.300060,0.0136324522,-37.308520,-0.008461,-0.000015,0.000272262963,profile_06_00/mix_03_input.wav,profile_06_00/mix_03_q2.4m.wav
6,00,48,2,0.401846;0.527586,2.5,2,0,,true,0.0136457378,-37.300060,0.0136319589,-37.308835,-0.008775,-0.000314,0.000278106109,profile_06_00/mix_03_input.wav,profile_06_00/mix_03_q2.5m.wav
6,00,48,2,0.401846;0.527586,2.6,2,0,,true,0.0136457378,-37.300060,0.0136312225,-37.309304,-0.009244,-0.000469,0.000275259635,profile_06_00/mix_03_input.wav,profile_06_00/mix_03_q2.6m.wav
6,00,48,2,0.401846;0.527586,2.7,2,0,,true,0.0136457378,-37.300060,0.0136303192,-37.309879,-0.009820,-0.000576,0.000255752911,profile_06_00/mix_03_input.wav,profile_06_00/mix_03_q2.7m.wav
6,00,48,2,0.401846;0.527586,2.8,2,0,,true,0.0136457378,-37.300060,0.0136292629,-37.310553,-0.010493,-0.000673,0.000246378341,profile_06_00/mix_03_input.wav,profile_06_00/mix_03_q2.8m.wav
6,00,48,2,0.401846;0.527586,2.9,2,0,,true,0.0136457378,-37.300060,0.0136280351,-37.311335,-0.011276,-0.000783,0.000243320534,profile_06_00/mix_03_input.wav,profile_06_00/mix_03_q2.9m.wav
6,00,48,2,0.401846;0.527586,3.0,2,0,,true,0.0136457378,-37.300060,0.0136266342,-37.312228,-0.012168,-0.000893,0.000249331772,profile_06_00/mix_03_input.wav,profile_06_00/mix_03_q3m.wav
6,00,48,2,0.401846;0.527586,3.1,2,0,,true,0.0136457378,-37.300060,0.0136251612,-37.313167,-0.013107,-0.000939,0.000264333075,profile_06_00/mix_03_input.wav,profile_06_00/mix_03_q3.1m.wav
6,00,48,2,0.401846;0.527586,3.2,2,0,,true,0.0136457378,-37.300060,0.0136235283,-37.314208,-0.014148,-0.001041,0.000295297495,profile_06_00/mix_03_input.wav,profile_06_00/mix_03_q3.2m.wav
6,00,48,2,0.401846;0.527586,3.3,2,0,,true,0.0136457378,-37.300060,0.0136217701,-37.315329,-0.015270,-0.001121,0.000344371163,profile_06_00/mix_03_input.wav,profile_06_00/mix_03_q3.3m.wav
6,00,48,2,0.401846;0.527586,3.4,2,0,,true,0.0136457378,-37.300060,0.0136199842,-37.316468,-0.016408,-0.001139,0.000404846391,profile_06_00/mix_03_input.wav,profile_06_00/mix_03_q3.4m.wav
6,00,48,2,0.401846;0.527586,3.5,2,0,,true,0.0136457378,-37.300060,0.0136181027,-37.317668,-0.017608,-0.001200,0.000476652664,profile_06_00/mix_03_input.wav,profile_06_00/mix_03_q3.5m.wav
6,00,48,2,0.401846;0.527586,3.6,2,0,,true,0.0136457378,-37.300060,0.0136163114,-37.318811,-0.018751,-0.001143,0.000551658459,profile_06_00/mix_03_input.wav,profile_06_00/mix_03_q3.6m.wav
6,00,48,2,0.401846;0.527586,3.7,2,0,,true,0.0136457378,-37.300060,0.0136146309,-37.319883,-0.019823,-0.001072,0.00061885352,profile_06_00/mix_03_input.wav,profile_06_00/mix_03_q3.7m.wav
6,00,48,2,0.401846;0.527586,3.8,2,0,,true,0.0136457378,-37.300060,0.0136130461,-37.320894,-0.020834,-0.001011,0.000675059386,profile_06_00/mix_03_input.wav,profile_06_00/mix_03_q3.8m.wav
6,00,48,2,0.401846;0.527586,3.9,2,0,,true,0.0136457378,-37.300060,0.0136116026,-37.321815,-0.021755,-0.000921,0.000732597795,profile_06_00/mix_03_input.wav,profile_06_00/mix_03_q3.9m.wav
6,00,48,2,0.401846;0.527586,4.0,2,0,,true,0.0136457378,-37.300060,0.0136101811,-37.322722,-0.022662,-0.000907,0.000806039403,profile_06_00/mix_03_input.wav,profile_06_00/mix_03_q4m.wav
7,01,49,2,0.941864;1.161009,0.0,0,,,,0.0082536626,-41.667066,1.13062411e-06,-118.933627,-77.266562,,,profile_07_01/mix_03_input.wav,profile_07_01/mix_03_q0m.wav
7,01,49,2,0.941864;1.161009,0.1,0,0,,true,0.0082536626,-41.667066,8.25653186e-07,-121.664036,-79.996970,-2.730409,0.000107305471,profile_07_01/mix_03_input.wav,profile_07_01/mix_03_q0.1m.wav
7,01,49,2,0.941864;1.161009,0.2,0,0,,true,0.0082536626,-41.667066,9.68467568e-07,-120.278289,-78.611224,1.385747,9.8271364e-05,profile_07_01/mix_03_input.wav,profile_07_01/mix_03_q0.2m.wav
7,01,49,2,0.941864;1.161009,0.3,0,0,,true,0.0082536626,-41.667066,1.08852398e-06,-119.263232,-77.596166,1.015057,0.000110492365,profile_07_01/mix_03_input.wav,profile_07_01/mix_03_q0.3m.wav
7,01,49,2,0.941864;1.161009,0.4,0,0,,true,0.0082536626,-41.667066,1.43047657e-06,-116.890379,-75.223313,2.372853,0.000116682284,profile_07_01/mix_03_input.wav,profile_07_01/mix_03_q0.4m.wav
7,01,49,2,0.941864;1.161009,0.5,0,0,,true,0.0082536626,-41.667066,1.9347204e-06,-114.267631,-72.600566,2.622748,0.000112391484,profile_07_01/mix_03_input.wav,profile_07_01/mix_03_q0.5m.wav
7,01,49,2,0.941864;1.161009,0.6,0,0,,true,0.0082536626,-41.667066,2.34871175e-05,-92.583405,-50.916339,21.684226,0.000450264008,profile_07_01/mix_03_input.wav,profile_07_01/mix_03_q0.6m.wav
7,01,49,2,0.941864;1.161009,0.7,0,0,,true,0.0082536626,-41.667066,0.000272887623,-71.280323,-29.613257,21.303082,0.00710430609,profile_07_01/mix_03_input.wav,profile_07_01/mix_03_q0.7m.wav
7,01,49,2,0.941864;1.161009,0.8,0,0,,true,0.0082536626,-41.667066,0.000902229351,-60.893661,-19.226595,10.386662,0.0406398288,profile_07_01/mix_03_input.wav,profile_07_01/mix_03_q0.8m.wav
7,01,49,2,0.941864;1.161009,0.9,0,0,,true,0.0082536626,-41.667066,0.00441983872,-47.091872,-5.424806,13.801789,0.31407091,profile_07_01/mix_03_input.wav,profile_07_01/mix_03_q0.9m.wav
7,01,49,2,0.941864;1.161009,1.0,1,1,0.941864,false,0.0082536626,-41.667066,0.005257041,-45.585173,-3.918107,1.506699,0.104413332,profile_07_01/mix_03_input.wav,profile_07_01/mix_03_q1m.wav
7,01,49,2,0.941864;1.161009,1.1,1,0,,true,0.0082536626,-41.667066,0.00533948136,-45.450018,-3.782953,0.135154,0.0465520126,profile_07_01/mix_03_input.wav,profile_07_01/mix_03_q1.1m.wav
7,01,49,2,0.941864;1.161009,1.2,2,1,1.161009,false,0.0082536626,-41.667066,0.00620382913,-44.146803,-2.479738,1.303215,0.15890867,profile_07_01/mix_03_input.wav,profile_07_01/mix_03_q1.2m.wav
7,01,49,2,0.941864;1.161009,1.3,2,0,,true,0.0082536626,-41.667066,0.00718681949,-42.869265,-1.202199,1.277538,0.144431239,profile_07_01/mix_03_input.wav,profile_07_01/mix_03_q1.3m.wav
7,01,49,2,0.941864;1.161009,1.4,2,0,,true,0.0082536626,-41.667066,0.00747601224,-42.526600,-0.859534,0.342665,0.0332982374,profile_07_01/mix_03_input.wav,profile_07_01/mix_03_q1.4m.wav
7,01,49,2,0.941864;1.161009,1.5,2,0,,true,0.0082536626,-41.667066,0.00763764483,-42.340811,-0.673745,0.185789,0.0171395704,profile_07_01/mix_03_input.wav,profile_07_01/mix_03_q1.5m.wav
7,01,49,2,0.941864;1.161009,1.6,2,0,,true,0.0082536626,-41.667066,0.00772722298,-42.239531,-0.572465,0.101280,0.00886580994,profile_07_01/mix_03_input.wav,profile_07_01/mix_03_q1.6m.wav
7,01,49,2,0.941864;1.161009,1.7,2,0,,true,0.0082536626,-41.667066,0.00779002576,-42.169222,-0.502156,0.070309,0.00624456288,profile_07_01/mix_03_input.wav,profile_07_01/mix_03_q1.7m.wav
7,01,49,2,0.941864;1.161009,1.8,2,0,,true,0.0082536626,-41.667066,0.00782073706,-42.135046,-0.467981,0.034176,0.00310988628,profile_07_01/mix_03_input.wav,profile_07_01/mix_03_q1.8m.wav
7,01,49,2,0.941864;1.161009,1.9,2,0,,true,0.0082536626,-41.667066,0.00784690574,-42.106031,-0.438966,0.029015,0.00285910276,profile_07_01/mix_03_input.wav,profile_07_01/mix_03_q1.9m.wav
7,01,49,2,0.941864;1.161009,2.0,2,0,,true,0.0082536626,-41.667066,0.0078745138,-42.075525,-0.408459,0.030506,0.00317854437,profile_07_01/mix_03_input.wav,profile_07_01/mix_03_q2m.wav
7,01,49,2,0.941864;1.161009,2.1,2,0,,true,0.0082536626,-41.667066,0.00789387868,-42.054191,-0.387125,0.021334,0.0021957554,profile_07_01/mix_03_input.wav,profile_07_01/mix_03_q2.1m.wav
7,01,49,2,0.941864;1.161009,2.2,2,0,,true,0.0082536626,-41.667066,0.0079094775,-42.037044,-0.369978,0.017147,0.00163086536,profile_07_01/mix_03_input.wav,profile_07_01/mix_03_q2.2m.wav
7,01,49,2,0.941864;1.161009,2.3,2,0,,true,0.0082536626,-41.667066,0.00790868295,-42.037917,-0.370851,-0.000873,0.00110365787,profile_07_01/mix_03_input.wav,profile_07_01/mix_03_q2.3m.wav
7,01,49,2,0.941864;1.161009,2.4,2,0,,true,0.0082536626,-41.667066,0.00790908307,-42.037477,-0.370411,0.000439,0.000962269737,profile_07_01/mix_03_input.wav,profile_07_01/mix_03_q2.4m.wav
7,01,49,2,0.941864;1.161009,2.5,2,0,,true,0.0082536626,-41.667066,0.00791275601,-42.033445,-0.366379,0.004033,0.000826425796,profile_07_01/mix_03_input.wav,profile_07_01/mix_03_q2.5m.wav
7,01,49,2,0.941864;1.161009,2.6,2,0,,true,0.0082536626,-41.667066,0.00791375375,-42.032349,-0.365284,0.001095,0.000714197838,profile_07_01/mix_03_input.wav,profile_07_01/mix_03_q2.6m.wav
7,01,49,2,0.941864;1.161009,2.7,2,0,,true,0.0082536626,-41.667066,0.00791107438,-42.035291,-0.368225,-0.002941,0.000744843134,profile_07_01/mix_03_input.wav,profile_07_01/mix_03_q2.7m.wav
7,01,49,2,0.941864;1.161009,2.8,2,0,,true,0.0082536626,-41.667066,0.00791046557,-42.035959,-0.368893,-0.000668,0.0006887791,profile_07_01/mix_03_input.wav,profile_07_01/mix_03_q2.8m.wav
7,01,49,2,0.941864;1.161009,2.9,2,0,,true,0.0082536626,-41.667066,0.00791201001,-42.034263,-0.367198,0.001696,0.00108329037,profile_07_01/mix_03_input.wav,profile_07_01/mix_03_q2.9m.wav
7,01,49,2,0.941864;1.161009,3.0,2,0,,true,0.0082536626,-41.667066,0.00792259337,-42.022653,-0.355587,0.011611,0.00132596127,profile_07_01/mix_03_input.wav,profile_07_01/mix_03_q3m.wav
7,01,49,2,0.941864;1.161009,3.1,2,0,,true,0.0082536626,-41.667066,0.00792858111,-42.016091,-0.349025,0.006562,0.000984962965,profile_07_01/mix_03_input.wav,profile_07_01/mix_03_q3.1m.wav
7,01,49,2,0.941864;1.161009,3.2,2,0,,true,0.0082536626,-41.667066,0.00793611912,-42.007836,-0.340771,0.008254,0.001080921,profile_07_01/mix_03_input.wav,profile_07_01/mix_03_q3.2m.wav
7,01,49,2,0.941864;1.161009,3.3,2,0,,true,0.0082536626,-41.667066,0.00795096332,-41.991605,-0.324539,0.016231,0.0018204956,profile_07_01/mix_03_input.wav,profile_07_01/mix_03_q3.3m.wav
7,01,49,2,0.941864;1.161009,3.4,2,0,,true,0.0082536626,-41.667066,0.0079704888,-41.970301,-0.303235,0.021304,0.00234812017,profile_07_01/mix_03_input.wav,profile_07_01/mix_03_q3.4m.wav
7,01,49,2,0.941864;1.161009,3.5,2,0,,true,0.0082536626,-41.667066,0.0079962682,-41.942253,-0.275187,0.028048,0.00307232022,profile_07_01/mix_03_input.wav,profile_07_01/mix_03_q3.5m.wav
7,01,49,2,0.941864;1.161009,3.6,2,0,,true,0.0082536626,-41.667066,0.0080249425,-41.911161,-0.244096,0.031092,0.0033153693,profile_07_01/mix_03_input.wav,profile_07_01/mix_03_q3.6m.wav
7,01,49,2,0.941864;1.161009,3.7,2,0,,true,0.0082536626,-41.667066,0.00803520401,-41.900062,-0.232996,0.011100,0.00163822746,profile_07_01/mix_03_input.wav,profile_07_01/mix_03_q3.7m.wav
7,01,49,2,0.941864;1.161009,3.8,2,0,,true,0.0082536626,-41.667066,0.00804181045,-41.892923,-0.225858,0.007138,0.00146365265,profile_07_01/mix_03_input.wav,profile_07_01/mix_03_q3.8m.wav
7,01,49,2,0.941864;1.161009,3.9,2,0,,true,0.0082536626,-41.667066,0.00805349577,-41.880311,-0.213246,0.012612,0.00181707851,profile_07_01/mix_03_input.wav,profile_07_01/mix_03_q3.9m.wav
7,01,49,2,0.941864;1.161009,4.0,2,0,,true,0.0082536626,-41.667066,0.00806426924,-41.868700,-0.201634,0.011612,0.00178208876,profile_07_01/mix_03_input.wav,profile_07_01/mix_03_q4m.wav
8,02,50,2,0.810061;2.031545,0.0,0,,,,0.00890908197,-41.003341,1.78880215e-06,-114.948749,-73.945408,,,profile_08_02/mix_03_input.wav,profile_08_02/mix_03_q0m.wav
8,02,50,2,0.810061;2.031545,0.1,0,0,,true,0.00890908197,-41.003341,1.3099215e-06,-117.655088,-76.651747,-2.706339,0.000107775865,profile_08_02/mix_03_input.wav,profile_08_02/mix_03_q0.1m.wav
8,02,50,2,0.810061;2.031545,0.2,0,0,,true,0.00890908197,-41.003341,1.58054505e-06,-116.023857,-75.020516,1.631231,9.97021835e-05,profile_08_02/mix_03_input.wav,profile_08_02/mix_03_q0.2m.wav
8,02,50,2,0.810061;2.031545,0.3,0,0,,true,0.00890908197,-41.003341,1.87132009e-06,-114.557034,-73.553693,1.466823,0.000115788423,profile_08_02/mix_03_input.wav,profile_08_02/mix_03_q0.3m.wav
8,02,50,2,0.810061;2.031545,0.4,0,0,,true,0.00890908197,-41.003341,0.000248492559,-72.093732,-31.090391,42.463302,0.00175424059,profile_08_02/mix_03_input.wav,profile_08_02/mix_03_q0.4m.wav
8,02,50,2,0.810061;2.031545,0.5,0,0,,true,0.00890908197,-41.003341,0.0018554739,-54.630903,-13.627562,17.462829,0.055877481,profile_08_02/mix_03_input.wav,profile_08_02/mix_03_q0.5m.wav
8,02,50,2,0.810061;2.031545,0.6,0,0,,true,0.00890908197,-41.003341,0.00816740626,-41.758317,-0.754976,12.872586,0.463599934,profile_08_02/mix_03_input.wav,profile_08_02/mix_03_q0.6m.wav
8,02,50,2,0.810061;2.031545,0.7,0,0,,true,0.00890908197,-41.003341,0.00826712407,-41.652911,-0.649570,0.105406,0.0156215291,profile_08_02/mix_03_input.wav,profile_08_02/mix_03_q0.7m.wav
8,02,50,2,0.810061;2.031545,0.8,0,0,,true,0.00890908197,-41.003341,0.0082895261,-41.629406,-0.626065,0.023505,0.00701220594,profile_08_02/mix_03_input.wav,profile_08_02/mix_03_q0.8m.wav
8,02,50,2,0.810061;2.031545,0.9,1,1,0.810061,false,0.00890908197,-41.003341,0.00830259862,-41.615719,-0.612378,0.013687,0.00456029246,profile_08_02/mix_03_input.wav,profile_08_02/mix_03_q0.9m.wav
8,02,50,2,0.810061;2.031545,1.0,1,0,,true,0.00890908197,-41.003341,0.00831389793,-41.603906,-0.600565,0.011813,0.00383544095,profile_08_02/mix_03_input.wav,profile_08_02/mix_03_q1m.wav
8,02,50,2,0.810061;2.031545,1.1,1,0,,true,0.00890908197,-41.003341,0.00832157423,-41.595890,-0.592549,0.008016,0.00300758074,profile_08_02/mix_03_input.wav,profile_08_02/mix_03_q1.1m.wav
8,02,50,2,0.810061;2.031545,1.2,1,0,,true,0.00890908197,-41.003341,0.00832811449,-41.589066,-0.585725,0.006824,0.00279545573,profile_08_02/mix_03_input.wav,profile_08_02/mix_03_q1.2m.wav
8,02,50,2,0.810061;2.031545,1.3,1,0,,true,0.00890908197,-41.003341,0.00833434868,-41.582567,-0.579226,0.006500,0.00330447182,profile_08_02/mix_03_input.wav,profile_08_02/mix_03_q1.3m.wav
8,02,50,2,0.810061;2.031545,1.4,1,0,,true,0.00890908197,-41.003341,0.00834013787,-41.576535,-0.573194,0.006031,0.0041925913,profile_08_02/mix_03_input.wav,profile_08_02/mix_03_q1.4m.wav
8,02,50,2,0.810061;2.031545,1.5,1,0,,true,0.00890908197,-41.003341,0.00834626797,-41.570154,-0.566813,0.006382,0.00393882287,profile_08_02/mix_03_input.wav,profile_08_02/mix_03_q1.5m.wav
8,02,50,2,0.810061;2.031545,1.6,1,0,,true,0.00890908197,-41.003341,0.00835533958,-41.560718,-0.557377,0.009436,0.0056520501,profile_08_02/mix_03_input.wav,profile_08_02/mix_03_q1.6m.wav
8,02,50,2,0.810061;2.031545,1.7,1,0,,true,0.00890908197,-41.003341,0.00837686298,-41.538372,-0.535031,0.022346,0.0124896367,profile_08_02/mix_03_input.wav,profile_08_02/mix_03_q1.7m.wav
8,02,50,2,0.810061;2.031545,1.8,1,0,,true,0.00890908197,-41.003341,0.00846465266,-41.447817,-0.444476,0.090555,0.0390159177,profile_08_02/mix_03_input.wav,profile_08_02/mix_03_q1.8m.wav
8,02,50,2,0.810061;2.031545,1.9,1,0,,true,0.00890908197,-41.003341,0.00871094834,-41.198691,-0.195350,0.249126,0.068874167,profile_08_02/mix_03_input.wav,profile_08_02/mix_03_q1.9m.wav
8,02,50,2,0.810061;2.031545,2.0,1,0,,true,0.00890908197,-41.003341,0.00879351499,-41.116750,-0.113409,0.081941,0.0166790184,profile_08_02/mix_03_input.wav,profile_08_02/mix_03_q2m.wav
8,02,50,2,0.810061;2.031545,2.1,2,1,2.031545,false,0.00890908197,-41.003341,0.00882843861,-41.082322,-0.078981,0.034428,0.00682781982,profile_08_02/mix_03_input.wav,profile_08_02/mix_03_q2.1m.wav
8,02,50,2,0.810061;2.031545,2.2,2,0,,true,0.00890908197,-41.003341,0.00884770456,-41.063388,-0.060047,0.018934,0.00403487132,profile_08_02/mix_03_input.wav,profile_08_02/mix_03_q2.2m.wav
8,02,50,2,0.810061;2.031545,2.3,2,0,,true,0.00890908197,-41.003341,0.00885680989,-41.054454,-0.051113,0.008934,0.0019819613,profile_08_02/mix_03_input.wav,profile_08_02/mix_03_q2.3m.wav
8,02,50,2,0.810061;2.031545,2.4,2,0,,true,0.00890908197,-41.003341,0.00886227866,-41.049092,-0.045751,0.005362,0.00138457283,profile_08_02/mix_03_input.wav,profile_08_02/mix_03_q2.4m.wav
8,02,50,2,0.810061;2.031545,2.5,2,0,,true,0.00890908197,-41.003341,0.00886675062,-41.044710,-0.041369,0.004382,0.00108837154,profile_08_02/mix_03_input.wav,profile_08_02/mix_03_q2.5m.wav
8,02,50,2,0.810061;2.031545,2.6,2,0,,true,0.00890908197,-41.003341,0.00887096534,-41.040582,-0.037241,0.004128,0.000999999052,profile_08_02/mix_03_input.wav,profile_08_02/mix_03_q2.6m.wav
8,02,50,2,0.810061;2.031545,2.7,2,0,,true,0.00890908197,-41.003341,0.00887454782,-41.037075,-0.033734,0.003507,0.000849895934,profile_08_02/mix_03_input.wav,profile_08_02/mix_03_q2.7m.wav
8,02,50,2,0.810061;2.031545,2.8,2,0,,true,0.00890908197,-41.003341,0.00887726962,-41.034412,-0.031071,0.002664,0.000701360759,profile_08_02/mix_03_input.wav,profile_08_02/mix_03_q2.8m.wav
8,02,50,2,0.810061;2.031545,2.9,2,0,,true,0.00890908197,-41.003341,0.0088796936,-41.032040,-0.028699,0.002371,0.000669814119,profile_08_02/mix_03_input.wav,profile_08_02/mix_03_q2.9m.wav
8,02,50,2,0.810061;2.031545,3.0,2,0,,true,0.00890908197,-41.003341,0.00888226941,-41.029521,-0.026180,0.002519,0.000640948826,profile_08_02/mix_03_input.wav,profile_08_02/mix_03_q3m.wav
8,02,50,2,0.810061;2.031545,3.1,2,0,,true,0.00890908197,-41.003341,0.0088850536,-41.026799,-0.023458,0.002722,0.000643113463,profile_08_02/mix_03_input.wav,profile_08_02/mix_03_q3.1m.wav
8,02,50,2,0.810061;2.031545,3.2,2,0,,true,0.00890908197,-41.003341,0.00888775296,-41.024161,-0.020820,0.002638,0.00063268178,profile_08_02/mix_03_input.wav,profile_08_02/mix_03_q3.2m.wav
8,02,50,2,0.810061;2.031545,3.3,2,0,,true,0.00890908197,-41.003341,0.00889043065,-41.021544,-0.018203,0.002616,0.000642873203,profile_08_02/mix_03_input.wav,profile_08_02/mix_03_q3.3m.wav
8,02,50,2,0.810061;2.031545,3.4,2,0,,true,0.00890908197,-41.003341,0.00889370978,-41.018341,-0.015000,0.003203,0.000761716595,profile_08_02/mix_03_input.wav,profile_08_02/mix_03_q3.4m.wav
8,02,50,2,0.810061;2.031545,3.5,2,0,,true,0.00890908197,-41.003341,0.00889659885,-41.015520,-0.012179,0.002821,0.00083518791,profile_08_02/mix_03_input.wav,profile_08_02/mix_03_q3.5m.wav
8,02,50,2,0.810061;2.031545,3.6,2,0,,true,0.00890908197,-41.003341,0.00889963388,-41.012557,-0.009216,0.002963,0.000876444584,profile_08_02/mix_03_input.wav,profile_08_02/mix_03_q3.6m.wav
8,02,50,2,0.810061;2.031545,3.7,2,0,,true,0.00890908197,-41.003341,0.00890151441,-41.010722,-0.007381,0.001835,0.000822198252,profile_08_02/mix_03_input.wav,profile_08_02/mix_03_q3.7m.wav
8,02,50,2,0.810061;2.031545,3.8,2,0,,true,0.00890908197,-41.003341,0.00890328904,-41.008991,-0.005650,0.001731,0.000913468202,profile_08_02/mix_03_input.wav,profile_08_02/mix_03_q3.8m.wav
8,02,50,2,0.810061;2.031545,3.9,2,0,,true,0.00890908197,-41.003341,0.00890481754,-41.007499,-0.004159,0.001491,0.00102746821,profile_08_02/mix_03_input.wav,profile_08_02/mix_03_q3.9m.wav
8,02,50,2,0.810061;2.031545,4.0,2,0,,true,0.00890908197,-41.003341,0.00890551833,-41.006816,-0.003475,0.000684,0.00107492464,profile_08_02/mix_03_input.wav,profile_08_02/mix_03_q4m.wav
9,03,51,2,0.569006;3.206381,0.0,0,,,,0.0117150025,-38.625152,1.43123374e-06,-116.885783,-78.260630,,,profile_09_03/mix_03_input.wav,profile_09_03/mix_03_q0m.wav
9,03,51,2,0.569006;3.206381,0.1,0,0,,true,0.0117150025,-38.625152,9.28572113e-07,-120.643678,-82.018526,-3.757895,7.95524227e-05,profile_09_03/mix_03_input.wav,profile_09_03/mix_03_q0.1m.wav
9,03,51,2,0.569006;3.206381,0.2,0,0,,true,0.0117150025,-38.625152,1.05755096e-06,-119.513966,-80.888813,1.129712,7.54013838e-05,profile_09_03/mix_03_input.wav,profile_09_03/mix_03_q0.2m.wav
9,03,51,2,0.569006;3.206381,0.3,0,0,,true,0.0117150025,-38.625152,1.69328555e-05,-95.425395,-56.800243,24.088570,0.000161042868,profile_09_03/mix_03_input.wav,profile_09_03/mix_03_q0.3m.wav
9,03,51,2,0.569006;3.206381,0.4,0,0,,true,0.0117150025,-38.625152,0.000910031362,-60.818873,-22.193721,34.606523,0.0184016387,profile_09_03/mix_03_input.wav,profile_09_03/mix_03_q0.4m.wav
9,03,51,2,0.569006;3.206381,0.5,0,0,,true,0.0117150025,-38.625152,0.01105109,-39.131898,-0.506745,21.686975,0.534080667,profile_09_03/mix_03_input.wav,profile_09_03/mix_03_q0.5m.wav
9,03,51,2,0.569006;3.206381,0.6,1,1,0.569006,false,0.0117150025,-38.625152,0.0112139375,-39.004837,-0.379685,0.127060,0.0175552864,profile_09_03/mix_03_input.wav,profile_09_03/mix_03_q0.6m.wav
9,03,51,2,0.569006;3.206381,0.7,1,0,,true,0.0117150025,-38.625152,0.011249628,-38.977237,-0.352084,0.027601,0.0042847866,profile_09_03/mix_03_input.wav,profile_09_03/mix_03_q0.7m.wav
9,03,51,2,0.569006;3.206381,0.8,1,0,,true,0.0117150025,-38.625152,0.0112675078,-38.963443,-0.338290,0.013794,0.00264915696,profile_09_03/mix_03_input.wav,profile_09_03/mix_03_q0.8m.wav
9,03,51,2,0.569006;3.206381,0.9,1,0,,true,0.0117150025,-38.625152,0.0112799944,-38.953822,-0.328670,0.009620,0.00192018333,profile_09_03/mix_03_input.wav,profile_09_03/mix_03_q0.9m.wav
9,03,51,2,0.569006;3.206381,1.0,1,0,,true,0.0117150025,-38.625152,0.0112874262,-38.948102,-0.322949,0.005721,0.0015360096,profile_09_03/mix_03_input.wav,profile_09_03/mix_03_q1m.wav
9,03,51,2,0.569006;3.206381,1.1,1,0,,true,0.0117150025,-38.625152,0.0112934741,-38.943449,-0.318297,0.004653,0.00123981903,profile_09_03/mix_03_input.wav,profile_09_03/mix_03_q1.1m.wav
9,03,51,2,0.569006;3.206381,1.2,1,0,,true,0.0117150025,-38.625152,0.011297481,-38.940368,-0.315215,0.003081,0.000976176561,profile_09_03/mix_03_input.wav,profile_09_03/mix_03_q1.2m.wav
9,03,51,2,0.569006;3.206381,1.3,1,0,,true,0.0117150025,-38.625152,0.0113006796,-38.937909,-0.312756,0.002459,0.000789522126,profile_09_03/mix_03_input.wav,profile_09_03/mix_03_q1.3m.wav
9,03,51,2,0.569006;3.206381,1.4,1,0,,true,0.0117150025,-38.625152,0.0113041353,-38.935253,-0.310101,0.002656,0.000676280161,profile_09_03/mix_03_input.wav,profile_09_03/mix_03_q1.4m.wav
9,03,51,2,0.569006;3.206381,1.5,1,0,,true,0.0117150025,-38.625152,0.0113068504,-38.933167,-0.308015,0.002086,0.000616053536,profile_09_03/mix_03_input.wav,profile_09_03/mix_03_q1.5m.wav
9,03,51,2,0.569006;3.206381,1.6,1,0,,true,0.0117150025,-38.625152,0.011309118,-38.931425,-0.306273,0.001742,0.00065417894,profile_09_03/mix_03_input.wav,profile_09_03/mix_03_q1.6m.wav
9,03,51,2,0.569006;3.206381,1.7,1,0,,true,0.0117150025,-38.625152,0.0113100866,-38.930681,-0.305529,0.000744,0.000595009666,profile_09_03/mix_03_input.wav,profile_09_03/mix_03_q1.7m.wav
9,03,51,2,0.569006;3.206381,1.8,1,0,,true,0.0117150025,-38.625152,0.0113105466,-38.930328,-0.305176,0.000353,0.000570189394,profile_09_03/mix_03_input.wav,profile_09_03/mix_03_q1.8m.wav
9,03,51,2,0.569006;3.206381,1.9,1,0,,true,0.0117150025,-38.625152,0.0113111284,-38.929881,-0.304729,0.000447,0.000542658145,profile_09_03/mix_03_input.wav,profile_09_03/mix_03_q1.9m.wav
9,03,51,2,0.569006;3.206381,2.0,1,0,,true,0.0117150025,-38.625152,0.0113116276,-38.929498,-0.304346,0.000383,0.000562667606,profile_09_03/mix_03_input.wav,profile_09_03/mix_03_q2m.wav
9,03,51,2,0.569006;3.206381,2.1,1,0,,true,0.0117150025,-38.625152,0.0113123225,-38.928964,-0.303812,0.000534,0.000561332478,profile_09_03/mix_03_input.wav,profile_09_03/mix_03_q2.1m.wav
9,03,51,2,0.569006;3.206381,2.2,1,0,,true,0.0117150025,-38.625152,0.0113130978,-38.928369,-0.303217,0.000595,0.000561822626,profile_09_03/mix_03_input.wav,profile_09_03/mix_03_q2.2m.wav
9,03,51,2,0.569006;3.206381,2.3,1,0,,true,0.0117150025,-38.625152,0.0113139372,-38.927725,-0.302572,0.000644,0.00057517007,profile_09_03/mix_03_input.wav,profile_09_03/mix_03_q2.3m.wav
9,03,51,2,0.569006;3.206381,2.4,1,0,,true,0.0117150025,-38.625152,0.0113147104,-38.927131,-0.301979,0.000594,0.000575350532,profile_09_03/mix_03_input.wav,profile_09_03/mix_03_q2.4m.wav
9,03,51,2,0.569006;3.206381,2.5,1,0,,true,0.0117150025,-38.625152,0.0113157968,-38.926297,-0.301145,0.000834,0.000603007977,profile_09_03/mix_03_input.wav,profile_09_03/mix_03_q2.5m.wav
9,03,51,2,0.569006;3.206381,2.6,1,0,,true,0.0117150025,-38.625152,0.0113182645,-38.924403,-0.299251,0.001894,0.000817809462,profile_09_03/mix_03_input.wav,profile_09_03/mix_03_q2.6m.wav
9,03,51,2,0.569006;3.206381,2.7,1,0,,true,0.0117150025,-38.625152,0.0113200556,-38.923029,-0.297877,0.001374,0.000688387579,profile_09_03/mix_03_input.wav,profile_09_03/mix_03_q2.7m.wav
9,03,51,2,0.569006;3.206381,2.8,1,0,,true,0.0117150025,-38.625152,0.0113208939,-38.922386,-0.297233,0.000643,0.000604270672,profile_09_03/mix_03_input.wav,profile_09_03/mix_03_q2.8m.wav
9,03,51,2,0.569006;3.206381,2.9,1,0,,true,0.0117150025,-38.625152,0.011321807,-38.921685,-0.296533,0.000701,0.000649589157,profile_09_03/mix_03_input.wav,profile_09_03/mix_03_q2.9m.wav
9,03,51,2,0.569006;3.206381,3.0,1,0,,true,0.0117150025,-38.625152,0.0113232172,-38.920603,-0.295451,0.001082,0.000735990436,profile_09_03/mix_03_input.wav,profile_09_03/mix_03_q3m.wav
9,03,51,2,0.569006;3.206381,3.1,1,0,,true,0.0117150025,-38.625152,0.011325579,-38.918792,-0.293639,0.001812,0.000904751469,profile_09_03/mix_03_input.wav,profile_09_03/mix_03_q3.1m.wav
9,03,51,2,0.569006;3.206381,3.2,1,0,,true,0.0117150025,-38.625152,0.0113288068,-38.916317,-0.291164,0.002475,0.00107150005,profile_09_03/mix_03_input.wav,profile_09_03/mix_03_q3.2m.wav
9,03,51,2,0.569006;3.206381,3.3,2,1,3.206381,false,0.0117150025,-38.625152,0.0113332578,-38.912905,-0.287752,0.003412,0.00133502629,profile_09_03/mix_03_input.wav,profile_09_03/mix_03_q3.3m.wav
9,03,51,2,0.569006;3.206381,3.4,2,0,,true,0.0117150025,-38.625152,0.01133928,-38.908290,-0.283138,0.004614,0.0017432863,profile_09_03/mix_03_input.wav,profile_09_03/mix_03_q3.4m.wav
9,03,51,2,0.569006;3.206381,3.5,2,0,,true,0.0117150025,-38.625152,0.0113472222,-38.902209,-0.277057,0.006082,0.00232798483,profile_09_03/mix_03_input.wav,profile_09_03/mix_03_q3.5m.wav
9,03,51,2,0.569006;3.206381,3.6,2,0,,true,0.0117150025,-38.625152,0.0113590621,-38.893151,-0.267998,0.009058,0.00314631779,profile_09_03/mix_03_input.wav,profile_09_03/mix_03_q3.6m.wav
9,03,51,2,0.569006;3.206381,3.7,2,0,,true,0.0117150025,-38.625152,0.0113723053,-38.883030,-0.257877,0.010121,0.00373718349,profile_09_03/mix_03_input.wav,profile_09_03/mix_03_q3.7m.wav
9,03,51,2,0.569006;3.206381,3.8,2,0,,true,0.0117150025,-38.625152,0.0113872403,-38.871630,-0.246478,0.011399,0.00440161243,profile_09_03/mix_03_input.wav,profile_09_03/mix_03_q3.8m.wav
9,03,51,2,0.569006;3.206381,3.9,2,0,,true,0.0117150025,-38.625152,0.0114015681,-38.860708,-0.235556,0.010922,0.00455401591,profile_09_03/mix_03_input.wav,profile_09_03/mix_03_q3.9m.wav
9,03,51,2,0.569006;3.206381,4.0,2,0,,true,0.0117150025,-38.625152,0.0114142803,-38.851029,-0.225877,0.009679,0.00430329914,profile_09_03/mix_03_input.wav,profile_09_03/mix_03_q4m.wav
10,04,52,2,0.256676;4.430984,0.0,0,,,,0.018482131,-34.664959,1.89333897e-06,-114.455428,-79.790469,,,profile_10_04/mix_03_input.wav,profile_10_04/mix_03_q0m.wav
10,04,52,2,0.256676;4.430984,0.1,0,0,,true,0.018482131,-34.664959,1.33879456e-06,-117.465715,-82.800756,-3.010287,7.97035347e-05,profile_10_04/mix_03_input.wav,profile_10_04/mix_03_q0.1m.wav
10,04,52,2,0.256676;4.430984,0.2,0,0,,true,0.018482131,-34.664959,1.57187968e-06,-116.071608,-81.406649,1.394106,7.25871779e-05,profile_10_04/mix_03_input.wav,profile_10_04/mix_03_q0.2m.wav
10,04,52,2,0.256676;4.430984,0.3,1,1,0.256676,false,0.018482131,-34.664959,0.00030491699,-70.316367,-35.651408,45.755241,0.00207776523,profile_10_04/mix_03_input.wav,profile_10_04/mix_03_q0.3m.wav
10,04,52,2,0.256676;4.430984,0.4,1,0,,true,0.018482131,-34.664959,0.0177195411,-35.030951,-0.365991,35.285417,0.591860874,profile_10_04/mix_03_input.wav,profile_10_04/mix_03_q0.4m.wav
10,04,52,2,0.256676;4.430984,0.5,1,0,,true,0.018482131,-34.664959,0.0180416082,-34.874495,-0.209536,0.156456,0.0209953264,profile_10_04/mix_03_input.wav,profile_10_04/mix_03_q0.5m.wav
10,04,52,2,0.256676;4.430984,0.6,1,0,,true,0.018482131,-34.664959,0.0180989007,-34.846956,-0.181997,0.027539,0.00610336593,profile_10_04/mix_03_input.wav,profile_10_04/mix_03_q0.6m.wav
10,04,52,2,0.256676;4.430984,0.7,1,0,,true,0.018482131,-34.664959,0.0181354095,-34.829453,-0.164494,0.017503,0.00400701844,profile_10_04/mix_03_input.wav,profile_10_04/mix_03_q0.7m.wav
10,04,52,2,0.256676;4.430984,0.8,1,0,,true,0.018482131,-34.664959,0.0181510806,-34.821950,-0.156991,0.007502,0.00247933761,profile_10_04/mix_03_input.wav,profile_10_04/mix_03_q0.8m.wav
10,04,52,2,0.256676;4.430984,0.9,1,0,,true,0.018482131,-34.664959,0.0181601543,-34.817609,-0.152650,0.004341,0.00161332567,profile_10_04/mix_03_input.wav,profile_10_04/mix_03_q0.9m.wav
10,04,52,2,0.256676;4.430984,1.0,1,0,,true,0.018482131,-34.664959,0.0181663102,-34.814665,-0.149706,0.002944,0.0012517941,profile_10_04/mix_03_input.wav,profile_10_04/mix_03_q1m.wav
10,04,52,2,0.256676;4.430984,1.1,1,0,,true,0.018482131,-34.664959,0.0181696942,-34.813048,-0.148089,0.001618,0.000829936916,profile_10_04/mix_03_input.wav,profile_10_04/mix_03_q1.1m.wav
10,04,52,2,0.256676;4.430984,1.2,1,0,,true,0.018482131,-34.664959,0.0181717395,-34.812070,-0.147111,0.000978,0.000675008186,profile_10_04/mix_03_input.wav,profile_10_04/mix_03_q1.2m.wav
10,04,52,2,0.256676;4.430984,1.3,1,0,,true,0.018482131,-34.664959,0.0181731392,-34.811401,-0.146442,0.000669,0.000542144707,profile_10_04/mix_03_input.wav,profile_10_04/mix_03_q1.3m.wav
10,04,52,2,0.256676;4.430984,1.4,1,0,,true,0.018482131,-34.664959,0.0181738546,-34.811059,-0.146100,0.000342,0.00049581912,profile_10_04/mix_03_input.wav,profile_10_04/mix_03_q1.4m.wav
10,04,52,2,0.256676;4.430984,1.5,1,0,,true,0.018482131,-34.664959,0.0181740609,-34.810960,-0.146001,0.000099,0.000458797604,profile_10_04/mix_03_input.wav,profile_10_04/mix_03_q1.5m.wav
10,04,52,2,0.256676;4.430984,1.6,1,0,,true,0.018482131,-34.664959,0.0181735436,-34.811208,-0.146249,-0.000247,0.000460661016,profile_10_04/mix_03_input.wav,profile_10_04/mix_03_q1.6m.wav
10,04,52,2,0.256676;4.430984,1.7,1,0,,true,0.018482131,-34.664959,0.0181734849,-34.811236,-0.146277,-0.000028,0.000390241691,profile_10_04/mix_03_input.wav,profile_10_04/mix_03_q1.7m.wav
10,04,52,2,0.256676;4.430984,1.8,1,0,,true,0.018482131,-34.664959,0.0181731968,-34.811373,-0.146414,-0.000138,0.000394459257,profile_10_04/mix_03_input.wav,profile_10_04/mix_03_q1.8m.wav
10,04,52,2,0.256676;4.430984,1.9,1,0,,true,0.018482131,-34.664959,0.0181728561,-34.811536,-0.146577,-0.000163,0.000388972113,profile_10_04/mix_03_input.wav,profile_10_04/mix_03_q1.9m.wav
10,04,52,2,0.256676;4.430984,2.0,1,0,,true,0.018482131,-34.664959,0.0181724574,-34.811727,-0.146768,-0.000191,0.000379441826,profile_10_04/mix_03_input.wav,profile_10_04/mix_03_q2m.wav
10,04,52,2,0.256676;4.430984,2.1,1,0,,true,0.018482131,-34.664959,0.0181721919,-34.811854,-0.146895,-0.000127,0.000404922924,profile_10_04/mix_03_input.wav,profile_10_04/mix_03_q2.1m.wav
10,04,52,2,0.256676;4.430984,2.2,1,0,,true,0.018482131,-34.664959,0.0181721134,-34.811891,-0.146932,-0.000038,0.000375427051,profile_10_04/mix_03_input.wav,profile_10_04/mix_03_q2.2m.wav
10,04,52,2,0.256676;4.430984,2.3,1,0,,true,0.018482131,-34.664959,0.0181716475,-34.812114,-0.147155,-0.000223,0.000425036555,profile_10_04/mix_03_input.wav,profile_10_04/mix_03_q2.3m.wav
10,04,52,2,0.256676;4.430984,2.4,1,0,,true,0.018482131,-34.664959,0.0181714341,-34.812216,-0.147257,-0.000102,0.000413087429,profile_10_04/mix_03_input.wav,profile_10_04/mix_03_q2.4m.wav
10,04,52,2,0.256676;4.430984,2.5,1,0,,true,0.018482131,-34.664959,0.0181712094,-34.812323,-0.147364,-0.000107,0.000412707138,profile_10_04/mix_03_input.wav,profile_10_04/mix_03_q2.5m.wav
10,04,52,2,0.256676;4.430984,2.6,1,0,,true,0.018482131,-34.664959,0.018171181,-34.812337,-0.147378,-0.000014,0.000378983612,profile_10_04/mix_03_input.wav,profile_10_04/mix_03_q2.6m.wav
10,04,52,2,0.256676;4.430984,2.7,1,0,,true,0.018482131,-34.664959,0.0181709362,-34.812454,-0.147495,-0.000117,0.000410379312,profile_10_04/mix_03_input.wav,profile_10_04/mix_03_q2.7m.wav
10,04,52,2,0.256676;4.430984,2.8,1,0,,true,0.018482131,-34.664959,0.0181701209,-34.812844,-0.147885,-0.000390,0.000387014563,profile_10_04/mix_03_input.wav,profile_10_04/mix_03_q2.8m.wav
10,04,52,2,0.256676;4.430984,2.9,1,0,,true,0.018482131,-34.664959,0.0181687894,-34.813480,-0.148521,-0.000637,0.000387252835,profile_10_04/mix_03_input.wav,profile_10_04/mix_03_q2.9m.wav
10,04,52,2,0.256676;4.430984,3.0,1,0,,true,0.018482131,-34.664959,0.0181677585,-34.813973,-0.149014,-0.000493,0.000402794051,profile_10_04/mix_03_input.wav,profile_10_04/mix_03_q3m.wav
10,04,52,2,0.256676;4.430984,3.1,1,0,,true,0.018482131,-34.664959,0.018167535,-34.814080,-0.149121,-0.000107,0.000422728929,profile_10_04/mix_03_input.wav,profile_10_04/mix_03_q3.1m.wav
10,04,52,2,0.256676;4.430984,3.2,1,0,,true,0.018482131,-34.664959,0.01816787,-34.813920,-0.148961,0.000160,0.000498731824,profile_10_04/mix_03_input.wav,profile_10_04/mix_03_q3.2m.wav
10,04,52,2,0.256676;4.430984,3.3,1,0,,true,0.018482131,-34.664959,0.0181688387,-34.813457,-0.148498,0.000463,0.000598752896,profile_10_04/mix_03_input.wav,profile_10_04/mix_03_q3.3m.wav
10,04,52,2,0.256676;4.430984,3.4,1,0,,true,0.018482131,-34.664959,0.0181709544,-34.812445,-0.147486,0.001011,0.000774608615,profile_10_04/mix_03_input.wav,profile_10_04/mix_03_q3.4m.wav
10,04,52,2,0.256676;4.430984,3.5,1,0,,true,0.018482131,-34.664959,0.0181750919,-34.810468,-0.145509,0.001978,0.00100708232,profile_10_04/mix_03_input.wav,profile_10_04/mix_03_q3.5m.wav
10,04,52,2,0.256676;4.430984,3.6,1,0,,true,0.018482131,-34.664959,0.0181812724,-34.807515,-0.142555,0.002953,0.00135520019,profile_10_04/mix_03_input.wav,profile_10_04/mix_03_q3.6m.wav
10,04,52,2,0.256676;4.430984,3.7,1,0,,true,0.018482131,-34.664959,0.018188689,-34.803972,-0.139013,0.003542,0.00191268066,profile_10_04/mix_03_input.wav,profile_10_04/mix_03_q3.7m.wav
10,04,52,2,0.256676;4.430984,3.8,1,0,,true,0.018482131,-34.664959,0.0181948874,-34.801013,-0.136053,0.002960,0.00212333157,profile_10_04/mix_03_input.wav,profile_10_04/mix_03_q3.8m.wav
10,04,52,2,0.256676;4.430984,3.9,1,0,,true,0.018482131,-34.664959,0.0182014524,-34.797879,-0.132920,0.003133,0.00227481229,profile_10_04/mix_03_input.wav,profile_10_04/mix_03_q3.9m.wav
10,04,52,2,0.256676;4.430984,4.0,1,0,,true,0.018482131,-34.664959,0.0182069214,-34.795270,-0.130311,0.002609,0.00218837932,profile_10_04/mix_03_input.wav,profile_10_04/mix_03_q4m.wav
11,11,53,2,1.119614;1.828876,0.0,0,,,,0.00858324139,-41.326973,1.08428196e-06,-119.297147,-77.970174,,,profile_11_11/mix_03_input.wav,profile_11_11/mix_03_q0m.wav
11,11,53,2,1.119614;1.828876,0.1,0,0,,true,0.00858324139,-41.326973,7.78566483e-07,-122.174075,-80.847101,-2.876927,9.85882458e-05,profile_11_11/mix_03_input.wav,profile_11_11/mix_03_q0.1m.wav
11,11,53,2,1.119614;1.828876,0.2,0,0,,true,0.00858324139,-41.326973,8.83377102e-07,-121.077067,-79.750094,1.097007,9.04577198e-05,profile_11_11/mix_03_input.wav,profile_11_11/mix_03_q0.2m.wav
11,11,53,2,1.119614;1.828876,0.3,0,0,,true,0.00858324139,-41.326973,1.00250231e-06,-119.978284,-78.651310,1.098784,0.000101765109,profile_11_11/mix_03_input.wav,profile_11_11/mix_03_q0.3m.wav
11,11,53,2,1.119614;1.828876,0.4,0,0,,true,0.00858324139,-41.326973,1.14478715e-06,-118.825497,-77.498524,1.152786,9.65162578e-05,profile_11_11/mix_03_input.wav,profile_11_11/mix_03_q0.4m.wav
11,11,53,2,1.119614;1.828876,0.5,0,0,,true,0.00858324139,-41.326973,1.20488029e-06,-118.381115,-77.054141,0.444383,7.49236313e-05,profile_11_11/mix_03_input.wav,profile_11_11/mix_03_q0.5m.wav
11,11,53,2,1.119614;1.828876,0.6,0,0,,true,0.00858324139,-41.326973,1.25976582e-06,-117.994197,-76.667223,0.386918,7.03946303e-05,profile_11_11/mix_03_input.wav,profile_11_11/mix_03_q0.6m.wav
11,11,53,2,1.119614;1.828876,0.7,0,0,,true,0.00858324139,-41.326973,1.32674487e-06,-117.544245,-76.217272,0.449952,6.96274743e-05,profile_11_11/mix_03_input.wav,profile_11_11/mix_03_q0.7m.wav
11,11,53,2,1.119614;1.828876,0.8,0,0,,true,0.00858324139,-41.326973,1.44703016e-06,-116.790442,-75.463469,0.753803,7.40905605e-05,profile_11_11/mix_03_input.wav,profile_11_11/mix_03_q0.8m.wav
11,11,53,2,1.119614;1.828876,0.9,0,0,,true,0.00858324139,-41.326973,1.81779368e-06,-114.809103,-73.482130,1.981339,9.86450942e-05,profile_11_11/mix_03_input.wav,profile_11_11/mix_03_q0.9m.wav
11,11,53,2,1.119614;1.828876,1.0,0,0,,true,0.00858324139,-41.326973,0.000712008346,-62.950298,-21.623325,51.858805,0.0226675926,profile_11_11/mix_03_input.wav,profile_11_11/mix_03_q1m.wav
11,11,53,2,1.119614;1.828876,1.1,0,0,,true,0.00858324139,-41.326973,0.00696131763,-43.146171,-1.819198,19.804127,0.506108367,profile_11_11/mix_03_input.wav,profile_11_11/mix_03_q1.1m.wav
11,11,53,2,1.119614;1.828876,1.2,1,1,1.119614,false,0.00858324139,-41.326973,0.00701847354,-43.075147,-1.748173,0.071024,0.0196638315,profile_11_11/mix_03_input.wav,profile_11_11/mix_03_q1.2m.wav
11,11,53,2,1.119614;1.828876,1.3,1,0,,true,0.00858324139,-41.326973,0.00700677892,-43.089632,-1.762658,-0.014485,0.00844175868,profile_11_11/mix_03_input.wav,profile_11_11/mix_03_q1.3m.wav
11,11,53,2,1.119614;1.828876,1.4,1,0,,true,0.00858324139,-41.326973,0.00700545102,-43.091278,-1.764305,-0.001646,0.00705779103,profile_11_11/mix_03_input.wav,profile_11_11/mix_03_q1.4m.wav
11,11,53,2,1.119614;1.828876,1.5,1,0,,true,0.00858324139,-41.326973,0.00704173696,-43.046404,-1.719431,0.044874,0.0137886004,profile_11_11/mix_03_input.wav,profile_11_11/mix_03_q1.5m.wav
11,11,53,2,1.119614;1.828876,1.6,1,0,,true,0.00858324139,-41.326973,0.0071028925,-42.971295,-1.644322,0.075109,0.0217471077,profile_11_11/mix_03_input.wav,profile_11_11/mix_03_q1.6m.wav
11,11,53,2,1.119614;1.828876,1.7,1,0,,true,0.00858324139,-41.326973,0.00732405368,-42.704970,-1.377996,0.266326,0.0663474343,profile_11_11/mix_03_input.wav,profile_11_11/mix_03_q1.7m.wav
11,11,53,2,1.119614;1.828876,1.8,1,0,,true,0.00858324139,-41.326973,0.00797511647,-41.965259,-0.638286,0.739710,0.122548371,profile_11_11/mix_03_input.wav,profile_11_11/mix_03_q1.8m.wav
11,11,53,2,1.119614;1.828876,1.9,2,1,1.828876,false,0.00858324139,-41.326973,0.00817639649,-41.748761,-0.421788,0.216498,0.0314023803,profile_11_11/mix_03_input.wav,profile_11_11/mix_03_q1.9m.wav
11,11,53,2,1.119614;1.828876,2.0,2,0,,true,0.00858324139,-41.326973,0.00826132019,-41.659011,-0.332037,0.089750,0.0108642343,profile_11_11/mix_03_input.wav,profile_11_11/mix_03_q2m.wav
11,11,53,2,1.119614;1.828876,2.1,2,0,,true,0.00858324139,-41.326973,0.00829639079,-41.622216,-0.295243,0.036795,0.0043812871,profile_11_11/mix_03_input.wav,profile_11_11/mix_03_q2.1m.wav
11,11,53,2,1.119614;1.828876,2.2,2,0,,true,0.00858324139,-41.326973,0.00831672989,-41.600948,-0.273975,0.021268,0.0030391455,profile_11_11/mix_03_input.wav,profile_11_11/mix_03_q2.2m.wav
11,11,53,2,1.119614;1.828876,2.3,2,0,,true,0.00858324139,-41.326973,0.00832974952,-41.587361,-0.260388,0.013587,0.00243612646,profile_11_11/mix_03_input.wav,profile_11_11/mix_03_q2.3m.wav
11,11,53,2,1.119614;1.828876,2.4,2,0,,true,0.00858324139,-41.326973,0.00834796385,-41.568389,-0.241415,0.018972,0.00239499129,profile_11_11/mix_03_input.wav,profile_11_11/mix_03_q2.4m.wav
11,11,53,2,1.119614;1.828876,2.5,2,0,,true,0.00858324139,-41.326973,0.00836207268,-41.553721,-0.226748,0.014668,0.00152117828,profile_11_11/mix_03_input.wav,profile_11_11/mix_03_q2.5m.wav
11,11,53,2,1.119614;1.828876,2.6,2,0,,true,0.00858324139,-41.326973,0.0083717485,-41.543677,-0.216703,0.010045,0.00102696356,profile_11_11/mix_03_input.wav,profile_11_11/mix_03_q2.6m.wav
11,11,53,2,1.119614;1.828876,2.7,2,0,,true,0.00858324139,-41.326973,0.008378957,-41.536201,-0.209227,0.007476,0.000822141063,profile_11_11/mix_03_input.wav,profile_11_11/mix_03_q2.7m.wav
11,11,53,2,1.119614;1.828876,2.8,2,0,,true,0.00858324139,-41.326973,0.00838530127,-41.529627,-0.202653,0.006574,0.000768562651,profile_11_11/mix_03_input.wav,profile_11_11/mix_03_q2.8m.wav
11,11,53,2,1.119614;1.828876,2.9,2,0,,true,0.00858324139,-41.326973,0.00839177096,-41.522928,-0.195954,0.006699,0.000776427286,profile_11_11/mix_03_input.wav,profile_11_11/mix_03_q2.9m.wav
11,11,53,2,1.119614;1.828876,3.0,2,0,,true,0.00858324139,-41.326973,0.00839703004,-41.517486,-0.190512,0.005442,0.000690391168,profile_11_11/mix_03_input.wav,profile_11_11/mix_03_q3m.wav
11,11,53,2,1.119614;1.828876,3.1,2,0,,true,0.00858324139,-41.326973,0.00840164825,-41.512710,-0.185737,0.004776,0.000807569954,profile_11_11/mix_03_input.wav,profile_11_11/mix_03_q3.1m.wav
11,11,53,2,1.119614;1.828876,3.2,2,0,,true,0.00858324139,-41.326973,0.00840430725,-41.509962,-0.182988,0.002749,0.00135839422,profile_11_11/mix_03_input.wav,profile_11_11/mix_03_q3.2m.wav
11,11,53,2,1.119614;1.828876,3.3,2,0,,true,0.00858324139,-41.326973,0.0084046257,-41.509632,-0.182659,0.000329,0.00195904543,profile_11_11/mix_03_input.wav,profile_11_11/mix_03_q3.3m.wav
11,11,53,2,1.119614;1.828876,3.4,2,0,,true,0.00858324139,-41.326973,0.00840734522,-41.506822,-0.179849,0.002810,0.00135377684,profile_11_11/mix_03_input.wav,profile_11_11/mix_03_q3.4m.wav
11,11,53,2,1.119614;1.828876,3.5,2,0,,true,0.00858324139,-41.326973,0.00841607273,-41.497810,-0.170837,0.009012,0.00131989633,profile_11_11/mix_03_input.wav,profile_11_11/mix_03_q3.5m.wav
11,11,53,2,1.119614;1.828876,3.6,2,0,,true,0.00858324139,-41.326973,0.00842962504,-41.483835,-0.156861,0.013976,0.00158578884,profile_11_11/mix_03_input.wav,profile_11_11/mix_03_q3.6m.wav
11,11,53,2,1.119614;1.828876,3.7,2,0,,true,0.00858324139,-41.326973,0.0084424866,-41.470592,-0.143619,0.013242,0.00163869964,profile_11_11/mix_03_input.wav,profile_11_11/mix_03_q3.7m.wav
11,11,53,2,1.119614;1.828876,3.8,2,0,,true,0.00858324139,-41.326973,0.0084521482,-41.460658,-0.133684,0.009934,0.00157280069,profile_11_11/mix_03_input.wav,profile_11_11/mix_03_q3.8m.wav
11,11,53,2,1.119614;1.828876,3.9,2,0,,true,0.00858324139,-41.326973,0.00845860087,-41.454029,-0.127056,0.006629,0.00144019325,profile_11_11/mix_03_input.wav,profile_11_11/mix_03_q3.9m.wav
11,11,53,2,1.119614;1.828876,4.0,2,0,,true,0.00858324139,-41.326973,0.00846562056,-41.446824,-0.119851,0.007205,0.00144811728,profile_11_11/mix_03_input.wav,profile_11_11/mix_03_q4m.wav
12,12,54,2,1.821488;2.499706,0.0,0,,,,0.00998067342,-40.016803,1.28485156e-06,-117.822934,-77.806131,,,profile_12_12/mix_03_input.wav,profile_12_12/mix_03_q0m.wav
12,12,54,2,1.821488;2.499706,0.1,0,0,,true,0.00998067342,-40.016803,8.85954991e-07,-121.051757,-81.034954,-3.228823,8.80874061e-05,profile_12_12/mix_03_input.wav,profile_12_12/mix_03_q0.1m.wav
12,12,54,2,1.821488;2.499706,0.2,0,0,,true,0.00998067342,-40.016803,1.1227648e-06,-118.994216,-78.977413,2.057541,8.18755914e-05,profile_12_12/mix_03_input.wav,profile_12_12/mix_03_q0.2m.wav
12,12,54,2,1.821488;2.499706,0.3,0,0,,true,0.00998067342,-40.016803,1.43058927e-06,-116.889695,-76.872892,2.104522,9.45216583e-05,profile_12_12/mix_03_input.wav,profile_12_12/mix_03_q0.3m.wav
12,12,54,2,1.821488;2.499706,0.4,0,0,,true,0.00998067342,-40.016803,1.51313396e-06,-116.402447,-76.385644,0.487248,9.48869181e-05,profile_12_12/mix_03_input.wav,profile_12_12/mix_03_q0.4m.wav
12,12,54,2,1.821488;2.499706,0.5,0,0,,true,0.00998067342,-40.016803,1.67467241e-06,-115.521397,-75.504594,0.881049,7.23191831e-05,profile_12_12/mix_03_input.wav,profile_12_12/mix_03_q0.5m.wav
12,12,54,2,1.821488;2.499706,0.6,0,0,,true,0.00998067342,-40.016803,1.74175355e-06,-115.180261,-75.163458,0.341137,6.3110191e-05,profile_12_12/mix_03_input.wav,profile_12_12/mix_03_q0.6m.wav
12,12,54,2,1.821488;2.499706,0.7,0,0,,true,0.00998067342,-40.016803,1.8324445e-06,-114.739379,-74.722576,0.440882,6.15397611e-05,profile_12_12/mix_03_input.wav,profile_12_12/mix_03_q0.7m.wav
12,12,54,2,1.821488;2.499706,0.8,0,0,,true,0.00998067342,-40.016803,2.01739001e-06,-113.904198,-73.887395,0.835180,6.70255498e-05,profile_12_12/mix_03_input.wav,profile_12_12/mix_03_q0.8m.wav
12,12,54,2,1.821488;2.499706,0.9,0,0,,true,0.00998067342,-40.016803,4.98122955e-06,-106.053267,-66.036464,7.850931,0.000104877882,profile_12_12/mix_03_input.wav,profile_12_12/mix_03_q0.9m.wav
12,12,54,2,1.821488;2.499706,1.0,0,0,,true,0.00998067342,-40.016803,0.000152073734,-76.358916,-36.342113,29.694351,0.00134196629,profile_12_12/mix_03_input.wav,profile_12_12/mix_03_q1m.wav
12,12,54,2,1.821488;2.499706,1.1,0,0,,true,0.00998067342,-40.016803,0.000494804267,-66.111331,-26.094528,10.247584,0.00531897484,profile_12_12/mix_03_input.wav,profile_12_12/mix_03_q1.1m.wav
12,12,54,2,1.821488;2.499706,1.2,0,0,,true,0.00998067342,-40.016803,0.000791542253,-62.030518,-22.013715,4.080813,0.00817004068,profile_12_12/mix_03_input.wav,profile_12_12/mix_03_q1.2m.wav
12,12,54,2,1.821488;2.499706,1.3,0,0,,true,0.00998067342,-40.016803,0.000943583272,-60.504395,-20.487592,1.526123,0.00600260882,profile_12_12/mix_03_input.wav,profile_12_12/mix_03_q1.3m.wav
12,12,54,2,1.821488;2.499706,1.4,0,0,,true,0.00998067342,-40.016803,0.0011879698,-58.503892,-18.487089,2.000503,0.010711741,profile_12_12/mix_03_input.wav,profile_12_12/mix_03_q1.4m.wav
12,12,54,2,1.821488;2.499706,1.5,0,0,,true,0.00998067342,-40.016803,0.0015666945,-56.100314,-16.083511,2.403578,0.0182680509,profile_12_12/mix_03_input.wav,profile_12_12/mix_03_q1.5m.wav
12,12,54,2,1.821488;2.499706,1.6,0,0,,true,0.00998067342,-40.016803,0.00203548549,-53.826640,-13.809837,2.273674,0.0245982361,profile_12_12/mix_03_input.wav,profile_12_12/mix_03_q1.6m.wav
12,12,54,2,1.821488;2.499706,1.7,0,0,,true,0.00998067342,-40.016803,0.0033378238,-49.530732,-9.513929,4.295908,0.0668577186,profile_12_12/mix_03_input.wav,profile_12_12/mix_03_q1.7m.wav
12,12,54,2,1.821488;2.499706,1.8,0,0,,true,0.00998067342,-40.016803,0.00787231922,-42.077946,-2.061143,7.452786,0.344632143,profile_12_12/mix_03_input.wav,profile_12_12/mix_03_q1.8m.wav
12,12,54,2,1.821488;2.499706,1.9,1,1,1.821488,false,0.00998067342,-40.016803,0.00813085422,-41.797277,-1.780473,0.280670,0.0332412222,profile_12_12/mix_03_input.wav,profile_12_12/mix_03_q1.9m.wav
12,12,54,2,1.821488;2.499706,2.0,1,0,,true,0.00998067342,-40.016803,0.0081660478,-41.759762,-1.742959,0.037515,0.008528988,profile_12_12/mix_03_input.wav,profile_12_12/mix_03_q2m.wav
12,12,54,2,1.821488;2.499706,2.1,1,0,,true,0.00998067342,-40.016803,0.00817515728,-41.750078,-1.733275,0.009684,0.00535058886,profile_12_12/mix_03_input.wav,profile_12_12/mix_03_q2.1m.wav
12,12,54,2,1.821488;2.499706,2.2,1,0,,true,0.00998067342,-40.016803,0.00817921005,-41.745773,-1.728970,0.004305,0.00390806685,profile_12_12/mix_03_input.wav,profile_12_12/mix_03_q2.2m.wav
12,12,54,2,1.821488;2.499706,2.3,1,0,,true,0.00998067342,-40.016803,0.00818569948,-41.738884,-1.722081,0.006889,0.00392045045,profile_12_12/mix_03_input.wav,profile_12_12/mix_03_q2.3m.wav
12,12,54,2,1.821488;2.499706,2.4,1,0,,true,0.00998067342,-40.016803,0.00819115538,-41.733097,-1.716294,0.005787,0.00434987211,profile_12_12/mix_03_input.wav,profile_12_12/mix_03_q2.4m.wav
12,12,54,2,1.821488;2.499706,2.5,2,1,2.499706,false,0.00998067342,-40.016803,0.00819631964,-41.727622,-1.710819,0.005474,0.00461473701,profile_12_12/mix_03_input.wav,profile_12_12/mix_03_q2.5m.wav
12,12,54,2,1.821488;2.499706,2.6,2,0,,true,0.00998067342,-40.016803,0.00820335689,-41.720168,-1.703365,0.007454,0.00551603793,profile_12_12/mix_03_input.wav,profile_12_12/mix_03_q2.6m.wav
12,12,54,2,1.821488;2.499706,2.7,2,0,,true,0.00998067342,-40.016803,0.00820229964,-41.721287,-1.704484,-0.001120,0.00737600879,profile_12_12/mix_03_input.wav,profile_12_12/mix_03_q2.7m.wav
12,12,54,2,1.821488;2.499706,2.8,2,0,,true,0.00998067342,-40.016803,0.00821179557,-41.711237,-1.694434,0.010050,0.00746278659,profile_12_12/mix_03_input.wav,profile_12_12/mix_03_q2.8m.wav
12,12,54,2,1.821488;2.499706,2.9,2,0,,true,0.00998067342,-40.016803,0.00823982759,-41.681638,-1.664834,0.029600,0.00951947864,profile_12_12/mix_03_input.wav,profile_12_12/mix_03_q2.9m.wav
12,12,54,2,1.821488;2.499706,3.0,2,0,,true,0.00998067342,-40.016803,0.0082580385,-41.662462,-1.645659,0.019176,0.00667502706,profile_12_12/mix_03_input.wav,profile_12_12/mix_03_q3m.wav
12,12,54,2,1.821488;2.499706,3.1,2,0,,true,0.00998067342,-40.016803,0.00828408144,-41.635113,-1.618310,0.027349,0.00897694169,profile_12_12/mix_03_input.wav,profile_12_12/mix_03_q3.1m.wav
12,12,54,2,1.821488;2.499706,3.2,2,0,,true,0.00998067342,-40.016803,0.00831857323,-41.599023,-1.582220,0.036090,0.0108276214,profile_12_12/mix_03_input.wav,profile_12_12/mix_03_q3.2m.wav
12,12,54,2,1.821488;2.499706,3.3,2,0,,true,0.00998067342,-40.016803,0.00836678875,-41.548824,-1.532021,0.050199,0.0136888969,profile_12_12/mix_03_input.wav,profile_12_12/mix_03_q3.3m.wav
12,12,54,2,1.821488;2.499706,3.4,2,0,,true,0.00998067342,-40.016803,0.00845681244,-41.455866,-1.439063,0.092958,0.0232597194,profile_12_12/mix_03_input.wav,profile_12_12/mix_03_q3.4m.wav
12,12,54,2,1.821488;2.499706,3.5,2,0,,true,0.00998067342,-40.016803,0.00865992082,-41.249722,-1.232918,0.206144,0.0421397915,profile_12_12/mix_03_input.wav,profile_12_12/mix_03_q3.5m.wav
12,12,54,2,1.821488;2.499706,3.6,2,0,,true,0.00998067342,-40.016803,0.00907360489,-40.844403,-0.827600,0.405319,0.0709295479,profile_12_12/mix_03_input.wav,profile_12_12/mix_03_q3.6m.wav
12,12,54,2,1.821488;2.499706,3.7,2,0,,true,0.00998067342,-40.016803,0.00936570431,-40.569191,-0.552388,0.275212,0.0432540431,profile_12_12/mix_03_input.wav,profile_12_12/mix_03_q3.7m.wav
12,12,54,2,1.821488;2.499706,3.8,2,0,,true,0.00998067342,-40.016803,0.00952493854,-40.422756,-0.405953,0.146435,0.0212483707,profile_12_12/mix_03_input.wav,profile_12_12/mix_03_q3.8m.wav
12,12,54,2,1.821488;2.499706,3.9,2,0,,true,0.00998067342,-40.016803,0.00960387983,-40.351066,-0.334263,0.071691,0.0104892043,profile_12_12/mix_03_input.wav,profile_12_12/mix_03_q3.9m.wav
12,12,54,2,1.821488;2.499706,4.0,2,0,,true,0.00998067342,-40.016803,0.00966168136,-40.298946,-0.282143,0.052120,0.00759897779,profile_12_12/mix_03_input.wav,profile_12_12/mix_03_q4m.wav
13,13,55,2,1.446965;3.259289,0.0,0,,,,0.00552696008,-45.150273,6.60489157e-07,-123.602673,-78.452400,,,profile_13_13/mix_03_input.wav,profile_13_13/mix_03_q0m.wav
13,13,55,2,1.446965;3.259289,0.1,0,0,,true,0.00552696008,-45.150273,4.80461633e-07,-126.366808,-81.216534,-2.764135,9.02088931e-05,profile_13_13/mix_03_input.wav,profile_13_13/mix_03_q0.1m.wav
13,13,55,2,1.446965;3.259289,0.2,0,0,,true,0.00552696008,-45.150273,5.52169767e-07,-125.158532,-80.008258,1.208276,8.37862553e-05,profile_13_13/mix_03_input.wav,profile_13_13/mix_03_q0.2m.wav
13,13,55,2,1.446965;3.259289,0.3,0,0,,true,0.00552696008,-45.150273,6.6079713e-07,-123.598624,-78.448350,1.559908,9.64230024e-05,profile_13_13/mix_03_input.wav,profile_13_13/mix_03_q0.3m.wav
13,13,55,2,1.446965;3.259289,0.4,0,0,,true,0.00552696008,-45.150273,7.3719658e-07,-122.648322,-77.498049,0.950302,9.44554778e-05,profile_13_13/mix_03_input.wav,profile_13_13/mix_03_q0.4m.wav
13,13,55,2,1.446965;3.259289,0.5,0,0,,true,0.00552696008,-45.150273,7.94354119e-07,-121.999706,-76.849433,0.648616,7.24420187e-05,profile_13_13/mix_03_input.wav,profile_13_13/mix_03_q0.5m.wav
13,13,55,2,1.446965;3.259289,0.6,0,0,,true,0.00552696008,-45.150273,8.38404445e-07,-121.530918,-76.380645,0.468788,6.41407628e-05,profile_13_13/mix_03_input.wav,profile_13_13/mix_03_q0.6m.wav
13,13,55,2,1.446965;3.259289,0.7,0,0,,true,0.00552696008,-45.150273,8.92363675e-07,-120.989153,-75.838879,0.541766,6.46293194e-05,profile_13_13/mix_03_input.wav,profile_13_13/mix_03_q0.7m.wav
13,13,55,2,1.446965;3.259289,0.8,0,0,,true,0.00552696008,-45.150273,1.13501318e-06,-118.899974,-73.749701,2.089178,7.38353868e-05,profile_13_13/mix_03_input.wav,profile_13_13/mix_03_q0.8m.wav
13,13,55,2,1.446965;3.259289,0.9,0,0,,true,0.00552696008,-45.150273,6.16196955e-06,-104.205608,-59.055334,14.694367,0.000181308178,profile_13_13/mix_03_input.wav,profile_13_13/mix_03_q0.9m.wav
13,13,55,2,1.446965;3.259289,1.0,0,0,,true,0.00552696008,-45.150273,0.000340497008,-69.357734,-24.207461,34.847874,0.0117987763,profile_13_13/mix_03_input.wav,profile_13_13/mix_03_q1m.wav
13,13,55,2,1.446965;3.259289,1.1,0,0,,true,0.00552696008,-45.150273,0.00100668626,-59.942117,-14.791844,9.415617,0.0462713534,profile_13_13/mix_03_input.wav,profile_13_13/mix_03_q1.1m.wav
13,13,55,2,1.446965;3.259289,1.2,0,0,,true,0.00552696008,-45.150273,0.0026517784,-51.529255,-6.378982,8.412862,0.182057646,profile_13_13/mix_03_input.wav,profile_13_13/mix_03_q1.2m.wav
13,13,55,2,1.446965;3.259289,1.3,0,0,,true,0.00552696008,-45.150273,0.00480013353,-46.374934,-1.224660,5.154322,0.288719577,profile_13_13/mix_03_input.wav,profile_13_13/mix_03_q1.3m.wav
13,13,55,2,1.446965;3.259289,1.4,0,0,,true,0.00552696008,-45.150273,0.00496582371,-46.080174,-0.929901,0.294760,0.0298430653,profile_13_13/mix_03_input.wav,profile_13_13/mix_03_q1.4m.wav
13,13,55,2,1.446965;3.259289,1.5,1,1,1.446965,false,0.00552696008,-45.150273,0.00500385845,-46.013900,-0.863626,0.066274,0.0128744752,profile_13_13/mix_03_input.wav,profile_13_13/mix_03_q1.5m.wav
13,13,55,2,1.446965;3.259289,1.6,1,0,,true,0.00552696008,-45.150273,0.00501278676,-45.998415,-0.848142,0.015484,0.00343125023,profile_13_13/mix_03_input.wav,profile_13_13/mix_03_q1.6m.wav
13,13,55,2,1.446965;3.259289,1.7,1,0,,true,0.00552696008,-45.150273,0.00501795796,-45.989460,-0.839186,0.008956,0.00344172751,profile_13_13/mix_03_input.wav,profile_13_13/mix_03_q1.7m.wav
13,13,55,2,1.446965;3.259289,1.8,1,0,,true,0.00552696008,-45.150273,0.00502299097,-45.980752,-0.830479,0.008708,0.00256712349,profile_13_13/mix_03_input.wav,profile_13_13/mix_03_q1.8m.wav
13,13,55,2,1.446965;3.259289,1.9,1,0,,true,0.00552696008,-45.150273,0.00502734293,-45.973230,-0.822956,0.007522,0.00273947044,profile_13_13/mix_03_input.wav,profile_13_13/mix_03_q1.9m.wav
13,13,55,2,1.446965;3.259289,2.0,1,0,,true,0.00552696008,-45.150273,0.00502870051,-45.970885,-0.820611,0.002345,0.00152060366,profile_13_13/mix_03_input.wav,profile_13_13/mix_03_q2m.wav
13,13,55,2,1.446965;3.259289,2.1,1,0,,true,0.00552696008,-45.150273,0.00502800322,-45.972089,-0.821816,-0.001204,0.00111519162,profile_13_13/mix_03_input.wav,profile_13_13/mix_03_q2.1m.wav
13,13,55,2,1.446965;3.259289,2.2,1,0,,true,0.00552696008,-45.150273,0.00502793665,-45.972204,-0.821931,-0.000115,0.000867392269,profile_13_13/mix_03_input.wav,profile_13_13/mix_03_q2.2m.wav
13,13,55,2,1.446965;3.259289,2.3,1,0,,true,0.00552696008,-45.150273,0.00502848972,-45.971249,-0.820975,0.000955,0.00124581028,profile_13_13/mix_03_input.wav,profile_13_13/mix_03_q2.3m.wav
13,13,55,2,1.446965;3.259289,2.4,1,0,,true,0.00552696008,-45.150273,0.00502877036,-45.970764,-0.820490,0.000485,0.00101537949,profile_13_13/mix_03_input.wav,profile_13_13/mix_03_q2.4m.wav
13,13,55,2,1.446965;3.259289,2.5,1,0,,true,0.00552696008,-45.150273,0.00502973259,-45.969102,-0.818829,0.001662,0.00118392865,profile_13_13/mix_03_input.wav,profile_13_13/mix_03_q2.5m.wav
13,13,55,2,1.446965;3.259289,2.6,1,0,,true,0.00552696008,-45.150273,0.00503182632,-45.965487,-0.815214,0.003615,0.00176237055,profile_13_13/mix_03_input.wav,profile_13_13/mix_03_q2.6m.wav
13,13,55,2,1.446965;3.259289,2.7,1,0,,true,0.00552696008,-45.150273,0.005033459,-45.962669,-0.812396,0.002818,0.00151653896,profile_13_13/mix_03_input.wav,profile_13_13/mix_03_q2.7m.wav
13,13,55,2,1.446965;3.259289,2.8,1,0,,true,0.00552696008,-45.150273,0.00503493034,-45.960131,-0.809857,0.002539,0.00172799018,profile_13_13/mix_03_input.wav,profile_13_13/mix_03_q2.8m.wav
13,13,55,2,1.446965;3.259289,2.9,1,0,,true,0.00552696008,-45.150273,0.00503939968,-45.952424,-0.802150,0.007707,0.00344584964,profile_13_13/mix_03_input.wav,profile_13_13/mix_03_q2.9m.wav
13,13,55,2,1.446965;3.259289,3.0,1,0,,true,0.00552696008,-45.150273,0.00504943457,-45.935145,-0.784872,0.017279,0.0059923689,profile_13_13/mix_03_input.wav,profile_13_13/mix_03_q3m.wav
13,13,55,2,1.446965;3.259289,3.1,1,0,,true,0.00552696008,-45.150273,0.00507880087,-45.884776,-0.734503,0.050369,0.0162003951,profile_13_13/mix_03_input.wav,profile_13_13/mix_03_q3.1m.wav
13,13,55,2,1.446965;3.259289,3.2,1,0,,true,0.00552696008,-45.150273,0.00523831924,-45.616161,-0.465887,0.268616,0.0885308779,profile_13_13/mix_03_input.wav,profile_13_13/mix_03_q3.2m.wav
13,13,55,2,1.446965;3.259289,3.3,2,1,3.259289,false,0.00552696008,-45.150273,0.00542857349,-45.306286,-0.156012,0.309875,0.0658398263,profile_13_13/mix_03_input.wav,profile_13_13/mix_03_q3.3m.wav
13,13,55,2,1.446965;3.259289,3.4,2,0,,true,0.00552696008,-45.150273,0.00547325975,-45.235079,-0.084805,0.071207,0.0132790896,profile_13_13/mix_03_input.wav,profile_13_13/mix_03_q3.4m.wav
13,13,55,2,1.446965;3.259289,3.5,2,0,,true,0.00552696008,-45.150273,0.00548191588,-45.221353,-0.071079,0.013726,0.00340954528,profile_13_13/mix_03_input.wav,profile_13_13/mix_03_q3.5m.wav
13,13,55,2,1.446965;3.259289,3.6,2,0,,true,0.00552696008,-45.150273,0.00548648361,-45.214118,-0.063845,0.007234,0.00154621911,profile_13_13/mix_03_input.wav,profile_13_13/mix_03_q3.6m.wav
13,13,55,2,1.446965;3.259289,3.7,2,0,,true,0.00552696008,-45.150273,0.00549331733,-45.203306,-0.053033,0.010812,0.00174583497,profile_13_13/mix_03_input.wav,profile_13_13/mix_03_q3.7m.wav
13,13,55,2,1.446965;3.259289,3.8,2,0,,true,0.00552696008,-45.150273,0.00549547787,-45.199891,-0.049617,0.003416,0.00119287886,profile_13_13/mix_03_input.wav,profile_13_13/mix_03_q3.8m.wav
13,13,55,2,1.446965;3.259289,3.9,2,0,,true,0.00552696008,-45.150273,0.00549559005,-45.199713,-0.049440,0.000177,0.00105183351,profile_13_13/mix_03_input.wav,profile_13_13/mix_03_q3.9m.wav
13,13,55,2,1.446965;3.259289,4.0,2,0,,true,0.00552696008,-45.150273,0.00549503442,-45.200592,-0.050318,-0.000878,0.00108145549,profile_13_13/mix_03_input.wav,profile_13_13/mix_03_q4m.wav
14,14,56,2,1.391893;4.110684,0.0,0,,,,0.00595258898,-44.505882,9.79575347e-07,-120.179234,-75.673352,,,profile_14_14/mix_03_input.wav,profile_14_14/mix_03_q0m.wav
14,14,56,2,1.391893;4.110684,0.1,0,0,,true,0.00595258898,-44.505882,6.86148152e-07,-123.271629,-78.765747,-3.092395,0.00011104026,profile_14_14/mix_03_input.wav,profile_14_14/mix_03_q0.1m.wav
14,14,56,2,1.391893;4.110684,0.2,0,0,,true,0.00595258898,-44.505882,7.99460966e-07,-121.944044,-77.438162,1.327586,0.00010016985,profile_14_14/mix_03_input.wav,profile_14_14/mix_03_q0.2m.wav
14,14,56,2,1.391893;4.110684,0.3,0,0,,true,0.00595258898,-44.505882,9.69322997e-07,-120.270621,-75.764739,1.673423,0.00011352085,profile_14_14/mix_03_input.wav,profile_14_14/mix_03_q0.3m.wav
14,14,56,2,1.391893;4.110684,0.4,0,0,,true,0.00595258898,-44.505882,1.1584783e-06,-118.722234,-74.216352,1.548386,0.00011346659,profile_14_14/mix_03_input.wav,profile_14_14/mix_03_q0.4m.wav
14,14,56,2,1.391893;4.110684,0.5,0,0,,true,0.00595258898,-44.505882,1.40696006e-06,-117.034358,-72.528476,1.687876,9.53687663e-05,profile_14_14/mix_03_input.wav,profile_14_14/mix_03_q0.5m.wav
14,14,56,2,1.391893;4.110684,0.6,0,0,,true,0.00595258898,-44.505882,1.53720396e-06,-116.265364,-71.759482,0.768994,8.48725867e-05,profile_14_14/mix_03_input.wav,profile_14_14/mix_03_q0.6m.wav
14,14,56,2,1.391893;4.110684,0.7,0,0,,true,0.00595258898,-44.505882,4.81078757e-06,-106.355675,-61.849793,9.909690,0.000119095031,profile_14_14/mix_03_input.wav,profile_14_14/mix_03_q0.7m.wav
14,14,56,2,1.391893;4.110684,0.8,0,0,,true,0.00595258898,-44.505882,2.74392804e-05,-91.232545,-46.726663,15.123129,0.000309298325,profile_14_14/mix_03_input.wav,profile_14_14/mix_03_q0.8m.wav
14,14,56,2,1.391893;4.110684,0.9,0,0,,true,0.00595258898,-44.505882,9.90597582e-05,-80.082055,-35.576173,11.150491,0.0016152893,profile_14_14/mix_03_input.wav,profile_14_14/mix_03_q0.9m.wav
14,14,56,2,1.391893;4.110684,1.0,0,0,,true,0.00595258898,-44.505882,0.000330566959,-69.614811,-25.108929,10.467244,0.00714027839,profile_14_14/mix_03_input.wav,profile_14_14/mix_03_q1m.wav
14,14,56,2,1.391893;4.110684,1.1,0,0,,true,0.00595258898,-44.505882,0.000780861554,-62.148519,-17.642637,7.466292,0.0213329279,profile_14_14/mix_03_input.wav,profile_14_14/mix_03_q1.1m.wav
14,14,56,2,1.391893;4.110684,1.2,0,0,,true,0.00595258898,-44.505882,0.00125954757,-57.995708,-13.489826,4.152811,0.0270547043,profile_14_14/mix_03_input.wav,profile_14_14/mix_03_q1.2m.wav
14,14,56,2,1.391893;4.110684,1.3,0,0,,true,0.00595258898,-44.505882,0.0019982746,-53.986897,-9.481015,4.008812,0.0614834094,profile_14_14/mix_03_input.wav,profile_14_14/mix_03_q1.3m.wav
14,14,56,2,1.391893;4.110684,1.4,1,1,1.391893,false,0.00595258898,-44.505882,0.00518805897,-45.699902,-1.194020,8.286995,0.359972654,profile_14_14/mix_03_input.wav,profile_14_14/mix_03_q1.4m.wav
14,14,56,2,1.391893;4.110684,1.5,1,0,,true,0.00595258898,-44.505882,0.00534321764,-45.443943,-0.938061,0.255959,0.0313908608,profile_14_14/mix_03_input.wav,profile_14_14/mix_03_q1.5m.wav
14,14,56,2,1.391893;4.110684,1.6,1,0,,true,0.00595258898,-44.505882,0.00539438741,-45.361157,-0.855275,0.082785,0.00960087449,profile_14_14/mix_03_input.wav,profile_14_14/mix_03_q1.6m.wav
14,14,56,2,1.391893;4.110684,1.7,1,0,,true,0.00595258898,-44.505882,0.00540130636,-45.350024,-0.844142,0.011134,0.00305839768,profile_14_14/mix_03_input.wav,profile_14_14/mix_03_q1.7m.wav
14,14,56,2,1.391893;4.110684,1.8,1,0,,true,0.00595258898,-44.505882,0.00540488018,-45.344279,-0.838397,0.005745,0.00189532621,profile_14_14/mix_03_input.wav,profile_14_14/mix_03_q1.8m.wav
14,14,56,2,1.391893;4.110684,1.9,1,0,,true,0.00595258898,-44.505882,0.0054157943,-45.326757,-0.820875,0.017522,0.00262029502,profile_14_14/mix_03_input.wav,profile_14_14/mix_03_q1.9m.wav
14,14,56,2,1.391893;4.110684,2.0,1,0,,true,0.00595258898,-44.505882,0.00541707016,-45.324711,-0.818829,0.002046,0.00292879712,profile_14_14/mix_03_input.wav,profile_14_14/mix_03_q2m.wav
14,14,56,2,1.391893;4.110684,2.1,1,0,,true,0.00595258898,-44.505882,0.00541812566,-45.323019,-0.817136,0.001692,0.000935387593,profile_14_14/mix_03_input.wav,profile_14_14/mix_03_q2.1m.wav
14,14,56,2,1.391893;4.110684,2.2,1,0,,true,0.00595258898,-44.505882,0.00541900619,-45.321607,-0.815725,0.001411,0.000918431519,profile_14_14/mix_03_input.wav,profile_14_14/mix_03_q2.2m.wav
14,14,56,2,1.391893;4.110684,2.3,1,0,,true,0.00595258898,-44.505882,0.00541848471,-45.322443,-0.816561,-0.000836,0.00101989821,profile_14_14/mix_03_input.wav,profile_14_14/mix_03_q2.3m.wav
14,14,56,2,1.391893;4.110684,2.4,1,0,,true,0.00595258898,-44.505882,0.00541840147,-45.322576,-0.816694,-0.000133,0.0011405556,profile_14_14/mix_03_input.wav,profile_14_14/mix_03_q2.4m.wav
14,14,56,2,1.391893;4.110684,2.5,1,0,,true,0.00595258898,-44.505882,0.00541240253,-45.332198,-0.826316,-0.009622,0.00234432201,profile_14_14/mix_03_input.wav,profile_14_14/mix_03_q2.5m.wav
14,14,56,2,1.391893;4.110684,2.6,1,0,,true,0.00595258898,-44.505882,0.00541378208,-45.329985,-0.824103,0.002214,0.000968454125,profile_14_14/mix_03_input.wav,profile_14_14/mix_03_q2.6m.wav
14,14,56,2,1.391893;4.110684,2.7,1,0,,true,0.00595258898,-44.505882,0.00541556513,-45.327124,-0.821242,0.002860,0.00105258644,profile_14_14/mix_03_input.wav,profile_14_14/mix_03_q2.7m.wav
14,14,56,2,1.391893;4.110684,2.8,1,0,,true,0.00595258898,-44.505882,0.00541862993,-45.322210,-0.816328,0.004914,0.00128356744,profile_14_14/mix_03_input.wav,profile_14_14/mix_03_q2.8m.wav
14,14,56,2,1.391893;4.110684,2.9,1,0,,true,0.00595258898,-44.505882,0.00542175909,-45.317196,-0.811314,0.005015,0.00126166342,profile_14_14/mix_03_input.wav,profile_14_14/mix_03_q2.9m.wav
14,14,56,2,1.391893;4.110684,3.0,1,0,,true,0.00595258898,-44.505882,0.00542585073,-45.310643,-0.804761,0.006553,0.00154361883,profile_14_14/mix_03_input.wav,profile_14_14/mix_03_q3m.wav
14,14,56,2,1.391893;4.110684,3.1,1,0,,true,0.00595258898,-44.505882,0.0054320618,-45.300706,-0.794824,0.009937,0.00197230933,profile_14_14/mix_03_input.wav,profile_14_14/mix_03_q3.1m.wav
14,14,56,2,1.391893;4.110684,3.2,1,0,,true,0.00595258898,-44.505882,0.00543623339,-45.294038,-0.788156,0.006668,0.00181647263,profile_14_14/mix_03_input.wav,profile_14_14/mix_03_q3.2m.wav
14,14,56,2,1.391893;4.110684,3.3,1,0,,true,0.00595258898,-44.505882,0.00544208319,-45.284696,-0.778814,0.009342,0.00232581199,profile_14_14/mix_03_input.wav,profile_14_14/mix_03_q3.3m.wav
14,14,56,2,1.391893;4.110684,3.4,1,0,,true,0.00595258898,-44.505882,0.00544975811,-45.272455,-0.766573,0.012241,0.00288177821,profile_14_14/mix_03_input.wav,profile_14_14/mix_03_q3.4m.wav
14,14,56,2,1.391893;4.110684,3.5,1,0,,true,0.00595258898,-44.505882,0.00546148299,-45.253788,-0.747906,0.018667,0.00442766169,profile_14_14/mix_03_input.wav,profile_14_14/mix_03_q3.5m.wav
14,14,56,2,1.391893;4.110684,3.6,1,0,,true,0.00595258898,-44.505882,0.005481678,-45.221730,-0.715847,0.032059,0.00621300218,profile_14_14/mix_03_input.wav,profile_14_14/mix_03_q3.6m.wav
14,14,56,2,1.391893;4.110684,3.7,1,0,,true,0.00595258898,-44.505882,0.00550783441,-45.180382,-0.674500,0.041347,0.00799151053,profile_14_14/mix_03_input.wav,profile_14_14/mix_03_q3.7m.wav
14,14,56,2,1.391893;4.110684,3.8,1,0,,true,0.00595258898,-44.505882,0.005536696,-45.134986,-0.629104,0.045396,0.00973078613,profile_14_14/mix_03_input.wav,profile_14_14/mix_03_q3.8m.wav
14,14,56,2,1.391893;4.110684,3.9,1,0,,true,0.00595258898,-44.505882,0.00556205086,-45.095301,-0.589419,0.039686,0.00959909296,profile_14_14/mix_03_input.wav,profile_14_14/mix_03_q3.9m.wav
14,14,56,2,1.391893;4.110684,4.0,1,0,,true,0.00595258898,-44.505882,0.005586951,-45.056503,-0.550621,0.038798,0.00915553388,profile_14_14/mix_03_input.wav,profile_14_14/mix_03_q4m.wav
15,22,57,2,2.283507;2.563743,0.0,0,,,,0.00968887993,-40.274529,1.22912263e-06,-118.208089,-77.933560,,,profile_15_22/mix_03_input.wav,profile_15_22/mix_03_q0m.wav
15,22,57,2,2.283507;2.563743,0.1,0,0,,true,0.00968887993,-40.274529,8.56687236e-07,-121.343544,-81.069015,-3.135455,8.0679728e-05,profile_15_22/mix_03_input.wav,profile_15_22/mix_03_q0.1m.wav
15,22,57,2,2.283507;2.563743,0.2,0,0,,true,0.00968887993,-40.274529,9.99317726e-07,-120.005919,-79.731391,1.337624,7.53358817e-05,profile_15_22/mix_03_input.wav,profile_15_22/mix_03_q0.2m.wav
15,22,57,2,2.283507;2.563743,0.3,0,0,,true,0.00968887993,-40.274529,1.18023628e-06,-118.560613,-78.286085,1.445306,8.60993508e-05,profile_15_22/mix_03_input.wav,profile_15_22/mix_03_q0.3m.wav
15,22,57,2,2.283507;2.563743,0.4,0,0,,true,0.00968887993,-40.274529,1.52449572e-06,-116.337470,-76.062942,2.223143,9.95882869e-05,profile_15_22/mix_03_input.wav,profile_15_22/mix_03_q0.4m.wav
15,22,57,2,2.283507;2.563743,0.5,0,0,,true,0.00968887993,-40.274529,1.88912023e-06,-114.474803,-74.200275,1.862667,8.09397302e-05,profile_15_22/mix_03_input.wav,profile_15_22/mix_03_q0.5m.wav
15,22,57,2,2.283507;2.563743,0.6,0,0,,true,0.00968887993,-40.274529,1.99081133e-06,-114.019394,-73.744865,0.455410,6.0764848e-05,profile_15_22/mix_03_input.wav,profile_15_22/mix_03_q0.6m.wav
15,22,57,2,2.283507;2.563743,0.7,0,0,,true,0.00968887993,-40.274529,1.92701318e-06,-114.302302,-74.027773,-0.282908,5.92499864e-05,profile_15_22/mix_03_input.wav,profile_15_22/mix_03_q0.7m.wav
15,22,57,2,2.283507;2.563743,0.8,0,0,,true,0.00968887993,-40.274529,1.95812644e-06,-114.163181,-73.888652,0.139121,5.53557797e-05,profile_15_22/mix_03_input.wav,profile_15_22/mix_03_q0.8m.wav
15,22,57,2,2.283507;2.563743,0.9,0,0,,true,0.00968887993,-40.274529,2.01048753e-06,-113.933968,-73.659439,0.229213,5.37155724e-05,profile_15_22/mix_03_input.wav,profile_15_22/mix_03_q0.9m.wav
15,22,57,2,2.283507;2.563743,1.0,0,0,,true,0.00968887993,-40.274529,2.08838883e-06,-113.603769,-73.329240,0.330199,5.37773389e-05,profile_15_22/mix_03_input.wav,profile_15_22/mix_03_q1m.wav
15,22,57,2,2.283507;2.563743,1.1,0,0,,true,0.00968887993,-40.274529,2.21533127e-06,-113.091223,-72.816694,0.512546,5.58630588e-05,profile_15_22/mix_03_input.wav,profile_15_22/mix_03_q1.1m.wav
15,22,57,2,2.283507;2.563743,1.2,0,0,,true,0.00968887993,-40.274529,2.53948179e-06,-111.905095,-71.630566,1.186128,6.61864303e-05,profile_15_22/mix_03_input.wav,profile_15_22/mix_03_q1.2m.wav
15,22,57,2,2.283507;2.563743,1.3,0,0,,true,0.00968887993,-40.274529,2.82176601e-06,-110.989577,-70.715048,0.915518,6.1853804e-05,profile_15_22/mix_03_input.wav,profile_15_22/mix_03_q1.3m.wav
15,22,57,2,2.283507;2.563743,1.4,0,0,,true,0.00968887993,-40.274529,3.2372706e-06,-109.796417,-69.521889,1.193160,6.75262479e-05,profile_15_22/mix_03_input.wav,profile_15_22/mix_03_q1.4m.wav
15,22,57,2,2.283507;2.563743,1.5,0,0,,true,0.00968887993,-40.274529,3.60493224e-06,-108.862055,-68.587527,0.934362,6.58708747e-05,profile_15_22/mix_03_input.wav,profile_15_22/mix_03_q1.5m.wav
15,22,57,2,2.283507;2.563743,1.6,0,0,,true,0.00968887993,-40.274529,3.96716418e-06,-108.030394,-67.755866,0.831661,6.55425822e-05,profile_15_22/mix_03_input.wav,profile_15_22/mix_03_q1.6m.wav
15,22,57,2,2.283507;2.563743,1.7,0,0,,true,0.00968887993,-40.274529,6.79380309e-06,-103.357740,-63.083211,4.672655,0.000131116576,profile_15_22/mix_03_input.wav,profile_15_22/mix_03_q1.7m.wav
15,22,57,2,2.283507;2.563743,1.8,0,0,,true,0.00968887993,-40.274529,2.622551e-05,-91.625521,-51.350992,11.732219,0.000450489317,profile_15_22/mix_03_input.wav,profile_15_22/mix_03_q1.8m.wav
15,22,57,2,2.283507;2.563743,1.9,0,0,,true,0.00968887993,-40.274529,8.25357952e-05,-81.667153,-41.392625,9.958368,0.00141140514,profile_15_22/mix_03_input.wav,profile_15_22/mix_03_q1.9m.wav
15,22,57,2,2.283507;2.563743,2.0,0,0,,true,0.00968887993,-40.274529,0.000204172402,-73.800059,-33.525531,7.867094,0.00372832376,profile_15_22/mix_03_input.wav,profile_15_22/mix_03_q2m.wav
15,22,57,2,2.283507;2.563743,2.1,0,0,,true,0.00968887993,-40.274529,0.000371775846,-68.594377,-28.319848,5.205683,0.00670594323,profile_15_22/mix_03_input.wav,profile_15_22/mix_03_q2.1m.wav
15,22,57,2,2.283507;2.563743,2.2,0,0,,true,0.00968887993,-40.274529,0.000544556091,-65.279148,-25.004619,3.315229,0.00922616822,profile_15_22/mix_03_input.wav,profile_15_22/mix_03_q2.2m.wav
15,22,57,2,2.283507;2.563743,2.3,1,1,2.283507,false,0.00968887993,-40.274529,0.000948042162,-60.463447,-20.188918,4.815701,0.0254611147,profile_15_22/mix_03_input.wav,profile_15_22/mix_03_q2.3m.wav
15,22,57,2,2.283507;2.563743,2.4,1,0,,true,0.00968887993,-40.274529,0.00589585517,-44.589064,-4.314535,15.874383,0.346046085,profile_15_22/mix_03_input.wav,profile_15_22/mix_03_q2.4m.wav
15,22,57,2,2.283507;2.563743,2.5,1,0,,true,0.00968887993,-40.274529,0.0059270039,-44.543296,-4.268767,0.045768,0.0286880692,profile_15_22/mix_03_input.wav,profile_15_22/mix_03_q2.5m.wav
15,22,57,2,2.283507;2.563743,2.6,2,1,2.563743,false,0.00968887993,-40.274529,0.00592733717,-44.542807,-4.268279,0.000488,0.0218273667,profile_15_22/mix_03_input.wav,profile_15_22/mix_03_q2.6m.wav
15,22,57,2,2.283507;2.563743,2.7,2,0,,true,0.00968887993,-40.274529,0.00602842294,-44.395926,-4.121397,0.146882,0.0196229909,profile_15_22/mix_03_input.wav,profile_15_22/mix_03_q2.7m.wav
15,22,57,2,2.283507;2.563743,2.8,2,0,,true,0.00968887993,-40.274529,0.00611227775,-44.275938,-4.001410,0.119987,0.0140318172,profile_15_22/mix_03_input.wav,profile_15_22/mix_03_q2.8m.wav
15,22,57,2,2.283507;2.563743,2.9,2,0,,true,0.00968887993,-40.274529,0.00632261619,-43.982064,-3.707535,0.293875,0.0314160472,profile_15_22/mix_03_input.wav,profile_15_22/mix_03_q2.9m.wav
15,22,57,2,2.283507;2.563743,3.0,2,0,,true,0.00968887993,-40.274529,0.00719178922,-42.863261,-2.588732,1.118803,0.126851907,profile_15_22/mix_03_input.wav,profile_15_22/mix_03_q3m.wav
15,22,57,2,2.283507;2.563743,3.1,2,0,,true,0.00968887993,-40.274529,0.00860277773,-41.307226,-1.032697,1.556035,0.144378391,profile_15_22/mix_03_input.wav,profile_15_22/mix_03_q3.1m.wav
15,22,57,2,2.283507;2.563743,3.2,2,0,,true,0.00968887993,-40.274529,0.00882450091,-41.086197,-0.811668,0.221029,0.0221138954,profile_15_22/mix_03_input.wav,profile_15_22/mix_03_q3.2m.wav
15,22,57,2,2.283507;2.563743,3.3,2,0,,true,0.00968887993,-40.274529,0.00897873174,-40.935700,-0.661172,0.150497,0.013537917,profile_15_22/mix_03_input.wav,profile_15_22/mix_03_q3.3m.wav
15,22,57,2,2.283507;2.563743,3.4,2,0,,true,0.00968887993,-40.274529,0.00912937543,-40.791179,-0.516650,0.144521,0.0131052847,profile_15_22/mix_03_input.wav,profile_15_22/mix_03_q3.4m.wav
15,22,57,2,2.283507;2.563743,3.5,2,0,,true,0.00968887993,-40.274529,0.00925659047,-40.670979,-0.396450,0.120200,0.0109497347,profile_15_22/mix_03_input.wav,profile_15_22/mix_03_q3.5m.wav
15,22,57,2,2.283507;2.563743,3.6,2,0,,true,0.00968887993,-40.274529,0.00932332798,-40.608581,-0.334052,0.062398,0.00587237656,profile_15_22/mix_03_input.wav,profile_15_22/mix_03_q3.6m.wav
15,22,57,2,2.283507;2.563743,3.7,2,0,,true,0.00968887993,-40.274529,0.00936487871,-40.569957,-0.295428,0.038624,0.00378091347,profile_15_22/mix_03_input.wav,profile_15_22/mix_03_q3.7m.wav
15,22,57,2,2.283507;2.563743,3.8,2,0,,true,0.00968887993,-40.274529,0.00939606817,-40.541077,-0.266548,0.028880,0.0029722334,profile_15_22/mix_03_input.wav,profile_15_22/mix_03_q3.8m.wav
15,22,57,2,2.283507;2.563743,3.9,2,0,,true,0.00968887993,-40.274529,0.00942102118,-40.518040,-0.243512,0.023036,0.00249308587,profile_15_22/mix_03_input.wav,profile_15_22/mix_03_q3.9m.wav
15,22,57,2,2.283507;2.563743,4.0,2,0,,true,0.00968887993,-40.274529,0.00944353254,-40.497310,-0.222782,0.020730,0.00235397961,profile_15_22/mix_03_input.wav,profile_15_22/mix_03_q4m.wav
16,23,58,2,2.212042;3.444326,0.0,0,,,,0.00545500719,-45.264093,7.58426652e-07,-122.401717,-77.137623,,,profile_16_23/mix_03_input.wav,profile_16_23/mix_03_q0m.wav
16,23,58,2,2.212042;3.444326,0.1,0,0,,true,0.00545500719,-45.264093,5.47581386e-07,-125.231011,-79.966917,-2.829294,0.00010769397,profile_16_23/mix_03_input.wav,profile_16_23/mix_03_q0.1m.wav
16,23,58,2,2.212042;3.444326,0.2,0,0,,true,0.00545500719,-45.264093,6.3402604e-07,-123.957844,-78.693751,1.273166,0.000100034864,profile_16_23/mix_03_input.wav,profile_16_23/mix_03_q0.2m.wav
16,23,58,2,2.212042;3.444326,0.3,0,0,,true,0.00545500719,-45.264093,7.59676714e-07,-122.387412,-77.123319,1.570432,0.000115316511,profile_16_23/mix_03_input.wav,profile_16_23/mix_03_q0.3m.wav
16,23,58,2,2.212042;3.444326,0.4,0,0,,true,0.00545500719,-45.264093,9.15990321e-07,-120.762173,-75.498079,1.625239,0.000115690614,profile_16_23/mix_03_input.wav,profile_16_23/mix_03_q0.4m.wav
16,23,58,2,2.212042;3.444326,0.5,0,0,,true,0.00545500719,-45.264093,1.0044763e-06,-119.961197,-74.697104,0.800975,8.90305656e-05,profile_16_23/mix_03_input.wav,profile_16_23/mix_03_q0.5m.wav
16,23,58,2,2.212042;3.444326,0.6,0,0,,true,0.00545500719,-45.264093,1.13242065e-06,-118.919837,-73.655743,1.041361,8.21436585e-05,profile_16_23/mix_03_input.wav,profile_16_23/mix_03_q0.6m.wav
16,23,58,2,2.212042;3.444326,0.7,0,0,,true,0.00545500719,-45.264093,1.42305156e-06,-116.935581,-71.671488,1.984256,8.20307898e-05,profile_16_23/mix_03_input.wav,profile_16_23/mix_03_q0.7m.wav
16,23,58,2,2.212042;3.444326,0.8,0,0,,true,0.00545500719,-45.264093,3.41220138e-06,-109.339304,-64.075211,7.596277,0.000105180046,profile_16_23/mix_03_input.wav,profile_16_23/mix_03_q0.8m.wav
16,23,58,2,2.212042;3.444326,0.9,0,0,,true,0.00545500719,-45.264093,1.05251373e-05,-99.555444,-54.291350,9.783861,0.000161519781,profile_16_23/mix_03_input.wav,profile_16_23/mix_03_q0.9m.wav
16,23,58,2,2.212042;3.444326,1.0,0,0,,true,0.00545500719,-45.264093,0.000119339067,-78.464347,-33.200254,21.091097,0.00123393833,profile_16_23/mix_03_input.wav,profile_16_23/mix_03_q1m.wav
16,23,58,2,2.212042;3.444326,1.1,0,0,,true,0.00545500719,-45.264093,0.000283060376,-70.962418,-25.698325,7.501929,0.00244986301,profile_16_23/mix_03_input.wav,profile_16_23/mix_03_q1.1m.wav
16,23,58,2,2.212042;3.444326,1.2,0,0,,true,0.00545500719,-45.264093,0.000397605285,-68.010957,-22.746864,2.951461,0.00216465052,profile_16_23/mix_03_input.wav,profile_16_23/mix_03_q1.2m.wav
16,23,58,2,2.212042;3.444326,1.3,0,0,,true,0.00545500719,-45.264093,0.000478358471,-66.404931,-21.140837,1.606026,0.00169905305,profile_16_23/mix_03_input.wav,profile_16_23/mix_03_q1.3m.wav
16,23,58,2,2.212042;3.444326,1.4,0,0,,true,0.00545500719,-45.264093,0.000577292265,-64.772085,-19.507992,1.632845,0.00248656687,profile_16_23/mix_03_input.wav,profile_16_23/mix_03_q1.4m.wav
16,23,58,2,2.212042;3.444326,1.5,0,0,,true,0.00545500719,-45.264093,0.00060401868,-64.378993,-19.114899,0.393093,0.00176344785,profile_16_23/mix_03_input.wav,profile_16_23/mix_03_q1.5m.wav
16,23,58,2,2.212042;3.444326,1.6,0,0,,true,0.00545500719,-45.264093,0.000614627941,-64.227754,-18.963661,0.151239,0.00209331422,profile_16_23/mix_03_input.wav,profile_16_23/mix_03_q1.6m.wav
16,23,58,2,2.212042;3.444326,1.7,0,0,,true,0.00545500719,-45.264093,0.000600435832,-64.430668,-19.166574,-0.202914,0.00313819569,profile_16_23/mix_03_input.wav,profile_16_23/mix_03_q1.7m.wav
16,23,58,2,2.212042;3.444326,1.8,0,0,,true,0.00545500719,-45.264093,0.000609029046,-64.307240,-19.043146,0.123428,0.00571931854,profile_16_23/mix_03_input.wav,profile_16_23/mix_03_q1.8m.wav
16,23,58,2,2.212042;3.444326,1.9,0,0,,true,0.00545500719,-45.264093,0.000594557888,-64.516117,-19.252024,-0.208877,0.00649661586,profile_16_23/mix_03_input.wav,profile_16_23/mix_03_q1.9m.wav
16,23,58,2,2.212042;3.444326,2.0,0,0,,true,0.00545500719,-45.264093,0.000641462559,-63.856574,-18.592480,0.659543,0.0130548659,profile_16_23/mix_03_input.wav,profile_16_23/mix_03_q2m.wav
16,23,58,2,2.212042;3.444326,2.1,0,0,,true,0.00545500719,-45.264093,0.000846831701,-61.444058,-16.179964,2.412516,0.0342964923,profile_16_23/mix_03_input.wav,profile_16_23/mix_03_q2.1m.wav
16,23,58,2,2.212042;3.444326,2.2,0,0,,true,0.00545500719,-45.264093,0.00146025558,-56.711423,-11.447329,4.732635,0.0698806312,profile_16_23/mix_03_input.wav,profile_16_23/mix_03_q2.2m.wav
16,23,58,2,2.212042;3.444326,2.3,1,1,2.212042,false,0.00545500719,-45.264093,0.00173054639,-55.236335,-9.972242,1.475087,0.0307729248,profile_16_23/mix_03_input.wav,profile_16_23/mix_03_q2.3m.wav
16,23,58,2,2.212042;3.444326,2.4,1,0,,true,0.00545500719,-45.264093,0.00198709782,-54.035615,-8.771522,1.200720,0.0302173625,profile_16_23/mix_03_input.wav,profile_16_23/mix_03_q2.4m.wav
16,23,58,2,2.212042;3.444326,2.5,1,0,,true,0.00545500719,-45.264093,0.00212796721,-53.440701,-8.176608,0.594914,0.0185326743,profile_16_23/mix_03_input.wav,profile_16_23/mix_03_q2.5m.wav
16,23,58,2,2.212042;3.444326,2.6,1,0,,true,0.00545500719,-45.264093,0.00206415277,-53.705163,-8.441070,-0.264462,0.00707272155,profile_16_23/mix_03_input.wav,profile_16_23/mix_03_q2.6m.wav
16,23,58,2,2.212042;3.444326,2.7,1,0,,true,0.00545500719,-45.264093,0.00206618401,-53.696620,-8.432527,0.008543,0.00662576894,profile_16_23/mix_03_input.wav,profile_16_23/mix_03_q2.7m.wav
16,23,58,2,2.212042;3.444326,2.8,1,0,,true,0.00545500719,-45.264093,0.00231508016,-52.708679,-7.444586,0.987941,0.0284835154,profile_16_23/mix_03_input.wav,profile_16_23/mix_03_q2.8m.wav
16,23,58,2,2.212042;3.444326,2.9,1,0,,true,0.00545500719,-45.264093,0.00234309775,-52.604192,-7.340098,0.104487,0.00462926884,profile_16_23/mix_03_input.wav,profile_16_23/mix_03_q2.9m.wav
16,23,58,2,2.212042;3.444326,3.0,1,0,,true,0.00545500719,-45.264093,0.0023787795,-52.472916,-7.208823,0.131276,0.00560142818,profile_16_23/mix_03_input.wav,profile_16_23/mix_03_q3m.wav
16,23,58,2,2.212042;3.444326,3.1,1,0,,true,0.00545500719,-45.264093,0.00245503591,-52.198843,-6.934750,0.274073,0.0142270191,profile_16_23/mix_03_input.wav,profile_16_23/mix_03_q3.1m.wav
16,23,58,2,2.212042;3.444326,3.2,1,0,,true,0.00545500719,-45.264093,0.00252787588,-51.944885,-6.680792,0.253958,0.0121379084,profile_16_23/mix_03_input.wav,profile_16_23/mix_03_q3.2m.wav
16,23,58,2,2.212042;3.444326,3.3,1,0,,true,0.00545500719,-45.264093,0.00298267655,-50.507877,-5.243783,1.437008,0.122683179,profile_16_23/mix_03_input.wav,profile_16_23/mix_03_q3.3m.wav
16,23,58,2,2.212042;3.444326,3.4,1,0,,true,0.00545500719,-45.264093,0.00467836033,-46.598127,-1.334033,3.909750,0.227269914,profile_16_23/mix_03_input.wav,profile_16_23/mix_03_q3.4m.wav
16,23,58,2,2.212042;3.444326,3.5,2,1,3.444326,false,0.00545500719,-45.264093,0.00522114765,-45.644680,-0.380587,0.953446,0.0736509888,profile_16_23/mix_03_input.wav,profile_16_23/mix_03_q3.5m.wav
16,23,58,2,2.212042;3.444326,3.6,2,0,,true,0.00545500719,-45.264093,0.00536318691,-45.411541,-0.147448,0.233139,0.0207556758,profile_16_23/mix_03_input.wav,profile_16_23/mix_03_q3.6m.wav
16,23,58,2,2.212042;3.444326,3.7,2,0,,true,0.00545500719,-45.264093,0.00538606875,-45.374562,-0.110469,0.036979,0.00366614341,profile_16_23/mix_03_input.wav,profile_16_23/mix_03_q3.7m.wav
16,23,58,2,2.212042;3.444326,3.8,2,0,,true,0.00545500719,-45.264093,0.00539518274,-45.359877,-0.095783,0.014685,0.00190423978,profile_16_23/mix_03_input.wav,profile_16_23/mix_03_q3.8m.wav
16,23,58,2,2.212042;3.444326,3.9,2,0,,true,0.00545500719,-45.264093,0.00540320147,-45.346977,-0.082883,0.012900,0.00187679875,profile_16_23/mix_03_input.wav,profile_16_23/mix_03_q3.9m.wav
16,23,58,2,2.212042;3.444326,4.0,2,0,,true,0.00545500719,-45.264093,0.00540456371,-45.344787,-0.080694,0.002190,0.00134242906,profile_16_23/mix_03_input.wav,profile_16_23/mix_03_q4m.wav
17,24,59,2,2.877866;4.211252,0.0,0,,,,0.00648618254,-43.760217,7.99798116e-07,-121.940382,-78.180165,,,profile_17_24/mix_03_input.wav,profile_17_24/mix_03_q0m.wav
17,24,59,2,2.877866;4.211252,0.1,0,0,,true,0.00648618254,-43.760217,5.5943792e-07,-125.044946,-81.284730,-3.104565,9.76444637e-05,profile_17_24/mix_03_input.wav,profile_17_24/mix_03_q0.1m.wav
17,24,59,2,2.877866;4.211252,0.2,0,0,,true,0.00648618254,-43.760217,6.45967717e-07,-123.795770,-80.035554,1.249176,8.78379442e-05,profile_17_24/mix_03_input.wav,profile_17_24/mix_03_q0.2m.wav
17,24,59,2,2.877866;4.211252,0.3,0,0,,true,0.00648618254,-43.760217,9.13149713e-07,-120.789151,-77.028934,3.006620,0.000101401703,profile_17_24/mix_03_input.wav,profile_17_24/mix_03_q0.3m.wav
17,24,59,2,2.877866;4.211252,0.4,0,0,,true,0.00648618254,-43.760217,9.14576523e-07,-120.775590,-77.015373,0.013561,0.000102024842,profile_17_24/mix_03_input.wav,profile_17_24/mix_03_q0.4m.wav
17,24,59,2,2.877866;4.211252,0.5,0,0,,true,0.00648618254,-43.760217,9.50716401e-07,-120.438971,-76.678754,0.336618,7.61965277e-05,profile_17_24/mix_03_input.wav,profile_17_24/mix_03_q0.5m.wav
17,24,59,2,2.877866;4.211252,0.6,0,0,,true,0.00648618254,-43.760217,9.65178476e-07,-120.307838,-76.547622,0.131133,6.78364949e-05,profile_17_24/mix_03_input.wav,profile_17_24/mix_03_q0.6m.wav
17,24,59,2,2.877866;4.211252,0.7,0,0,,true,0.00648618254,-43.760217,9.77935185e-07,-120.193790,-76.433573,0.114049,6.52882138e-05,profile_17_24/mix_03_input.wav,profile_17_24/mix_03_q0.7m.wav
17,24,59,2,2.877866;4.211252,0.8,0,0,,true,0.00648618254,-43.760217,9.92478545e-07,-120.065569,-76.305352,0.128221,6.42245988e-05,profile_17_24/mix_03_input.wav,profile_17_24/mix_03_q0.8m.wav
17,24,59,2,2.877866;4.211252,0.9,0,0,,true,0.00648618254,-43.760217,1.00339033e-06,-119.970593,-76.210376,0.094976,6.35093392e-05,profile_17_24/mix_03_input.wav,profile_17_24/mix_03_q0.9m.wav
17,24,59,2,2.877866;4.211252,1.0,0,0,,true,0.00648618254,-43.760217,1.01841447e-06,-119.841500,-76.081284,0.129093,6.32537964e-05,profile_17_24/mix_03_input.wav,profile_17_24/mix_03_q1m.wav
17,24,59,2,2.877866;4.211252,1.1,0,0,,true,0.00648618254,-43.760217,1.03285141e-06,-119.719235,-75.959018,0.122266,6.28780585e-05,profile_17_24/mix_03_input.wav,profile_17_24/mix_03_q1.1m.wav
17,24,59,2,2.877866;4.211252,1.2,0,0,,true,0.00648618254,-43.760217,1.05015185e-06,-119.574950,-75.814733,0.144285,6.24138854e-05,profile_17_24/mix_03_input.wav,profile_17_24/mix_03_q1.2m.wav
17,24,59,2,2.877866;4.211252,1.3,0,0,,true,0.00648618254,-43.760217,1.07368122e-06,-119.382485,-75.622268,0.192465,6.22366206e-05,profile_17_24/mix_03_input.wav,profile_17_24/mix_03_q1.3m.wav
17,24,59,2,2.877866;4.211252,1.4,0,0,,true,0.00648618254,-43.760217,1.09410875e-06,-119.218782,-75.458566,0.163703,6.25281124e-05,profile_17_24/mix_03_input.wav,profile_17_24/mix_03_q1.4m.wav
17,24,59,2,2.877866;4.211252,1.5,0,0,,true,0.00648618254,-43.760217,1.11747013e-06,-119.035274,-75.275057,0.183508,6.27072657e-05,profile_17_24/mix_03_input.wav,profile_17_24/mix_03_q1.5m.wav
17,24,59,2,2.877866;4.211252,1.6,0,0,,true,0.00648618254,-43.760217,1.13798604e-06,-118.877254,-75.117037,0.158020,6.28324036e-05,profile_17_24/mix_03_input.wav,profile_17_24/mix_03_q1.6m.wav
17,24,59,2,2.877866;4.211252,1.7,0,0,,true,0.00648618254,-43.760217,1.15756852e-06,-118.729058,-74.968842,0.148195,6.19774715e-05,profile_17_24/mix_03_input.wav,profile_17_24/mix_03_q1.7m.wav
17,24,59,2,2.877866;4.211252,1.8,0,0,,true,0.00648618254,-43.760217,1.18083261e-06,-118.556226,-74.796009,0.172832,6.17188614e-05,profile_17_24/mix_03_input.wav,profile_17_24/mix_03_q1.8m.wav
17,24,59,2,2.877866;4.211252,1.9,0,0,,true,0.00648618254,-43.760217,1.20697839e-06,-118.366003,-74.605786,0.190223,6.24398217e-05,profile_17_24/mix_03_input.wav,profile_17_24/mix_03_q1.9m.wav
17,24,59,2,2.877866;4.211252,2.0,0,0,,true,0.00648618254,-43.760217,1.24327012e-06,-118.108683,-74.348466,0.257320,6.3674177e-05,profile_17_24/mix_03_input.wav,profile_17_24/mix_03_q2m.wav
17,24,59,2,2.877866;4.211252,2.1,0,0,,true,0.00648618254,-43.760217,1.26737508e-06,-117.941890,-74.181673,0.166793,6.23907183e-05,profile_17_24/mix_03_input.wav,profile_17_24/mix_03_q2.1m.wav
17,24,59,2,2.877866;4.211252,2.2,0,0,,true,0.00648618254,-43.760217,1.31420433e-06,-117.626736,-73.866519,0.315154,6.42016727e-05,profile_17_24/mix_03_input.wav,profile_17_24/mix_03_q2.2m.wav
17,24,59,2,2.877866;4.211252,2.3,0,0,,true,0.00648618254,-43.760217,1.32048532e-06,-117.585322,-73.825105,0.041414,6.55455444e-05,profile_17_24/mix_03_input.wav,profile_17_24/mix_03_q2.3m.wav
17,24,59,2,2.877866;4.211252,2.4,0,0,,true,0.00648618254,-43.760217,1.34036259e-06,-117.455548,-73.695331,0.129774,6.49624294e-05,profile_17_24/mix_03_input.wav,profile_17_24/mix_03_q2.4m.wav
17,24,59,2,2.877866;4.211252,2.5,0,0,,true,0.00648618254,-43.760217,1.41912573e-06,-116.959576,-73.199360,0.495971,6.89625168e-05,profile_17_24/mix_03_input.wav,profile_17_24/mix_03_q2.5m.wav
17,24,59,2,2.877866;4.211252,2.6,0,0,,true,0.00648618254,-43.760217,1.87399538e-06,-114.544625,-70.784408,2.414951,9.38361583e-05,profile_17_24/mix_03_input.wav,profile_17_24/mix_03_q2.6m.wav
17,24,59,2,2.877866;4.211252,2.7,0,0,,true,0.00648618254,-43.760217,0.000184657322,-74.672669,-30.912453,39.871956,0.00330106657,profile_17_24/mix_03_input.wav,profile_17_24/mix_03_q2.7m.wav
17,24,59,2,2.877866;4.211252,2.8,0,0,,true,0.00648618254,-43.760217,0.00176717943,-55.054387,-11.294170,19.618282,0.129313401,profile_17_24/mix_03_input.wav,profile_17_24/mix_03_q2.8m.wav
17,24,59,2,2.877866;4.211252,2.9,1,1,2.877866,false,0.00648618254,-43.760217,0.00505165709,-45.931323,-2.171106,9.123064,0.377068806,profile_17_24/mix_03_input.wav,profile_17_24/mix_03_q2.9m.wav
17,24,59,2,2.877866;4.211252,3.0,1,0,,true,0.00648618254,-43.760217,0.00518431675,-45.706169,-1.945953,0.225153,0.0290051933,profile_17_24/mix_03_input.wav,profile_17_24/mix_03_q3m.wav
17,24,59,2,2.877866;4.211252,3.1,1,0,,true,0.00648618254,-43.760217,0.00518963913,-45.697257,-1.937040,0.008913,0.0138477026,profile_17_24/mix_03_input.wav,profile_17_24/mix_03_q3.1m.wav
17,24,59,2,2.877866;4.211252,3.2,1,0,,true,0.00648618254,-43.760217,0.00520383687,-45.673527,-1.913310,0.023730,0.00899542281,profile_17_24/mix_03_input.wav,profile_17_24/mix_03_q3.2m.wav
17,24,59,2,2.877866;4.211252,3.3,1,0,,true,0.00648618254,-43.760217,0.00521753876,-45.650686,-1.890470,0.022840,0.00547334543,profile_17_24/mix_03_input.wav,profile_17_24/mix_03_q3.3m.wav
17,24,59,2,2.877866;4.211252,3.4,1,0,,true,0.00648618254,-43.760217,0.00523023708,-45.629572,-1.869356,0.021114,0.00402948878,profile_17_24/mix_03_input.wav,profile_17_24/mix_03_q3.4m.wav
17,24,59,2,2.877866;4.211252,3.5,1,0,,true,0.00648618254,-43.760217,0.00524133989,-45.611154,-1.850937,0.018419,0.00398608133,profile_17_24/mix_03_input.wav,profile_17_24/mix_03_q3.5m.wav
17,24,59,2,2.877866;4.211252,3.6,1,0,,true,0.00648618254,-43.760217,0.00524784344,-45.600383,-1.840166,0.010771,0.00798048446,profile_17_24/mix_03_input.wav,profile_17_24/mix_03_q3.6m.wav
17,24,59,2,2.877866;4.211252,3.7,1,0,,true,0.00648618254,-43.760217,0.00526281049,-45.575645,-1.815429,0.024737,0.0105376412,profile_17_24/mix_03_input.wav,profile_17_24/mix_03_q3.7m.wav
17,24,59,2,2.877866;4.211252,3.8,1,0,,true,0.00648618254,-43.760217,0.0052750133,-45.555529,-1.795312,0.020117,0.00527713399,profile_17_24/mix_03_input.wav,profile_17_24/mix_03_q3.8m.wav
17,24,59,2,2.877866;4.211252,3.9,1,0,,true,0.00648618254,-43.760217,0.00527855935,-45.549692,-1.789475,0.005837,0.00458412976,profile_17_24/mix_03_input.wav,profile_17_24/mix_03_q3.9m.wav
17,24,59,2,2.877866;4.211252,4.0,1,0,,true,0.00648618254,-43.760217,0.00528203715,-45.543971,-1.783754,0.005721,0.00559246372,profile_17_24/mix_03_input.wav,profile_17_24/mix_03_q4m.wav
18,33,60,2,3.731622;3.762699,0.0,0,,,,0.00579379718,-44.740734,7.7099038e-07,-122.259010,-77.518275,,,profile_18_33/mix_03_input.wav,profile_18_33/mix_03_q0m.wav
18,33,60,2,3.731622;3.762699,0.1,0,0,,true,0.00579379718,-44.740734,5.53749837e-07,-125.133712,-80.392978,-2.874703,0.00010588713,profile_18_33/mix_03_input.wav,profile_18_33/mix_03_q0.1m.wav
18,33,60,2,3.731622;3.762699,0.2,0,0,,true,0.00579379718,-44.740734,6.25067378e-07,-124.081449,-79.340715,1.052263,9.7439946e-05,profile_18_33/mix_03_input.wav,profile_18_33/mix_03_q0.2m.wav
18,33,60,2,3.731622;3.762699,0.3,0,0,,true,0.00579379718,-44.740734,7.27798628e-07,-122.759763,-78.019029,1.321686,0.000109905436,profile_18_33/mix_03_input.wav,profile_18_33/mix_03_q0.3m.wav
18,33,60,2,3.731622;3.762699,0.4,0,0,,true,0.00579379718,-44.740734,8.13160952e-07,-121.796459,-77.055725,0.963304,0.000105908833,profile_18_33/mix_03_input.wav,profile_18_33/mix_03_q0.4m.wav
18,33,60,2,3.731622;3.762699,0.5,0,0,,true,0.00579379718,-44.740734,8.63481244e-07,-121.274932,-76.534198,0.521527,8.05969528e-05,profile_18_33/mix_03_input.wav,profile_18_33/mix_03_q0.5m.wav
18,33,60,2,3.731622;3.762699,0.6,0,0,,true,0.00579379718,-44.740734,8.8147366e-07,-121.095803,-76.355069,0.179128,7.2870098e-05,profile_18_33/mix_03_input.wav,profile_18_33/mix_03_q0.6m.wav
18,33,60,2,3.731622;3.762699,0.7,0,0,,true,0.00579379718,-44.740734,9.02587956e-07,-120.890200,-76.149465,0.205604,7.01953175e-05,profile_18_33/mix_03_input.wav,profile_18_33/mix_03_q0.7m.wav
18,33,60,2,3.731622;3.762699,0.8,0,0,,true,0.00579379718,-44.740734,9.22127282e-07,-120.704173,-75.963439,0.186027,6.95227629e-05,profile_18_33/mix_03_input.wav,profile_18_33/mix_03_q0.8m.wav
18,33,60,2,3.731622;3.762699,0.9,0,0,,true,0.00579379718,-44.740734,9.34767627e-07,-120.585917,-75.845183,0.118256,6.95914356e-05,profile_18_33/mix_03_input.wav,profile_18_33/mix_03_q0.9m.wav
18,33,60,2,3.731622;3.762699,1.0,0,0,,true,0.00579379718,-44.740734,9.47561368e-07,-120.467844,-75.727110,0.118074,6.80909385e-05,profile_18_33/mix_03_input.wav,profile_18_33/mix_03_q1m.wav
18,33,60,2,3.731622;3.762699,1.1,0,0,,true,0.00579379718,-44.740734,9.57788399e-07,-120.374599,-75.633865,0.093244,6.809216e-05,profile_18_33/mix_03_input.wav,profile_18_33/mix_03_q1.1m.wav
18,33,60,2,3.731622;3.762699,1.2,0,0,,true,0.00579379718,-44.740734,9.65382975e-07,-120.305998,-75.565264,0.068601,6.66295975e-05,profile_18_33/mix_03_input.wav,profile_18_33/mix_03_q1.2m.wav
18,33,60,2,3.731622;3.762699,1.3,0,0,,true,0.00579379718,-44.740734,9.76760735e-07,-120.204227,-75.463493,0.101771,6.67415125e-05,profile_18_33/mix_03_input.wav,profile_18_33/mix_03_q1.3m.wav
18,33,60,2,3.731622;3.762699,1.4,0,0,,true,0.00579379718,-44.740734,9.87728245e-07,-120.107242,-75.366508,0.096986,6.63634817e-05,profile_18_33/mix_03_input.wav,profile_18_33/mix_03_q1.4m.wav
18,33,60,2,3.731622;3.762699,1.5,0,0,,true,0.00579379718,-44.740734,9.99323806e-07,-120.005867,-75.265132,0.101375,6.59899591e-05,profile_18_33/mix_03_input.wav,profile_18_33/mix_03_q1.5m.wav
18,33,60,2,3.731622;3.762699,1.6,0,0,,true,0.00579379718,-44.740734,1.00826029e-06,-119.928538,-75.187804,0.077329,6.61116264e-05,profile_18_33/mix_03_input.wav,profile_18_33/mix_03_q1.6m.wav
18,33,60,2,3.731622;3.762699,1.7,0,0,,true,0.00579379718,-44.740734,1.0218745e-06,-119.812040,-75.071306,0.116498,6.58349833e-05,profile_18_33/mix_03_input.wav,profile_18_33/mix_03_q1.7m.wav
18,33,60,2,3.731622;3.762699,1.8,0,0,,true,0.00579379718,-44.740734,1.03198656e-06,-119.726511,-74.985777,0.085529,6.61846846e-05,profile_18_33/mix_03_input.wav,profile_18_33/mix_03_q1.8m.wav
18,33,60,2,3.731622;3.762699,1.9,0,0,,true,0.00579379718,-44.740734,1.04620873e-06,-119.607625,-74.866891,0.118886,6.69392255e-05,profile_18_33/mix_03_input.wav,profile_18_33/mix_03_q1.9m.wav
18,33,60,2,3.731622;3.762699,2.0,0,0,,true,0.00579379718,-44.740734,1.063265e-06,-119.467161,-74.726427,0.140463,6.67787505e-05,profile_18_33/mix_03_input.wav,profile_18_33/mix_03_q2m.wav
18,33,60,2,3.731622;3.762699,2.1,0,0,,true,0.00579379718,-44.740734,1.0869039e-06,-119.276169,-74.535435,0.190992,6.74561272e-05,profile_18_33/mix_03_input.wav,profile_18_33/mix_03_q2.1m.wav
18,33,60,2,3.731622;3.762699,2.2,0,0,,true,0.00579379718,-44.740734,1.10720076e-06,-119.115465,-74.374730,0.160704,6.73278866e-05,profile_18_33/mix_03_input.wav,profile_18_33/mix_03_q2.2m.wav
18,33,60,2,3.731622;3.762699,2.3,0,0,,true,0.00579379718,-44.740734,1.13123402e-06,-118.928943,-74.188209,0.186521,6.78096303e-05,profile_18_33/mix_03_input.wav,profile_18_33/mix_03_q2.3m.wav
18,33,60,2,3.731622;3.762699,2.4,0,0,,true,0.00579379718,-44.740734,1.16072954e-06,-118.705372,-73.964638,0.223571,6.8118596e-05,profile_18_33/mix_03_input.wav,profile_18_33/mix_03_q2.4m.wav
18,33,60,2,3.731622;3.762699,2.5,0,0,,true,0.00579379718,-44.740734,1.18771764e-06,-118.505729,-73.764994,0.199643,6.8671004e-05,profile_18_33/mix_03_input.wav,profile_18_33/mix_03_q2.5m.wav
18,33,60,2,3.731622;3.762699,2.6,0,0,,true,0.00579379718,-44.740734,1.21781169e-06,-118.288390,-73.547656,0.217338,6.84074538e-05,profile_18_33/mix_03_input.wav,profile_18_33/mix_03_q2.6m.wav
18,33,60,2,3.731622;3.762699,2.7,0,0,,true,0.00579379718,-44.740734,1.25571117e-06,-118.022198,-73.281464,0.266192,6.94743501e-05,profile_18_33/mix_03_input.wav,profile_18_33/mix_03_q2.7m.wav
18,33,60,2,3.731622;3.762699,2.8,0,0,,true,0.00579379718,-44.740734,1.29747666e-06,-117.738002,-72.997268,0.284196,7.05966839e-05,profile_18_33/mix_03_input.wav,profile_18_33/mix_03_q2.8m.wav
18,33,60,2,3.731622;3.762699,2.9,0,0,,true,0.00579379718,-44.740734,1.34744479e-06,-117.409774,-72.669040,0.328228,7.11823172e-05,profile_18_33/mix_03_input.wav,profile_18_33/mix_03_q2.9m.wav
18,33,60,2,3.731622;3.762699,3.0,0,0,,true,0.00579379718,-44.740734,1.40030352e-06,-117.075550,-72.334816,0.334224,7.1889289e-05,profile_18_33/mix_03_input.wav,profile_18_33/mix_03_q3m.wav
18,33,60,2,3.731622;3.762699,3.1,0,0,,true,0.00579379718,-44.740734,1.4681771e-06,-116.664425,-71.923691,0.411125,7.33869016e-05,profile_18_33/mix_03_input.wav,profile_18_33/mix_03_q3.1m.wav
18,33,60,2,3.731622;3.762699,3.2,0,0,,true,0.00579379718,-44.740734,1.57816944e-06,-116.036922,-71.296188,0.627503,7.81049773e-05,profile_18_33/mix_03_input.wav,profile_18_33/mix_03_q3.2m.wav
18,33,60,2,3.731622;3.762699,3.3,0,0,,true,0.00579379718,-44.740734,1.75899098e-06,-115.094723,-70.353989,0.942199,8.4860952e-05,profile_18_33/mix_03_input.wav,profile_18_33/mix_03_q3.3m.wav
18,33,60,2,3.731622;3.762699,3.4,0,0,,true,0.00579379718,-44.740734,2.19586915e-06,-113.167867,-68.427133,1.926856,0.000102965312,profile_18_33/mix_03_input.wav,profile_18_33/mix_03_q3.4m.wav
18,33,60,2,3.731622;3.762699,3.5,0,0,,true,0.00579379718,-44.740734,6.96530329e-06,-103.141198,-58.400464,10.026669,0.000255499486,profile_18_33/mix_03_input.wav,profile_18_33/mix_03_q3.5m.wav
18,33,60,2,3.731622;3.762699,3.6,0,0,,true,0.00579379718,-44.740734,6.33246146e-05,-83.968549,-39.227815,19.172649,0.00170436198,profile_18_33/mix_03_input.wav,profile_18_33/mix_03_q3.6m.wav
18,33,60,2,3.731622;3.762699,3.7,0,0,,true,0.00579379718,-44.740734,0.000351043445,-69.092783,-24.352048,14.875766,0.0168014258,profile_18_33/mix_03_input.wav,profile_18_33/mix_03_q3.7m.wav
18,33,60,2,3.731622;3.762699,3.8,2,2,3.731622;3.762699,false,0.00579379718,-44.740734,0.000949539865,-60.449736,-15.709002,8.643047,0.0656716605,profile_18_33/mix_03_input.wav,profile_18_33/mix_03_q3.8m.wav
18,33,60,2,3.731622;3.762699,3.9,2,0,,true,0.00579379718,-44.740734,0.00197737282,-54.078229,-9.337495,6.371507,0.143413836,profile_18_33/mix_03_input.wav,profile_18_33/mix_03_q3.9m.wav
18,33,60,2,3.731622;3.762699,4.0,2,0,,true,0.00579379718,-44.740734,0.00290551094,-50.735550,-5.994815,3.342679,0.135866588,profile_18_33/mix_03_input.wav,profile_18_33/mix_03_q4m.wav
19,34,61,2,3.814612;4.360290,0.0,0,,,,0.00331388742,-49.593245,4.91496509e-07,-126.169574,-76.576329,,,profile_19_34/mix_03_input.wav,profile_19_34/mix_03_q0m.wav
19,34,61,2,3.814612;4.360290,0.1,0,0,,true,0.00331388742,-49.593245,3.38821152e-07,-129.400564,-79.807319,-3.230990,0.000112504344,profile_19_34/mix_03_input.wav,profile_19_34/mix_03_q0.1m.wav
19,34,61,2,3.814612;4.360290,0.2,0,0,,true,0.00331388742,-49.593245,3.96911025e-07,-128.026115,-78.432870,1.374449,0.00010187911,profile_19_34/mix_03_input.wav,profile_19_34/mix_03_q0.2m.wav
19,34,61,2,3.814612;4.360290,0.3,0,0,,true,0.00331388742,-49.593245,4.92442348e-07,-126.152874,-76.559630,1.873240,0.000115051046,profile_19_34/mix_03_input.wav,profile_19_34/mix_03_q0.3m.wav
19,34,61,2,3.814612;4.360290,0.4,0,0,,true,0.00331388742,-49.593245,5.66441823e-07,-124.936878,-75.343633,1.215996,0.000112250864,profile_19_34/mix_03_input.wav,profile_19_34/mix_03_q0.4m.wav
19,34,61,2,3.814612;4.360290,0.5,0,0,,true,0.00331388742,-49.593245,5.99334138e-07,-124.446605,-74.853360,0.490273,8.25162018e-05,profile_19_34/mix_03_input.wav,profile_19_34/mix_03_q0.5m.wav
19,34,61,2,3.814612;4.360290,0.6,0,0,,true,0.00331388742,-49.593245,6.1516531e-07,-124.220149,-74.626904,0.226456,7.60057028e-05,profile_19_34/mix_03_input.wav,profile_19_34/mix_03_q0.6m.wav
19,34,61,2,3.814612;4.360290,0.7,0,0,,true,0.00331388742,-49.593245,6.35868587e-07,-123.932639,-74.339394,0.287510,7.36530276e-05,profile_19_34/mix_03_input.wav,profile_19_34/mix_03_q0.7m.wav
19,34,61,2,3.814612;4.360290,0.8,0,0,,true,0.00331388742,-49.593245,6.50876348e-07,-123.730017,-74.136772,0.202622,7.1900003e-05,profile_19_34/mix_03_input.wav,profile_19_34/mix_03_q0.8m.wav
19,34,61,2,3.814612;4.360290,0.9,0,0,,true,0.00331388742,-49.593245,6.59721587e-07,-123.612773,-74.019528,0.117244,7.20463489e-05,profile_19_34/mix_03_input.wav,profile_19_34/mix_03_q0.9m.wav
19,34,61,2,3.814612;4.360290,1.0,0,0,,true,0.00331388742,-49.593245,6.73618689e-07,-123.431705,-73.838460,0.181068,7.10707454e-05,profile_19_34/mix_03_input.wav,profile_19_34/mix_03_q1m.wav
19,34,61,2,3.814612;4.360290,1.1,0,0,,true,0.00331388742,-49.593245,6.86106512e-07,-123.272157,-73.678912,0.159548,7.03512203e-05,profile_19_34/mix_03_input.wav,profile_19_34/mix_03_q1.1m.wav
19,34,61,2,3.814612;4.360290,1.2,0,0,,true,0.00331388742,-49.593245,6.98431169e-07,-123.117515,-73.524270,0.154641,6.97010367e-05,profile_19_34/mix_03_input.wav,profile_19_34/mix_03_q1.2m.wav
19,34,61,2,3.814612;4.360290,1.3,0,0,,true,0.00331388742,-49.593245,7.09707064e-07,-122.978405,-73.385160,0.139110,6.95248958e-05,profile_19_34/mix_03_input.wav,profile_19_34/mix_03_q1.3m.wav
19,34,61,2,3.814612;4.360290,1.4,0,0,,true,0.00331388742,-49.593245,7.16999604e-07,-122.889610,-73.296365,0.088796,6.84133111e-05,profile_19_34/mix_03_input.wav,profile_19_34/mix_03_q1.4m.wav
19,34,61,2,3.814612;4.360290,1.5,0,0,,true,0.00331388742,-49.593245,7.22038278e-07,-122.828784,-73.235539,0.060826,6.73432927e-05,profile_19_34/mix_03_input.wav,profile_19_34/mix_03_q1.5m.wav
19,34,61,2,3.814612;4.360290,1.6,0,0,,true,0.00331388742,-49.593245,7.28390884e-07,-122.752698,-73.159453,0.076086,6.76853811e-05,profile_19_34/mix_03_input.wav,profile_19_34/mix_03_q1.6m.wav
19,34,61,2,3.814612;4.360290,1.7,0,0,,true,0.00331388742,-49.593245,7.31666836e-07,-122.713721,-73.120476,0.038977,6.75888306e-05,profile_19_34/mix_03_input.wav,profile_19_34/mix_03_q1.7m.wav
19,34,61,2,3.814612;4.360290,1.8,0,0,,true,0.00331388742,-49.593245,7.38012116e-07,-122.638718,-73.045473,0.075002,6.72711639e-05,profile_19_34/mix_03_input.wav,profile_19_34/mix_03_q1.8m.wav
19,34,61,2,3.814612;4.360290,1.9,0,0,,true,0.00331388742,-49.593245,7.43456699e-07,-122.574875,-72.981630,0.063844,6.7171037e-05,profile_19_34/mix_03_input.wav,profile_19_34/mix_03_q1.9m.wav
19,34,61,2,3.814612;4.360290,2.0,0,0,,true,0.00331388742,-49.593245,7.49874372e-07,-122.500218,-72.906973,0.074657,6.80235629e-05,profile_19_34/mix_03_input.wav,profile_19_34/mix_03_q2m.wav
19,34,61,2,3.814612;4.360290,2.1,0,0,,true,0.00331388742,-49.593245,7.5381839e-07,-122.454654,-72.861409,0.045564,7.01100135e-05,profile_19_34/mix_03_input.wav,profile_19_34/mix_03_q2.1m.wav
19,34,61,2,3.814612;4.360290,2.2,0,0,,true,0.00331388742,-49.593245,7.8177604e-07,-122.138342,-72.545097,0.316312,7.06070801e-05,profile_19_34/mix_03_input.wav,profile_19_34/mix_03_q2.2m.wav
19,34,61,2,3.814612;4.360290,2.3,0,0,,true,0.00331388742,-49.593245,7.94565839e-07,-121.997391,-72.404146,0.140950,6.90631303e-05,profile_19_34/mix_03_input.wav,profile_19_34/mix_03_q2.3m.wav
19,34,61,2,3.814612;4.360290,2.4,0,0,,true,0.00331388742,-49.593245,8.12163544e-07,-121.807119,-72.213875,0.190272,7.126527e-05,profile_19_34/mix_03_input.wav,profile_19_34/mix_03_q2.4m.wav
19,34,61,2,3.814612;4.360290,2.5,0,0,,true,0.00331388742,-49.593245,8.26218228e-07,-121.658094,-72.064849,0.149025,7.06067757e-05,profile_19_34/mix_03_input.wav,profile_19_34/mix_03_q2.5m.wav
19,34,61,2,3.814612;4.360290,2.6,0,0,,true,0.00331388742,-49.593245,8.3946311e-07,-121.519957,-71.926712,0.138137,7.14099649e-05,profile_19_34/mix_03_input.wav,profile_19_34/mix_03_q2.6m.wav
19,34,61,2,3.814612;4.360290,2.7,0,0,,true,0.00331388742,-49.593245,8.54129938e-07,-121.369511,-71.776266,0.150446,7.20900722e-05,profile_19_34/mix_03_input.wav,profile_19_34/mix_03_q2.7m.wav
19,34,61,2,3.814612;4.360290,2.8,0,0,,true,0.00331388742,-49.593245,8.69465075e-07,-121.214947,-71.621702,0.154564,7.24620112e-05,profile_19_34/mix_03_input.wav,profile_19_34/mix_03_q2.8m.wav
19,34,61,2,3.814612;4.360290,2.9,0,0,,true,0.00331388742,-49.593245,8.90460054e-07,-121.007701,-71.414456,0.207246,7.27001305e-05,profile_19_34/mix_03_input.wav,profile_19_34/mix_03_q2.9m.wav
19,34,61,2,3.814612;4.360290,3.0,0,0,,true,0.00331388742,-49.593245,9.13608638e-07,-120.784787,-71.191542,0.222915,7.51189652e-05,profile_19_34/mix_03_input.wav,profile_19_34/mix_03_q3m.wav
19,34,61,2,3.814612;4.360290,3.1,0,0,,true,0.00331388742,-49.593245,9.45341389e-07,-120.488217,-70.894972,0.296569,7.70094675e-05,profile_19_34/mix_03_input.wav,profile_19_34/mix_03_q3.1m.wav
19,34,61,2,3.814612;4.360290,3.2,0,0,,true,0.00331388742,-49.593245,9.84012636e-07,-120.139978,-70.546733,0.348240,8.24241069e-05,profile_19_34/mix_03_input.wav,profile_19_34/mix_03_q3.2m.wav
19,34,61,2,3.814612;4.360290,3.3,0,0,,true,0.00331388742,-49.593245,1.05564306e-06,-119.529650,-69.936405,0.610328,9.15354263e-05,profile_19_34/mix_03_input.wav,profile_19_34/mix_03_q3.3m.wav
19,34,61,2,3.814612;4.360290,3.4,0,0,,true,0.00331388742,-49.593245,1.17975891e-06,-118.564127,-68.970882,0.965523,0.000100559514,profile_19_34/mix_03_input.wav,profile_19_34/mix_03_q3.4m.wav
19,34,61,2,3.814612;4.360290,3.5,0,0,,true,0.00331388742,-49.593245,2.60959607e-06,-111.668531,-62.075286,6.895596,0.00021682668,profile_19_34/mix_03_input.wav,profile_19_34/mix_03_q3.5m.wav
19,34,61,2,3.814612;4.360290,3.6,0,0,,true,0.00331388742,-49.593245,1.79266253e-05,-94.930029,-45.336784,16.738502,0.000852226956,profile_19_34/mix_03_input.wav,profile_19_34/mix_03_q3.6m.wav
19,34,61,2,3.814612;4.360290,3.7,0,0,,true,0.00331388742,-49.593245,8.71253375e-05,-81.197110,-31.603865,13.732918,0.00683331326,profile_19_34/mix_03_input.wav,profile_19_34/mix_03_q3.7m.wav
19,34,61,2,3.814612;4.360290,3.8,0,0,,true,0.00331388742,-49.593245,0.000279342508,-71.077259,-21.484014,10.119851,0.0265694338,profile_19_34/mix_03_input.wav,profile_19_34/mix_03_q3.8m.wav
19,34,61,2,3.814612;4.360290,3.9,1,1,3.814612,false,0.00331388742,-49.593245,0.00139419299,-57.113542,-7.520297,13.963717,0.216522227,profile_19_34/mix_03_input.wav,profile_19_34/mix_03_q3.9m.wav
19,34,61,2,3.814612;4.360290,4.0,1,0,,true,0.00331388742,-49.593245,0.00231294022,-52.716712,-3.123467,4.396830,0.217804121,profile_19_34/mix_03_input.wav,profile_19_34/mix_03_q4m.wav
20,44,62,2,4.201300;4.581092,0.0,0,,,,0.00263685861,-51.578263,3.19688892e-07,-129.905422,-78.327159,,,profile_20_44/mix_03_input.wav,profile_20_44/mix_03_q0m.wav
20,44,62,2,4.201300;4.581092,0.1,0,0,,true,0.00263685861,-51.578263,2.29104127e-07,-132.799304,-81.221041,-2.893882,9.35480654e-05,profile_20_44/mix_03_input.wav,profile_20_44/mix_03_q0.1m.wav
20,44,62,2,4.201300;4.581092,0.2,0,0,,true,0.00263685861,-51.578263,2.68892235e-07,-131.408402,-79.830139,1.390901,8.57542957e-05,profile_20_44/mix_03_input.wav,profile_20_44/mix_03_q0.2m.wav
20,44,62,2,4.201300;4.581092,0.3,0,0,,true,0.00263685861,-51.578263,3.28844013e-07,-129.660175,-78.081912,1.748228,0.000101559666,profile_20_44/mix_03_input.wav,profile_20_44/mix_03_q0.3m.wav
20,44,62,2,4.201300;4.581092,0.4,0,0,,true,0.00263685861,-51.578263,3.90373542e-07,-128.170370,-76.592107,1.489805,9.53129141e-05,profile_20_44/mix_03_input.wav,profile_20_44/mix_03_q0.4m.wav
20,44,62,2,4.201300;4.581092,0.5,0,0,,true,0.00263685861,-51.578263,5.76752589e-07,-124.780194,-73.201931,3.390176,8.16492298e-05,profile_20_44/mix_03_input.wav,profile_20_44/mix_03_q0.5m.wav
20,44,62,2,4.201300;4.581092,0.6,0,0,,true,0.00263685861,-51.578263,6.58622162e-07,-123.627260,-72.048997,1.152934,6.78885702e-05,profile_20_44/mix_03_input.wav,profile_20_44/mix_03_q0.6m.wav
20,44,62,2,4.201300;4.581092,0.7,0,0,,true,0.00263685861,-51.578263,6.82001011e-07,-123.324287,-71.746024,0.302973,6.18097927e-05,profile_20_44/mix_03_input.wav,profile_20_44/mix_03_q0.7m.wav
20,44,62,2,4.201300;4.581092,0.8,0,0,,true,0.00263685861,-51.578263,7.08637809e-07,-122.991501,-71.413238,0.332786,6.16844481e-05,profile_20_44/mix_03_input.wav,profile_20_44/mix_03_q0.8m.wav
20,44,62,2,4.201300;4.581092,0.9,0,0,,true,0.00263685861,-51.578263,7.54742792e-07,-122.444009,-70.865746,0.547492,6.10568466e-05,profile_20_44/mix_03_input.wav,profile_20_44/mix_03_q0.9m.wav
20,44,62,2,4.201300;4.581092,1.0,0,0,,true,0.00263685861,-51.578263,8.0301842e-07,-121.905479,-70.327216,0.538530,5.97170798e-05,profile_20_44/mix_03_input.wav,profile_20_44/mix_03_q1m.wav
20,44,62,2,4.201300;4.581092,1.1,0,0,,true,0.00263685861,-51.578263,8.39592352e-07,-121.518620,-69.940357,0.386859,5.80366707e-05,profile_20_44/mix_03_input.wav,profile_20_44/mix_03_q1.1m.wav
20,44,62,2,4.201300;4.581092,1.2,0,0,,true,0.00263685861,-51.578263,8.70501747e-07,-121.204597,-69.626334,0.314023,5.69441656e-05,profile_20_44/mix_03_input.wav,profile_20_44/mix_03_q1.2m.wav
20,44,62,2,4.201300;4.581092,1.3,0,0,,true,0.00263685861,-51.578263,8.97465902e-07,-120.939631,-69.361368,0.264966,5.63397866e-05,profile_20_44/mix_03_input.wav,profile_20_44/mix_03_q1.3m.wav
20,44,62,2,4.201300;4.581092,1.4,0,0,,true,0.00263685861,-51.578263,9.17625565e-07,-120.746680,-69.168417,0.192951,5.57832162e-05,profile_20_44/mix_03_input.wav,profile_20_44/mix_03_q1.4m.wav
20,44,62,2,4.201300;4.581092,1.5,0,0,,true,0.00263685861,-51.578263,9.32278595e-07,-120.609076,-69.030813,0.137604,5.51744449e-05,profile_20_44/mix_03_input.wav,profile_20_44/mix_03_q1.5m.wav
20,44,62,2,4.201300;4.581092,1.6,0,0,,true,0.00263685861,-51.578263,9.40939636e-07,-120.528756,-68.950492,0.080321,5.52319327e-05,profile_20_44/mix_03_input.wav,profile_20_44/mix_03_q1.6m.wav
20,44,62,2,4.201300;4.581092,1.7,0,0,,true,0.00263685861,-51.578263,9.48544816e-07,-120.458834,-68.880571,0.069922,5.49517369e-05,profile_20_44/mix_03_input.wav,profile_20_44/mix_03_q1.7m.wav
20,44,62,2,4.201300;4.581092,1.8,0,0,,true,0.00263685861,-51.578263,9.53040295e-07,-120.417766,-68.839502,0.041068,5.5265826e-05,profile_20_44/mix_03_input.wav,profile_20_44/mix_03_q1.8m.wav
20,44,62,2,4.201300;4.581092,1.9,0,0,,true,0.00263685861,-51.578263,9.54904449e-07,-120.400793,-68.822529,0.016973,5.46766719e-05,profile_20_44/mix_03_input.wav,profile_20_44/mix_03_q1.9m.wav
20,44,62,2,4.201300;4.581092,2.0,0,0,,true,0.00263685861,-51.578263,9.54366394e-07,-120.405688,-68.827425,-0.004896,5.51879667e-05,profile_20_44/mix_03_input.wav,profile_20_44/mix_03_q2m.wav
20,44,62,2,4.201300;4.581092,2.1,0,0,,true,0.00263685861,-51.578263,9.52137115e-07,-120.426001,-68.847738,-0.020313,5.48065758e-05,profile_20_44/mix_03_input.wav,profile_20_44/mix_03_q2.1m.wav
20,44,62,2,4.201300;4.581092,2.2,0,0,,true,0.00263685861,-51.578263,9.4904598e-07,-120.454246,-68.875983,-0.028245,5.53414004e-05,profile_20_44/mix_03_input.wav,profile_20_44/mix_03_q2.2m.wav
20,44,62,2,4.201300;4.581092,2.3,0,0,,true,0.00263685861,-51.578263,9.44705298e-07,-120.494064,-68.915801,-0.039818,5.50964292e-05,profile_20_44/mix_03_input.wav,profile_20_44/mix_03_q2.3m.wav
20,44,62,2,4.201300;4.581092,2.4,0,0,,true,0.00263685861,-51.578263,9.40704276e-07,-120.530928,-68.952665,-0.036865,5.49655983e-05,profile_20_44/mix_03_input.wav,profile_20_44/mix_03_q2.4m.wav
20,44,62,2,4.201300;4.581092,2.5,0,0,,true,0.00263685861,-51.578263,9.37689761e-07,-120.558807,-68.980544,-0.027879,5.55795379e-05,profile_20_44/mix_03_input.wav,profile_20_44/mix_03_q2.5m.wav
20,44,62,2,4.201300;4.581092,2.6,0,0,,true,0.00263685861,-51.578263,9.34434299e-07,-120.589015,-69.010752,-0.030208,5.59816021e-05,profile_20_44/mix_03_input.wav,profile_20_44/mix_03_q2.6m.wav
20,44,62,2,4.201300;4.581092,2.7,0,0,,true,0.00263685861,-51.578263,9.2707065e-07,-120.657734,-69.079471,-0.068719,5.63615378e-05,profile_20_44/mix_03_input.wav,profile_20_44/mix_03_q2.7m.wav
20,44,62,2,4.201300;4.581092,2.8,0,0,,true,0.00263685861,-51.578263,9.21913336e-07,-120.706189,-69.127925,-0.048455,5.64022164e-05,profile_20_44/mix_03_input.wav,profile_20_44/mix_03_q2.8m.wav
20,44,62,2,4.201300;4.581092,2.9,0,0,,true,0.00263685861,-51.578263,9.19157888e-07,-120.732188,-69.153925,-0.026000,5.62771682e-05,profile_20_44/mix_03_input.wav,profile_20_44/mix_03_q2.9m.wav
20,44,62,2,4.201300;4.581092,3.0,0,0,,true,0.00263685861,-51.578263,9.15298575e-07,-120.768735,-69.190472,-0.036547,5.66795126e-05,profile_20_44/mix_03_input.wav,profile_20_44/mix_03_q3m.wav
20,44,62,2,4.201300;4.581092,3.1,0,0,,true,0.00263685861,-51.578263,9.11007722e-07,-120.809549,-69.231286,-0.040815,5.6611381e-05,profile_20_44/mix_03_input.wav,profile_20_44/mix_03_q3.1m.wav
20,44,62,2,4.201300;4.581092,3.2,0,0,,true,0.00263685861,-51.578263,9.08907959e-07,-120.829592,-69.251329,-0.020043,5.65343246e-05,profile_20_44/mix_03_input.wav,profile_20_44/mix_03_q3.2m.wav
20,44,62,2,4.201300;4.581092,3.3,0,0,,true,0.00263685861,-51.578263,9.07113794e-07,-120.846755,-69.268492,-0.017163,5.77435299e-05,profile_20_44/mix_03_input.wav,profile_20_44/mix_03_q3.3m.wav
20,44,62,2,4.201300;4.581092,3.4,0,0,,true,0.00263685861,-51.578263,9.03125274e-07,-120.885030,-69.306767,-0.038275,5.86013197e-05,profile_20_44/mix_03_input.wav,profile_20_44/mix_03_q3.4m.wav
20,44,62,2,4.201300;4.581092,3.5,0,0,,true,0.00263685861,-51.578263,8.93258281e-07,-120.980449,-69.402186,-0.095419,6.05482734e-05,profile_20_44/mix_03_input.wav,profile_20_44/mix_03_q3.5m.wav
20,44,62,2,4.201300;4.581092,3.6,0,0,,true,0.00263685861,-51.578263,9.00101072e-07,-120.914165,-69.335902,0.066284,6.07838617e-05,profile_20_44/mix_03_input.wav,profile_20_44/mix_03_q3.6m.wav
20,44,62,2,4.201300;4.581092,3.7,0,0,,true,0.00263685861,-51.578263,9.18544269e-07,-120.737989,-69.159726,0.176176,6.41557656e-05,profile_20_44/mix_03_input.wav,profile_20_44/mix_03_q3.7m.wav
20,44,62,2,4.201300;4.581092,3.8,0,0,,true,0.00263685861,-51.578263,9.33891831e-07,-120.594059,-69.015796,0.143930,6.47527559e-05,profile_20_44/mix_03_input.wav,profile_20_44/mix_03_q3.8m.wav
20,44,62,2,4.201300;4.581092,3.9,0,0,,true,0.00263685861,-51.578263,9.48259682e-07,-120.461445,-68.883182,0.132614,7.0145032e-05,profile_20_44/mix_03_input.wav,profile_20_44/mix_03_q3.9m.wav
20,44,62,2,4.201300;4.581092,4.0,0,0,,true,0.00263685861,-51.578263,9.47701694e-07,-120.466558,-68.888295,-0.005113,6.98349579e-05,profile_20_44/mix_03_input.wav,profile_20_44/mix_03_q4m.wav
